data_hora,especialidade,status,quantidade_vagas
2026-08-30 20:18:45,CLÍNICA MÉDICA,SEM_VAGA,0
2026-08-30 20:18:50,CLÍNICA MÉDICA - HÍBRIDA,SEM_VAGA,0
2026-08-30 20:18:55,DERMATOLOGIA,SEM_VAGA,0
2026-08-30 20:19:00,GASTROCLÍNICA,SEM_VAGA,0
2026-08-30 20:19:05,NUTRIÇÃO - DIETÉTICA,SEM_VAGA,0
2026-08-30 20:19:11,ODONTOLOGIA - DENTÍSTICA,SEM_VAGA,0
2026-08-30 20:19:16,OTORRINOLARINGOLOGIA,SEM_VAGA,0
2026-08-30 20:19:21,UROLOGIA,SEM_VAGA,0
2026-08-30 20:20:51,CLÍNICA MÉDICA,SEM_VAGA,0
2026-08-30 20:20:56,CLÍNICA MÉDICA - HÍBRIDA,SEM_VAGA,0
2026-08-30 20:21:01,DERMATOLOGIA,SEM_VAGA,0
2026-08-30 20:21:06,GASTROCLÍNICA,SEM_VAGA,0
2026-08-30 20:21:11,NUTRIÇÃO - DIETÉTICA,SEM_VAGA,0
2026-08-30 20:21:16,ODONTOLOGIA - DENTÍSTICA,SEM_VAGA,0
2026-08-30 20:21:20,OTORRINOLARINGOLOGIA,SEM_VAGA,0
2026-08-30 20:21:25,ORTOPEDIA,SEM_VAGA,0
2026-08-30 20:21:30,UROLOGIA,SEM_VAGA,0
2026-08-30 20:24:18,CLÍNICA MÉDICA,SEM_VAGA,0
2026-08-30 20:39:20,CIRURGIA PLÁSTICA,SEM_VAGA,0
2026-08-30 20:39:23,CLÍNICA MÉDICA,SEM_VAGA,0
2026-08-30 20:39:26,CLÍNICA MÉDICA - HÍBRIDA,SEM_VAGA,0
2026-08-30 20:39:30,DERMATOLOGIA,SEM_VAGA,0
2026-08-30 20:39:33,GASTROCLÍNICA,SEM_VAGA,0
2026-08-30 20:39:37,NUTRIÇÃO - DIETÉTICA,SEM_VAGA,0
2026-08-30 20:39:40,ODONTOLOGIA - DENTÍSTICA,SEM_VAGA,0
2026-08-30 20:39:44,ORTOPEDIA,SEM_VAGA,0
2026-08-30 20:39:47,OTORRINOLARINGOLOGIA,SEM_VAGA,0
2026-08-30 20:39:51,UROLOGIA,SEM_VAGA,0
2026-08-30 20:44:59,CIRURGIA PLÁSTICA,SEM_VAGA,0
2026-08-30 20:45:03,CLÍNICA MÉDICA,SEM_VAGA,0
2026-08-30 20:45:06,CLÍNICA MÉDICA - HÍBRIDA,SEM_VAGA,0
2026-08-30 20:45:10,DERMATOLOGIA,SEM_VAGA,0
2026-08-30 20:45:13,GASTROCLÍNICA,SEM_VAGA,0
2026-08-30 20:45:17,NUTRIÇÃO - DIETÉTICA,SEM_VAGA,0
2026-08-30 20:45:20,ODONTOLOGIA - DENTÍSTICA,SEM_VAGA,0
2026-08-30 20:45:24,ORTOPEDIA,SEM_VAGA,0
2026-08-30 20:45:30,OTORRINOLARINGOLOGIA,SEM_VAGA,0
2026-08-30 20:45:33,UROLOGIA,SEM_VAGA,0
2026-08-30 21:06:51,CIRURGIA PLÁSTICA,SEM_VAGA,0
2026-08-30 21:06:55,CLÍNICA MÉDICA,SEM_VAGA,0
2026-08-30 21:06:58,CLÍNICA MÉDICA - HÍBRIDA,SEM_VAGA,0
2026-08-30 21:07:02,DERMATOLOGIA,SEM_VAGA,0
2026-08-30 21:07:05,GASTROCLÍNICA,SEM_VAGA,0
2026-08-30 21:07:09,NUTRIÇÃO - DIETÉTICA,SEM_VAGA,0
2026-08-30 21:07:12,ODONTOLOGIA - DENTÍSTICA,SEM_VAGA,0
2026-08-30 21:07:16,ORTOPEDIA,SEM_VAGA,0
2026-08-30 21:07:19,OTORRINOLARINGOLOGIA,SEM_VAGA,0
2026-08-30 21:07:22,UROLOGIA,SEM_VAGA,0
2026-08-31 21:45:40,CIRURGIA PLÁSTICA,SEM_VAGA,0
2026-08-31 21:45:44,CLÍNICA MÉDICA,SEM_VAGA,0
2026-08-31 21:45:48,CLÍNICA MÉDICA - HÍBRIDA,SEM_VAGA,0
2026-08-31 21:45:51,DERMATOLOGIA,SEM_VAGA,0
2026-08-31 21:45:55,GASTROCLÍNICA,SEM_VAGA,0
2026-08-31 21:45:59,NUTRIÇÃO - DIETÉTICA,SEM_VAGA,0
2026-08-31 21:46:03,ODONTOLOGIA - DENTÍSTICA,SEM_VAGA,0
2026-08-31 21:46:07,ORTOPEDIA,SEM_VAGA,0
2026-08-31 21:46:11,OTORRINOLARINGOLOGIA,SEM_VAGA,0
2026-08-31 21:46:15,UROLOGIA,SEM_VAGA,0
2026-09-01T02:16:46,CIRURGIA PLÁSTICA,SEM_VAGA,0
2026-09-01T02:16:50,CLÍNICA MÉDICA,SEM_VAGA,0
2026-09-01T02:16:52,CLÍNICA MÉDICA - HÍBRIDA,SEM_VAGA,0
2026-09-01T02:16:56,DERMATOLOGIA,SEM_VAGA,0
2026-09-01T02:16:59,GASTROCLÍNICA,SEM_VAGA,0
2026-09-01T02:17:02,NUTRIÇÃO - DIETÉTICA,SEM_VAGA,0
2026-09-01T02:17:05,ODONTOLOGIA - DENTÍSTICA,SEM_VAGA,0
2026-09-01T02:17:08,ORTOPEDIA,SEM_VAGA,0
2026-09-01T02:17:12,OTORRINOLARINGOLOGIA,SEM_VAGA,0
2026-09-01T02:17:15,UROLOGIA,SEM_VAGA,0
2026-09-01T02:27:43,CIRURGIA PLÁSTICA,SEM_VAGA,0
2026-09-01T02:27:46,CLÍNICA MÉDICA,SEM_VAGA,0
2026-09-01T02:27:51,CLÍNICA MÉDICA - HÍBRIDA,SEM_VAGA,0
2026-09-01T02:27:54,DERMATOLOGIA,SEM_VAGA,0
2026-09-01T02:27:57,GASTROCLÍNICA,SEM_VAGA,0
2026-09-01T02:28:00,NUTRIÇÃO - DIETÉTICA,SEM_VAGA,0
2026-09-01T02:28:03,ODONTOLOGIA - DENTÍSTICA,SEM_VAGA,0
2026-09-01T02:28:07,ORTOPEDIA,SEM_VAGA,0
2026-09-01T02:28:10,OTORRINOLARINGOLOGIA,SEM_VAGA,0
2026-09-01T02:28:13,UROLOGIA,SEM_VAGA,0
2026-09-01T02:29:30,ACUPUNTURA,SEM_VAGA,0
2026-09-01T02:29:34,CIRURGIA PLÁSTICA,SEM_VAGA,0
2026-09-01T02:29:38,CLÍNICA MÉDICA,SEM_VAGA,0
2026-09-01T02:29:42,CLÍNICA MÉDICA - HÍBRIDA,SEM_VAGA,0
2026-09-01T02:29:46,DERMATOLOGIA,SEM_VAGA,0
2026-09-01T02:29:51,FISIOTERAPIA MEMBROS SUPERIORES,SEM_VAGA,0
2026-09-01T02:29:55,GASTROCLÍNICA,SEM_VAGA,0
2026-09-01T02:29:58,NUTRIÇÃO - DIETÉTICA,SEM_VAGA,0
2026-09-01T02:30:02,ODONTOLOGIA - DENTÍSTICA,SEM_VAGA,0
2026-09-01T02:30:05,ORTOPEDIA,SEM_VAGA,0
2026-09-01T02:30:08,OTORRINOLARINGOLOGIA,SEM_VAGA,0
2026-09-01T02:30:12,PROCTOLOGIA,SEM_VAGA,0
2026-09-01T02:30:15,UROLOGIA,SEM_VAGA,0
2026-09-01T02:35:23,ACUPUNTURA,SEM_VAGA,0
2026-09-01T02:35:27,CIRURGIA PLÁSTICA,SEM_VAGA,0
2026-09-01T02:35:34,CLÍNICA MÉDICA,VAGA_ENCONTRADA,
2026-09-01T02:35:50,CLÍNICA MÉDICA - HÍBRIDA,SEM_VAGA,0
2026-09-01T02:35:53,DERMATOLOGIA,SEM_VAGA,0
2026-09-01T02:35:56,FISIOTERAPIA MEMBROS SUPERIORES,SEM_VAGA,0
2026-09-01T02:35:59,GASTROCLÍNICA,SEM_VAGA,0
2026-09-01T02:36:02,NUTRIÇÃO - DIETÉTICA,SEM_VAGA,0
2026-09-01T02:36:05,ODONTOLOGIA - DENTÍSTICA,SEM_VAGA,0
2026-09-01T02:36:08,ORTOPEDIA,SEM_VAGA,0
2026-09-01T02:36:12,OTORRINOLARINGOLOGIA,SEM_VAGA,0
2026-09-01T02:36:15,PROCTOLOGIA,SEM_VAGA,0
2026-09-01T02:36:18,UROLOGIA,SEM_VAGA,0
2026-09-01T02:41:26,ACUPUNTURA,SEM_VAGA,0
2026-09-01T02:41:29,CIRURGIA PLÁSTICA,SEM_VAGA,0
2026-09-01T02:41:32,CLÍNICA MÉDICA,SEM_VAGA,0
2026-09-01T02:41:35,CLÍNICA MÉDICA - HÍBRIDA,SEM_VAGA,0
2026-09-01T02:41:38,DERMATOLOGIA,SEM_VAGA,0
2026-09-01T02:41:41,FISIOTERAPIA MEMBROS SUPERIORES,SEM_VAGA,0
2026-09-01T02:41:45,GASTROCLÍNICA,SEM_VAGA,0
2026-09-01T02:41:48,NUTRIÇÃO - DIETÉTICA,SEM_VAGA,0
2026-09-01T02:41:51,ODONTOLOGIA - DENTÍSTICA,SEM_VAGA,0
2026-09-01T02:41:54,ORTOPEDIA,SEM_VAGA,0
2026-09-01T02:41:57,OTORRINOLARINGOLOGIA,SEM_VAGA,0
2026-09-01T02:42:00,PROCTOLOGIA,SEM_VAGA,0
2026-09-01T02:42:03,UROLOGIA,SEM_VAGA,0
2026-09-01T10:56:20,ACUPUNTURA,SEM_VAGA,0
2026-09-01T10:56:24,CIRURGIA PLÁSTICA,SEM_VAGA,0
2026-09-01T10:56:27,CLÍNICA MÉDICA,SEM_VAGA,0
2026-09-01T10:56:30,CLÍNICA MÉDICA - HÍBRIDA,SEM_VAGA,0
2026-09-01T10:56:33,DERMATOLOGIA,SEM_VAGA,0
2026-09-01T10:56:36,FISIOTERAPIA MEMBROS SUPERIORES,SEM_VAGA,0
2026-09-01T10:56:39,GASTROCLÍNICA,SEM_VAGA,0
2026-09-01T10:56:43,NUTRIÇÃO - DIETÉTICA,SEM_VAGA,0
2026-09-01T10:56:46,ODONTOLOGIA - DENTÍSTICA,SEM_VAGA,0
2026-09-01T10:56:49,ORTOPEDIA,SEM_VAGA,0
2026-09-01T10:56:52,OTORRINOLARINGOLOGIA,SEM_VAGA,0
2026-09-01T10:56:56,PROCTOLOGIA,SEM_VAGA,0
2026-09-01T10:57:03,UROLOGIA,VAGA_ENCONTRADA,
2026-09-01T11:02:15,ACUPUNTURA,SEM_VAGA,0
2026-09-01T11:02:18,CIRURGIA PLÁSTICA,SEM_VAGA,0
2026-09-01T11:02:21,CLÍNICA MÉDICA,SEM_VAGA,0
2026-09-01T11:02:24,CLÍNICA MÉDICA - HÍBRIDA,SEM_VAGA,0
2026-09-01T11:02:27,DERMATOLOGIA,SEM_VAGA,0
2026-09-01T11:02:31,FISIOTERAPIA MEMBROS SUPERIORES,SEM_VAGA,0
2026-09-01T11:02:34,GASTROCLÍNICA,SEM_VAGA,0
2026-09-01T11:02:37,NUTRIÇÃO - DIETÉTICA,SEM_VAGA,0
2026-09-01T11:02:41,ODONTOLOGIA - DENTÍSTICA,SEM_VAGA,0
2026-09-01T11:02:44,ORTOPEDIA,SEM_VAGA,0
2026-09-01T11:02:47,OTORRINOLARINGOLOGIA,SEM_VAGA,0
2026-09-01T11:02:51,PROCTOLOGIA,SEM_VAGA,0
2026-09-01T11:02:58,UROLOGIA,VAGA_ENCONTRADA,
2026-09-01T11:08:09,ACUPUNTURA,SEM_VAGA,0
2026-09-01T11:08:12,CIRURGIA PLÁSTICA,SEM_VAGA,0
2026-09-01T11:08:15,CLÍNICA MÉDICA,SEM_VAGA,0
2026-09-01T11:08:19,CLÍNICA MÉDICA - HÍBRIDA,SEM_VAGA,0
2026-09-01T11:08:24,DERMATOLOGIA,SEM_VAGA,0
2026-09-01T11:08:28,FISIOTERAPIA MEMBROS SUPERIORES,SEM_VAGA,0
2026-09-01T11:08:32,GASTROCLÍNICA,SEM_VAGA,0
2026-09-01T11:08:36,NUTRIÇÃO - DIETÉTICA,SEM_VAGA,0
2026-09-01T11:08:39,ODONTOLOGIA - DENTÍSTICA,SEM_VAGA,0
2026-09-01T11:08:43,ORTOPEDIA,SEM_VAGA,0
2026-09-01T11:08:46,OTORRINOLARINGOLOGIA,SEM_VAGA,0
2026-09-01T11:08:49,PROCTOLOGIA,SEM_VAGA,0
2026-09-01T11:08:56,UROLOGIA,VAGA_ENCONTRADA,
2026-09-01T11:14:07,ACUPUNTURA,SEM_VAGA,0
2026-09-01T11:14:10,CIRURGIA PLÁSTICA,SEM_VAGA,0
2026-09-01T11:14:14,CLÍNICA MÉDICA,SEM_VAGA,0
2026-09-01T11:14:17,CLÍNICA MÉDICA - HÍBRIDA,SEM_VAGA,0
2026-09-01T11:14:20,DERMATOLOGIA,SEM_VAGA,0
2026-09-01T11:14:23,FISIOTERAPIA MEMBROS SUPERIORES,SEM_VAGA,0
2026-09-01T11:14:26,GASTROCLÍNICA,SEM_VAGA,0
2026-09-01T11:14:29,NUTRIÇÃO - DIETÉTICA,SEM_VAGA,0
2026-09-01T11:14:33,ODONTOLOGIA - DENTÍSTICA,SEM_VAGA,0
2026-09-01T11:14:36,ORTOPEDIA,SEM_VAGA,0
2026-09-01T11:14:39,OTORRINOLARINGOLOGIA,SEM_VAGA,0
2026-09-01T11:14:42,PROCTOLOGIA,SEM_VAGA,0
2026-09-01T11:14:49,UROLOGIA,VAGA_ENCONTRADA,
2026-09-01T11:20:00,ACUPUNTURA,SEM_VAGA,0
2026-09-01T11:20:04,CIRURGIA PLÁSTICA,SEM_VAGA,0
2026-09-01T11:20:07,CLÍNICA MÉDICA,SEM_VAGA,0
2026-09-01T11:20:10,CLÍNICA MÉDICA - HÍBRIDA,SEM_VAGA,0
2026-09-01T11:20:13,DERMATOLOGIA,SEM_VAGA,0
2026-09-01T11:20:16,FISIOTERAPIA MEMBROS SUPERIORES,SEM_VAGA,0
2026-09-01T11:20:21,GASTROCLÍNICA,SEM_VAGA,0
2026-09-01T11:20:24,NUTRIÇÃO - DIETÉTICA,SEM_VAGA,0
2026-09-01T11:20:27,ODONTOLOGIA - DENTÍSTICA,SEM_VAGA,0
2026-09-01T11:20:31,ORTOPEDIA,SEM_VAGA,0
2026-09-01T11:20:35,OTORRINOLARINGOLOGIA,SEM_VAGA,0
2026-09-01T11:20:40,PROCTOLOGIA,SEM_VAGA,0
2026-09-01T11:20:47,UROLOGIA,VAGA_ENCONTRADA,
2026-09-01T11:25:59,ACUPUNTURA,SEM_VAGA,0
2026-09-01T11:26:02,CIRURGIA PLÁSTICA,SEM_VAGA,0
2026-09-01T11:26:05,CLÍNICA MÉDICA,SEM_VAGA,0
2026-09-01T11:26:08,CLÍNICA MÉDICA - HÍBRIDA,SEM_VAGA,0
2026-09-01T11:26:12,DERMATOLOGIA,SEM_VAGA,0
2026-09-01T11:26:15,FISIOTERAPIA MEMBROS SUPERIORES,SEM_VAGA,0
2026-09-01T11:26:18,GASTROCLÍNICA,SEM_VAGA,0
2026-09-01T11:26:21,NUTRIÇÃO - DIETÉTICA,SEM_VAGA,0
2026-09-01T11:26:25,ODONTOLOGIA - DENTÍSTICA,SEM_VAGA,0
2026-09-01T11:26:28,ORTOPEDIA,SEM_VAGA,0
2026-09-01T11:26:31,OTORRINOLARINGOLOGIA,SEM_VAGA,0
2026-09-01T11:26:34,PROCTOLOGIA,SEM_VAGA,0
2026-09-01T11:26:41,UROLOGIA,VAGA_ENCONTRADA,
2026-09-01T12:02:10,ACUPUNTURA,SEM_VAGA,0
2026-09-01T12:02:13,CIRURGIA PLÁSTICA,SEM_VAGA,0
2026-09-01T12:02:17,CLÍNICA MÉDICA,SEM_VAGA,0
2026-09-01T12:02:20,CLÍNICA MÉDICA - HÍBRIDA,SEM_VAGA,0
2026-09-01T12:02:23,DERMATOLOGIA,SEM_VAGA,0
2026-09-01T12:02:26,FISIOTERAPIA MEMBROS SUPERIORES,SEM_VAGA,0
2026-09-01T12:02:29,GASTROCLÍNICA,SEM_VAGA,0
2026-09-01T12:02:33,NUTRIÇÃO - DIETÉTICA,SEM_VAGA,0
2026-09-01T12:02:36,ODONTOLOGIA - DENTÍSTICA,SEM_VAGA,0
2026-09-01T12:02:39,ORTOPEDIA,SEM_VAGA,0
2026-09-01T12:02:42,OTORRINOLARINGOLOGIA,SEM_VAGA,0
2026-09-01T12:02:45,PROCTOLOGIA,SEM_VAGA,0
2026-09-01T12:02:48,UROLOGIA,SEM_VAGA,0
2026-09-01T12:07:58,ACUPUNTURA,SEM_VAGA,0
2026-09-01T12:08:03,CIRURGIA PLÁSTICA,SEM_VAGA,0
2026-09-01T12:08:08,CLÍNICA MÉDICA,SEM_VAGA,0
2026-09-01T12:08:13,CLÍNICA MÉDICA - HÍBRIDA,SEM_VAGA,0
2026-09-01T12:08:18,DERMATOLOGIA,SEM_VAGA,0
2026-09-01T12:08:23,FISIOTERAPIA MEMBROS SUPERIORES,SEM_VAGA,0
2026-09-01T12:08:26,GASTROCLÍNICA,SEM_VAGA,0
2026-09-01T12:08:30,NUTRIÇÃO - DIETÉTICA,SEM_VAGA,0
2026-09-01T12:08:34,ODONTOLOGIA - DENTÍSTICA,SEM_VAGA,0
2026-09-01T12:08:37,ORTOPEDIA,SEM_VAGA,0
2026-09-01T12:08:40,OTORRINOLARINGOLOGIA,SEM_VAGA,0
2026-09-01T12:08:44,PROCTOLOGIA,SEM_VAGA,0
2026-09-01T12:08:46,UROLOGIA,SEM_VAGA,0
2026-09-01T12:13:55,ACUPUNTURA,SEM_VAGA,0
2026-09-01T12:13:59,CIRURGIA PLÁSTICA,SEM_VAGA,0
2026-09-01T12:14:03,CLÍNICA MÉDICA,SEM_VAGA,0
2026-09-01T12:14:06,CLÍNICA MÉDICA - HÍBRIDA,SEM_VAGA,0
2026-09-01T12:14:10,DERMATOLOGIA,SEM_VAGA,0
2026-09-01T12:14:14,FISIOTERAPIA MEMBROS SUPERIORES,SEM_VAGA,0
2026-09-01T12:14:20,GASTROCLÍNICA,SEM_VAGA,0
2026-09-01T12:14:24,NUTRIÇÃO - DIETÉTICA,SEM_VAGA,0
2026-09-01T12:14:29,ODONTOLOGIA - DENTÍSTICA,SEM_VAGA,0
2026-09-01T12:14:33,ORTOPEDIA,SEM_VAGA,0
2026-09-01T12:14:38,OTORRINOLARINGOLOGIA,SEM_VAGA,0
2026-09-01T12:14:42,PROCTOLOGIA,SEM_VAGA,0
2026-09-01T12:14:46,UROLOGIA,SEM_VAGA,0
2026-09-01T12:19:54,ACUPUNTURA,SEM_VAGA,0
2026-09-01T12:19:58,CIRURGIA PLÁSTICA,SEM_VAGA,0
2026-09-01T12:20:01,CLÍNICA MÉDICA,SEM_VAGA,0
2026-09-01T12:20:04,CLÍNICA MÉDICA - HÍBRIDA,SEM_VAGA,0
2026-09-01T12:20:07,DERMATOLOGIA,SEM_VAGA,0
2026-09-01T12:20:12,FISIOTERAPIA MEMBROS SUPERIORES,SEM_VAGA,0
2026-09-01T12:20:15,GASTROCLÍNICA,SEM_VAGA,0
2026-09-01T12:20:18,NUTRIÇÃO - DIETÉTICA,SEM_VAGA,0
2026-09-01T12:20:22,ODONTOLOGIA - DENTÍSTICA,SEM_VAGA,0
2026-09-01T12:20:25,ORTOPEDIA,SEM_VAGA,0
2026-09-01T12:20:28,OTORRINOLARINGOLOGIA,SEM_VAGA,0
2026-09-01T12:20:32,PROCTOLOGIA,SEM_VAGA,0
2026-09-01T12:20:35,UROLOGIA,SEM_VAGA,0
2026-09-01T12:25:44,ACUPUNTURA,SEM_VAGA,0
2026-09-01T12:25:47,CIRURGIA PLÁSTICA,SEM_VAGA,0
2026-09-01T12:25:50,CLÍNICA MÉDICA,SEM_VAGA,0
2026-09-01T12:25:53,CLÍNICA MÉDICA - HÍBRIDA,SEM_VAGA,0
2026-09-01T12:25:57,DERMATOLOGIA,SEM_VAGA,0
2026-09-01T12:26:00,FISIOTERAPIA MEMBROS SUPERIORES,SEM_VAGA,0
2026-09-01T12:26:04,GASTROCLÍNICA,SEM_VAGA,0
2026-09-01T12:26:07,NUTRIÇÃO - DIETÉTICA,SEM_VAGA,0
2026-09-01T12:26:13,ODONTOLOGIA - DENTÍSTICA,SEM_VAGA,0
2026-09-01T12:26:17,ORTOPEDIA,SEM_VAGA,0
2026-09-01T12:26:22,OTORRINOLARINGOLOGIA,SEM_VAGA,0
2026-09-01T12:26:25,PROCTOLOGIA,SEM_VAGA,0
2026-09-01T12:26:29,UROLOGIA,SEM_VAGA,0
2026-09-01T12:31:37,ACUPUNTURA,SEM_VAGA,0
2026-09-01T12:31:41,CIRURGIA PLÁSTICA,SEM_VAGA,0
2026-09-01T12:31:44,CLÍNICA MÉDICA,SEM_VAGA,0
2026-09-01T12:31:47,CLÍNICA MÉDICA - HÍBRIDA,SEM_VAGA,0
2026-09-01T12:31:50,DERMATOLOGIA,SEM_VAGA,0
2026-09-01T12:31:53,FISIOTERAPIA MEMBROS SUPERIORES,SEM_VAGA,0
2026-09-01T12:31:57,GASTROCLÍNICA,SEM_VAGA,0
2026-09-01T12:32:00,NUTRIÇÃO - DIETÉTICA,SEM_VAGA,0
2026-09-01T12:32:03,ODONTOLOGIA - DENTÍSTICA,SEM_VAGA,0
2026-09-01T12:32:07,ORTOPEDIA,SEM_VAGA,0
2026-09-01T12:32:10,OTORRINOLARINGOLOGIA,SEM_VAGA,0
2026-09-01T12:32:13,PROCTOLOGIA,SEM_VAGA,0
2026-09-01T12:32:16,UROLOGIA,SEM_VAGA,0
2026-09-01T12:37:25,ACUPUNTURA,SEM_VAGA,0
2026-09-01T12:37:28,CIRURGIA PLÁSTICA,SEM_VAGA,0
2026-09-01T12:37:31,CLÍNICA MÉDICA,SEM_VAGA,0
2026-09-01T12:37:34,CLÍNICA MÉDICA - HÍBRIDA,SEM_VAGA,0
2026-09-01T12:37:38,DERMATOLOGIA,SEM_VAGA,0
2026-09-01T12:37:41,FISIOTERAPIA MEMBROS SUPERIORES,SEM_VAGA,0
2026-09-01T12:37:45,GASTROCLÍNICA,SEM_VAGA,0
2026-09-01T12:37:48,NUTRIÇÃO - DIETÉTICA,SEM_VAGA,0
2026-09-01T12:37:51,ODONTOLOGIA - DENTÍSTICA,SEM_VAGA,0
2026-09-01T12:37:55,ORTOPEDIA,SEM_VAGA,0
2026-09-01T12:37:58,OTORRINOLARINGOLOGIA,SEM_VAGA,0
2026-09-01T12:38:01,PROCTOLOGIA,SEM_VAGA,0
2026-09-01T12:38:04,UROLOGIA,SEM_VAGA,0
2026-09-01T12:43:13,ACUPUNTURA,SEM_VAGA,0
2026-09-01T12:43:16,CIRURGIA PLÁSTICA,SEM_VAGA,0
2026-09-01T12:43:19,CLÍNICA MÉDICA,SEM_VAGA,0
2026-09-01T12:43:22,CLÍNICA MÉDICA - HÍBRIDA,SEM_VAGA,0
2026-09-01T12:43:26,DERMATOLOGIA,SEM_VAGA,0
2026-09-01T12:43:29,FISIOTERAPIA MEMBROS SUPERIORES,SEM_VAGA,0
2026-09-01T12:43:32,GASTROCLÍNICA,SEM_VAGA,0
2026-09-01T12:43:35,NUTRIÇÃO - DIETÉTICA,SEM_VAGA,0
2026-09-01T12:43:39,ODONTOLOGIA - DENTÍSTICA,SEM_VAGA,0
2026-09-01T12:43:42,ORTOPEDIA,SEM_VAGA,0
2026-09-01T12:43:45,OTORRINOLARINGOLOGIA,SEM_VAGA,0
2026-09-01T12:43:48,PROCTOLOGIA,SEM_VAGA,0
2026-09-01T12:43:52,UROLOGIA,SEM_VAGA,0
2026-09-01T12:49:00,ACUPUNTURA,SEM_VAGA,0
2026-09-01T12:49:03,CIRURGIA PLÁSTICA,SEM_VAGA,0
2026-09-01T12:49:06,CLÍNICA MÉDICA,SEM_VAGA,0
2026-09-01T12:49:09,CLÍNICA MÉDICA - HÍBRIDA,SEM_VAGA,0
2026-09-01T12:49:14,DERMATOLOGIA,SEM_VAGA,0
2026-09-01T12:49:19,FISIOTERAPIA MEMBROS SUPERIORES,SEM_VAGA,0
2026-09-01T12:49:23,GASTROCLÍNICA,SEM_VAGA,0
2026-09-01T12:49:27,NUTRIÇÃO - DIETÉTICA,SEM_VAGA,0
2026-09-01T12:49:32,ODONTOLOGIA - DENTÍSTICA,SEM_VAGA,0
2026-09-01T12:49:35,ORTOPEDIA,SEM_VAGA,0
2026-09-01T12:49:39,OTORRINOLARINGOLOGIA,SEM_VAGA,0
2026-09-01T12:49:42,PROCTOLOGIA,SEM_VAGA,0
2026-09-01T12:49:47,UROLOGIA,SEM_VAGA,0
2026-09-01T12:54:55,ACUPUNTURA,SEM_VAGA,0
2026-09-01T12:54:58,CIRURGIA PLÁSTICA,SEM_VAGA,0
2026-09-01T12:55:02,CLÍNICA MÉDICA,SEM_VAGA,0
2026-09-01T12:55:05,CLÍNICA MÉDICA - HÍBRIDA,SEM_VAGA,0
2026-09-01T12:55:08,DERMATOLOGIA,SEM_VAGA,0
2026-09-01T12:55:12,FISIOTERAPIA MEMBROS SUPERIORES,SEM_VAGA,0
2026-09-01T12:55:16,GASTROCLÍNICA,SEM_VAGA,0
2026-09-01T12:55:20,NUTRIÇÃO - DIETÉTICA,SEM_VAGA,0
2026-09-01T12:55:24,ODONTOLOGIA - DENTÍSTICA,SEM_VAGA,0
2026-09-01T12:55:28,ORTOPEDIA,SEM_VAGA,0
2026-09-01T12:55:32,OTORRINOLARINGOLOGIA,SEM_VAGA,0
2026-09-01T12:55:35,PROCTOLOGIA,SEM_VAGA,0
2026-09-01T12:55:38,UROLOGIA,SEM_VAGA,0
2026-09-01T13:00:49,ACUPUNTURA,SEM_VAGA,0
2026-09-01T13:00:54,CIRURGIA PLÁSTICA,SEM_VAGA,0
2026-09-01T13:00:58,CLÍNICA MÉDICA,SEM_VAGA,0
2026-09-01T13:01:03,CLÍNICA MÉDICA - HÍBRIDA,SEM_VAGA,0
2026-09-01T13:01:08,DERMATOLOGIA,SEM_VAGA,0
2026-09-01T13:01:13,FISIOTERAPIA MEMBROS SUPERIORES,SEM_VAGA,0
2026-09-01T13:01:17,GASTROCLÍNICA,SEM_VAGA,0
2026-09-01T13:01:22,NUTRIÇÃO - DIETÉTICA,SEM_VAGA,0
2026-09-01T13:01:28,ODONTOLOGIA - DENTÍSTICA,SEM_VAGA,0
2026-09-01T13:01:32,ORTOPEDIA,SEM_VAGA,0
2026-09-01T13:01:35,OTORRINOLARINGOLOGIA,SEM_VAGA,0
2026-09-01T13:01:39,PROCTOLOGIA,SEM_VAGA,0
2026-09-01T13:01:42,UROLOGIA,SEM_VAGA,0
2026-09-01T13:06:50,ACUPUNTURA,SEM_VAGA,0
2026-09-01T13:06:54,CIRURGIA PLÁSTICA,SEM_VAGA,0
2026-09-01T13:06:57,CLÍNICA MÉDICA,SEM_VAGA,0
2026-09-01T13:07:00,CLÍNICA MÉDICA - HÍBRIDA,SEM_VAGA,0
2026-09-01T13:07:04,DERMATOLOGIA,SEM_VAGA,0
2026-09-01T13:07:07,FISIOTERAPIA MEMBROS SUPERIORES,SEM_VAGA,0
2026-09-01T13:07:10,GASTROCLÍNICA,SEM_VAGA,0
2026-09-01T13:07:13,NUTRIÇÃO - DIETÉTICA,SEM_VAGA,0
2026-09-01T13:07:18,ODONTOLOGIA - DENTÍSTICA,SEM_VAGA,0
2026-09-01T13:07:23,ORTOPEDIA,SEM_VAGA,0
2026-09-01T13:07:27,OTORRINOLARINGOLOGIA,SEM_VAGA,0
2026-09-01T13:07:31,PROCTOLOGIA,SEM_VAGA,0
2026-09-01T13:07:36,UROLOGIA,SEM_VAGA,0
2026-09-01T13:12:45,ACUPUNTURA,SEM_VAGA,0
2026-09-01T13:12:48,CIRURGIA PLÁSTICA,SEM_VAGA,0
2026-09-01T13:12:51,CLÍNICA MÉDICA,SEM_VAGA,0
2026-09-01T13:12:55,CLÍNICA MÉDICA - HÍBRIDA,SEM_VAGA,0
2026-09-01T13:12:58,DERMATOLOGIA,SEM_VAGA,0
2026-09-01T13:13:01,FISIOTERAPIA MEMBROS SUPERIORES,SEM_VAGA,0
2026-09-01T13:13:04,GASTROCLÍNICA,SEM_VAGA,0
2026-09-01T13:13:07,NUTRIÇÃO - DIETÉTICA,SEM_VAGA,0
2026-09-01T13:13:10,ODONTOLOGIA - DENTÍSTICA,SEM_VAGA,0
2026-09-01T13:13:14,ORTOPEDIA,SEM_VAGA,0
2026-09-01T13:13:17,OTORRINOLARINGOLOGIA,SEM_VAGA,0
2026-09-01T13:13:21,PROCTOLOGIA,SEM_VAGA,0
2026-09-01T13:13:24,UROLOGIA,SEM_VAGA,0
2026-09-01T13:18:34,ACUPUNTURA,SEM_VAGA,0
2026-09-01T13:18:37,CIRURGIA PLÁSTICA,SEM_VAGA,0
2026-09-01T13:18:40,CLÍNICA MÉDICA,SEM_VAGA,0
2026-09-01T13:18:43,CLÍNICA MÉDICA - HÍBRIDA,SEM_VAGA,0
2026-09-01T13:18:47,DERMATOLOGIA,SEM_VAGA,0
2026-09-01T13:18:50,FISIOTERAPIA MEMBROS SUPERIORES,SEM_VAGA,0
2026-09-01T13:18:53,GASTROCLÍNICA,SEM_VAGA,0
2026-09-01T13:18:57,NUTRIÇÃO - DIETÉTICA,SEM_VAGA,0
2026-09-01T13:19:00,ODONTOLOGIA - DENTÍSTICA,SEM_VAGA,0
2026-09-01T13:19:03,ORTOPEDIA,SEM_VAGA,0
2026-09-01T13:19:06,OTORRINOLARINGOLOGIA,SEM_VAGA,0
2026-09-01T13:19:10,PROCTOLOGIA,SEM_VAGA,0
2026-09-01T13:19:13,UROLOGIA,SEM_VAGA,0
2026-09-01T13:24:27,ACUPUNTURA,VAGA_ENCONTRADA,
2026-09-01T13:24:34,CIRURGIA PLÁSTICA,SEM_VAGA,0
2026-09-01T13:24:38,CLÍNICA MÉDICA,SEM_VAGA,0
2026-09-01T13:24:43,CLÍNICA MÉDICA - HÍBRIDA,SEM_VAGA,0
2026-09-01T13:24:48,DERMATOLOGIA,SEM_VAGA,0
2026-09-01T13:24:52,FISIOTERAPIA MEMBROS SUPERIORES,SEM_VAGA,0
2026-09-01T13:24:55,GASTROCLÍNICA,SEM_VAGA,0
2026-09-01T13:24:59,NUTRIÇÃO - DIETÉTICA,SEM_VAGA,0
2026-09-01T13:25:02,ODONTOLOGIA - DENTÍSTICA,SEM_VAGA,0
2026-09-01T13:25:05,ORTOPEDIA,SEM_VAGA,0
2026-09-01T13:25:09,OTORRINOLARINGOLOGIA,SEM_VAGA,0
2026-09-01T13:25:12,PROCTOLOGIA,SEM_VAGA,0
2026-09-01T13:25:15,UROLOGIA,SEM_VAGA,0
2026-09-01T13:30:27,ACUPUNTURA,VAGA_ENCONTRADA,
2026-09-01T13:30:33,CIRURGIA PLÁSTICA,SEM_VAGA,0
2026-09-01T13:30:36,CLÍNICA MÉDICA,SEM_VAGA,0
2026-09-01T13:30:38,CLÍNICA MÉDICA - HÍBRIDA,SEM_VAGA,0
2026-09-01T13:30:42,DERMATOLOGIA,SEM_VAGA,0
2026-09-01T13:30:45,FISIOTERAPIA MEMBROS SUPERIORES,SEM_VAGA,0
2026-09-01T13:30:48,GASTROCLÍNICA,SEM_VAGA,0
2026-09-01T13:30:51,NUTRIÇÃO - DIETÉTICA,SEM_VAGA,0
2026-09-01T13:30:55,ODONTOLOGIA - DENTÍSTICA,SEM_VAGA,0
2026-09-01T13:30:58,ORTOPEDIA,SEM_VAGA,0
2026-09-01T13:31:01,OTORRINOLARINGOLOGIA,SEM_VAGA,0
2026-09-01T13:31:05,PROCTOLOGIA,SEM_VAGA,0
2026-09-01T13:31:08,UROLOGIA,SEM_VAGA,0
2026-09-01T13:36:20,ACUPUNTURA,VAGA_ENCONTRADA,
2026-09-01T13:36:26,CIRURGIA PLÁSTICA,SEM_VAGA,0
2026-09-01T13:36:29,CLÍNICA MÉDICA,SEM_VAGA,0
2026-09-01T13:36:32,CLÍNICA MÉDICA - HÍBRIDA,SEM_VAGA,0
2026-09-01T13:36:35,DERMATOLOGIA,SEM_VAGA,0
2026-09-01T13:36:39,FISIOTERAPIA MEMBROS SUPERIORES,SEM_VAGA,0
2026-09-01T13:36:42,GASTROCLÍNICA,SEM_VAGA,0
2026-09-01T13:36:46,NUTRIÇÃO - DIETÉTICA,SEM_VAGA,0
2026-09-01T13:36:50,ODONTOLOGIA - DENTÍSTICA,SEM_VAGA,0
2026-09-01T13:36:55,ORTOPEDIA,SEM_VAGA,0
2026-09-01T13:36:58,OTORRINOLARINGOLOGIA,SEM_VAGA,0
2026-09-01T13:37:02,PROCTOLOGIA,SEM_VAGA,0
2026-09-01T13:37:05,UROLOGIA,SEM_VAGA,0
2026-09-01T13:42:16,ACUPUNTURA,SEM_VAGA,0
2026-09-01T13:42:20,CIRURGIA PLÁSTICA,SEM_VAGA,0
2026-09-01T13:42:26,CLÍNICA MÉDICA,SEM_VAGA,0
2026-09-01T13:42:31,CLÍNICA MÉDICA - HÍBRIDA,SEM_VAGA,0
2026-09-01T13:42:37,DERMATOLOGIA,SEM_VAGA,0
2026-09-01T13:42:42,FISIOTERAPIA MEMBROS SUPERIORES,SEM_VAGA,0
2026-09-01T13:42:47,GASTROCLÍNICA,SEM_VAGA,0
2026-09-01T13:42:52,NUTRIÇÃO - DIETÉTICA,SEM_VAGA,0
2026-09-01T13:42:58,ODONTOLOGIA - DENTÍSTICA,SEM_VAGA,0
2026-09-01T13:43:02,ORTOPEDIA,SEM_VAGA,0
2026-09-01T13:43:07,OTORRINOLARINGOLOGIA,SEM_VAGA,0
2026-09-01T13:43:12,PROCTOLOGIA,SEM_VAGA,0
2026-09-01T13:43:17,UROLOGIA,SEM_VAGA,0
2026-09-01T13:48:27,ACUPUNTURA,SEM_VAGA,0
2026-09-01T13:48:31,CIRURGIA PLÁSTICA,SEM_VAGA,0
2026-09-01T13:48:34,CLÍNICA MÉDICA,SEM_VAGA,0
2026-09-01T13:48:37,CLÍNICA MÉDICA - HÍBRIDA,SEM_VAGA,0
2026-09-01T13:48:41,DERMATOLOGIA,SEM_VAGA,0
2026-09-01T13:48:44,FISIOTERAPIA MEMBROS SUPERIORES,SEM_VAGA,0
2026-09-01T13:48:47,GASTROCLÍNICA,SEM_VAGA,0
2026-09-01T13:48:51,NUTRIÇÃO - DIETÉTICA,SEM_VAGA,0
2026-09-01T13:48:54,ODONTOLOGIA - DENTÍSTICA,SEM_VAGA,0
2026-09-01T13:48:58,ORTOPEDIA,SEM_VAGA,0
2026-09-01T13:49:01,OTORRINOLARINGOLOGIA,SEM_VAGA,0
2026-09-01T13:49:05,PROCTOLOGIA,SEM_VAGA,0
2026-09-01T13:49:08,UROLOGIA,SEM_VAGA,0
2026-09-01T13:54:18,ACUPUNTURA,SEM_VAGA,0
2026-09-01T13:54:21,CIRURGIA PLÁSTICA,SEM_VAGA,0
2026-09-01T13:54:25,CLÍNICA MÉDICA,SEM_VAGA,0
2026-09-01T13:54:28,CLÍNICA MÉDICA - HÍBRIDA,SEM_VAGA,0
2026-09-01T13:54:31,DERMATOLOGIA,SEM_VAGA,0
2026-09-01T13:54:34,FISIOTERAPIA MEMBROS SUPERIORES,SEM_VAGA,0
2026-09-01T13:54:39,GASTROCLÍNICA,SEM_VAGA,0
2026-09-01T13:54:44,NUTRIÇÃO - DIETÉTICA,SEM_VAGA,0
2026-09-01T13:54:49,ODONTOLOGIA - DENTÍSTICA,SEM_VAGA,0
2026-09-01T13:54:54,ORTOPEDIA,SEM_VAGA,0
2026-09-01T13:54:58,OTORRINOLARINGOLOGIA,SEM_VAGA,0
2026-09-01T13:55:03,PROCTOLOGIA,SEM_VAGA,0
2026-09-01T13:55:08,UROLOGIA,SEM_VAGA,0
2026-09-01T14:00:16,ACUPUNTURA,SEM_VAGA,0
2026-09-01T14:00:20,CIRURGIA PLÁSTICA,SEM_VAGA,0
2026-09-01T14:00:23,CLÍNICA MÉDICA,SEM_VAGA,0
2026-09-01T14:00:26,CLÍNICA MÉDICA - HÍBRIDA,SEM_VAGA,0
2026-09-01T14:00:30,DERMATOLOGIA,SEM_VAGA,0
2026-09-01T14:00:33,FISIOTERAPIA MEMBROS SUPERIORES,SEM_VAGA,0
2026-09-01T14:00:36,GASTROCLÍNICA,SEM_VAGA,0
2026-09-01T14:00:39,NUTRIÇÃO - DIETÉTICA,SEM_VAGA,0
2026-09-01T14:00:43,ODONTOLOGIA - DENTÍSTICA,SEM_VAGA,0
2026-09-01T14:00:46,ORTOPEDIA,SEM_VAGA,0
2026-09-01T14:00:49,OTORRINOLARINGOLOGIA,SEM_VAGA,0
2026-09-01T14:00:52,PROCTOLOGIA,SEM_VAGA,0
2026-09-01T14:00:56,UROLOGIA,SEM_VAGA,0
2026-09-01T14:06:04,ACUPUNTURA,SEM_VAGA,0
2026-09-01T14:06:07,CIRURGIA PLÁSTICA,SEM_VAGA,0
2026-09-01T14:06:11,CLÍNICA MÉDICA,SEM_VAGA,0
2026-09-01T14:06:14,CLÍNICA MÉDICA - HÍBRIDA,SEM_VAGA,0
2026-09-01T14:06:17,DERMATOLOGIA,SEM_VAGA,0
2026-09-01T14:06:20,FISIOTERAPIA MEMBROS SUPERIORES,SEM_VAGA,0
2026-09-01T14:06:24,GASTROCLÍNICA,SEM_VAGA,0
2026-09-01T14:06:27,NUTRIÇÃO - DIETÉTICA,SEM_VAGA,0
2026-09-01T14:06:30,ODONTOLOGIA - DENTÍSTICA,SEM_VAGA,0
2026-09-01T14:06:34,ORTOPEDIA,SEM_VAGA,0
2026-09-01T14:06:38,OTORRINOLARINGOLOGIA,SEM_VAGA,0
2026-09-01T14:06:42,PROCTOLOGIA,SEM_VAGA,0
2026-09-01T14:06:46,UROLOGIA,SEM_VAGA,0
2026-09-01T14:11:55,ACUPUNTURA,SEM_VAGA,0
2026-09-01T14:12:00,CIRURGIA PLÁSTICA,SEM_VAGA,0
2026-09-01T14:12:03,CLÍNICA MÉDICA,SEM_VAGA,0
2026-09-01T14:12:06,CLÍNICA MÉDICA - HÍBRIDA,SEM_VAGA,0
2026-09-01T14:12:13,DERMATOLOGIA,VAGA_ENCONTRADA,
2026-09-01T14:12:20,FISIOTERAPIA MEMBROS SUPERIORES,SEM_VAGA,0
2026-09-01T14:12:23,GASTROCLÍNICA,SEM_VAGA,0
2026-09-01T14:12:26,NUTRIÇÃO - DIETÉTICA,SEM_VAGA,0
2026-09-01T14:12:30,ODONTOLOGIA - DENTÍSTICA,SEM_VAGA,0
2026-09-01T14:12:33,ORTOPEDIA,SEM_VAGA,0
2026-09-01T14:12:36,OTORRINOLARINGOLOGIA,SEM_VAGA,0
2026-09-01T14:12:39,PROCTOLOGIA,SEM_VAGA,0
2026-09-01T14:12:43,UROLOGIA,SEM_VAGA,0
2026-09-01T14:17:52,ACUPUNTURA,SEM_VAGA,0
2026-09-01T14:17:55,CIRURGIA PLÁSTICA,SEM_VAGA,0
2026-09-01T14:17:59,CLÍNICA MÉDICA,SEM_VAGA,0
2026-09-01T14:18:02,CLÍNICA MÉDICA - HÍBRIDA,SEM_VAGA,0
2026-09-01T14:18:05,DERMATOLOGIA,SEM_VAGA,0
2026-09-01T14:18:08,FISIOTERAPIA MEMBROS SUPERIORES,SEM_VAGA,0
2026-09-01T14:18:11,GASTROCLÍNICA,SEM_VAGA,0
2026-09-01T14:18:15,NUTRIÇÃO - DIETÉTICA,SEM_VAGA,0
2026-09-01T14:18:18,ODONTOLOGIA - DENTÍSTICA,SEM_VAGA,0
2026-09-01T14:18:21,ORTOPEDIA,SEM_VAGA,0
2026-09-01T14:18:25,OTORRINOLARINGOLOGIA,SEM_VAGA,0
2026-09-01T14:18:28,PROCTOLOGIA,SEM_VAGA,0
2026-09-01T14:18:31,UROLOGIA,SEM_VAGA,0
2026-09-01T14:23:41,ACUPUNTURA,SEM_VAGA,0
2026-09-01T14:23:45,CIRURGIA PLÁSTICA,SEM_VAGA,0
2026-09-01T14:23:49,CLÍNICA MÉDICA,SEM_VAGA,0
2026-09-01T14:23:54,CLÍNICA MÉDICA - HÍBRIDA,SEM_VAGA,0
2026-09-01T14:23:58,DERMATOLOGIA,SEM_VAGA,0
2026-09-01T14:24:01,FISIOTERAPIA MEMBROS SUPERIORES,SEM_VAGA,0
2026-09-01T14:24:06,GASTROCLÍNICA,SEM_VAGA,0
2026-09-01T14:24:09,NUTRIÇÃO - DIETÉTICA,SEM_VAGA,0
2026-09-01T14:24:12,ODONTOLOGIA - DENTÍSTICA,SEM_VAGA,0
2026-09-01T14:24:16,ORTOPEDIA,SEM_VAGA,0
2026-09-01T14:24:19,OTORRINOLARINGOLOGIA,SEM_VAGA,0
2026-09-01T14:24:22,PROCTOLOGIA,SEM_VAGA,0
2026-09-01T14:24:26,UROLOGIA,SEM_VAGA,0
2026-09-01T14:29:35,ACUPUNTURA,SEM_VAGA,0
2026-09-01T14:29:38,CIRURGIA PLÁSTICA,SEM_VAGA,0
2026-09-01T14:29:42,CLÍNICA MÉDICA,SEM_VAGA,0
2026-09-01T14:29:45,CLÍNICA MÉDICA - HÍBRIDA,SEM_VAGA,0
2026-09-01T14:29:48,DERMATOLOGIA,SEM_VAGA,0
2026-09-01T14:29:51,FISIOTERAPIA MEMBROS SUPERIORES,SEM_VAGA,0
2026-09-01T14:29:54,GASTROCLÍNICA,SEM_VAGA,0
2026-09-01T14:29:58,NUTRIÇÃO - DIETÉTICA,SEM_VAGA,0
2026-09-01T14:30:01,ODONTOLOGIA - DENTÍSTICA,SEM_VAGA,0
2026-09-01T14:30:04,ORTOPEDIA,SEM_VAGA,0
2026-09-01T14:30:07,OTORRINOLARINGOLOGIA,SEM_VAGA,0
2026-09-01T14:30:11,PROCTOLOGIA,SEM_VAGA,0
2026-09-01T14:30:14,UROLOGIA,SEM_VAGA,0
2026-09-01T14:35:23,ACUPUNTURA,SEM_VAGA,0
2026-09-01T14:35:26,CIRURGIA PLÁSTICA,SEM_VAGA,0
2026-09-01T14:35:30,CLÍNICA MÉDICA,SEM_VAGA,0
2026-09-01T14:35:34,CLÍNICA MÉDICA - HÍBRIDA,SEM_VAGA,0
2026-09-01T14:35:38,DERMATOLOGIA,SEM_VAGA,0
2026-09-01T14:35:43,FISIOTERAPIA MEMBROS SUPERIORES,SEM_VAGA,0
2026-09-01T14:35:47,GASTROCLÍNICA,SEM_VAGA,0
2026-09-01T14:35:50,NUTRIÇÃO - DIETÉTICA,SEM_VAGA,0
2026-09-01T14:35:57,ODONTOLOGIA - DENTÍSTICA,VAGA_ENCONTRADA,
2026-09-01T14:36:04,ORTOPEDIA,SEM_VAGA,0
2026-09-01T14:36:07,OTORRINOLARINGOLOGIA,SEM_VAGA,0
2026-09-01T14:36:10,PROCTOLOGIA,SEM_VAGA,0
2026-09-01T14:36:14,UROLOGIA,SEM_VAGA,0
2026-09-01T14:41:22,ACUPUNTURA,SEM_VAGA,0
2026-09-01T14:41:26,CIRURGIA PLÁSTICA,SEM_VAGA,0
2026-09-01T14:41:29,CLÍNICA MÉDICA,SEM_VAGA,0
2026-09-01T14:41:32,CLÍNICA MÉDICA - HÍBRIDA,SEM_VAGA,0
2026-09-01T14:41:35,DERMATOLOGIA,SEM_VAGA,0
2026-09-01T14:41:40,FISIOTERAPIA MEMBROS SUPERIORES,SEM_VAGA,0
2026-09-01T14:41:44,GASTROCLÍNICA,SEM_VAGA,0
2026-09-01T14:41:49,NUTRIÇÃO - DIETÉTICA,SEM_VAGA,0
2026-09-01T14:41:56,ODONTOLOGIA - DENTÍSTICA,VAGA_ENCONTRADA,
2026-09-01T14:42:02,ORTOPEDIA,SEM_VAGA,0
2026-09-01T14:42:05,OTORRINOLARINGOLOGIA,SEM_VAGA,0
2026-09-01T14:42:09,PROCTOLOGIA,SEM_VAGA,0
2026-09-01T14:42:12,UROLOGIA,SEM_VAGA,0
2026-09-01T14:47:20,ACUPUNTURA,SEM_VAGA,0
2026-09-01T14:47:24,CIRURGIA PLÁSTICA,SEM_VAGA,0
2026-09-01T14:47:31,CLÍNICA MÉDICA,VAGA_ENCONTRADA,
2026-09-01T14:47:37,CLÍNICA MÉDICA - HÍBRIDA,SEM_VAGA,0
2026-09-01T14:47:41,DERMATOLOGIA,SEM_VAGA,0
2026-09-01T14:47:44,FISIOTERAPIA MEMBROS SUPERIORES,SEM_VAGA,0
2026-09-01T14:47:47,GASTROCLÍNICA,SEM_VAGA,0
2026-09-01T14:47:50,NUTRIÇÃO - DIETÉTICA,SEM_VAGA,0
2026-09-01T14:47:54,ODONTOLOGIA - DENTÍSTICA,SEM_VAGA,0
2026-09-01T14:47:57,ORTOPEDIA,SEM_VAGA,0
2026-09-01T14:48:01,OTORRINOLARINGOLOGIA,SEM_VAGA,0
2026-09-01T14:48:04,PROCTOLOGIA,SEM_VAGA,0
2026-09-01T14:48:07,UROLOGIA,SEM_VAGA,0
2026-09-01T14:53:17,ACUPUNTURA,SEM_VAGA,0
2026-09-01T14:53:21,CIRURGIA PLÁSTICA,SEM_VAGA,0
2026-09-01T14:53:25,CLÍNICA MÉDICA,SEM_VAGA,0
2026-09-01T14:53:28,CLÍNICA MÉDICA - HÍBRIDA,SEM_VAGA,0
2026-09-01T14:53:31,DERMATOLOGIA,SEM_VAGA,0
2026-09-01T14:53:35,FISIOTERAPIA MEMBROS SUPERIORES,SEM_VAGA,0
2026-09-01T14:53:38,GASTROCLÍNICA,SEM_VAGA,0
2026-09-01T14:53:42,NUTRIÇÃO - DIETÉTICA,SEM_VAGA,0
2026-09-01T14:53:45,ODONTOLOGIA - DENTÍSTICA,SEM_VAGA,0
2026-09-01T14:53:48,ORTOPEDIA,SEM_VAGA,0
2026-09-01T14:53:51,OTORRINOLARINGOLOGIA,SEM_VAGA,0
2026-09-01T14:53:54,PROCTOLOGIA,SEM_VAGA,0
2026-09-01T14:53:58,UROLOGIA,SEM_VAGA,0
2026-09-01T14:59:06,ACUPUNTURA,SEM_VAGA,0
2026-09-01T14:59:09,CIRURGIA PLÁSTICA,SEM_VAGA,0
2026-09-01T14:59:12,CLÍNICA MÉDICA,SEM_VAGA,0
2026-09-01T14:59:15,CLÍNICA MÉDICA - HÍBRIDA,SEM_VAGA,0
2026-09-01T14:59:19,DERMATOLOGIA,SEM_VAGA,0
2026-09-01T14:59:22,FISIOTERAPIA MEMBROS SUPERIORES,SEM_VAGA,0
2026-09-01T14:59:25,GASTROCLÍNICA,SEM_VAGA,0
2026-09-01T14:59:29,NUTRIÇÃO - DIETÉTICA,SEM_VAGA,0
2026-09-01T14:59:32,ODONTOLOGIA - DENTÍSTICA,SEM_VAGA,0
2026-09-01T14:59:35,ORTOPEDIA,SEM_VAGA,0
2026-09-01T14:59:38,OTORRINOLARINGOLOGIA,SEM_VAGA,0
2026-09-01T14:59:42,PROCTOLOGIA,SEM_VAGA,0
2026-09-01T14:59:45,UROLOGIA,SEM_VAGA,0
2026-09-01T15:04:53,ACUPUNTURA,SEM_VAGA,0
2026-09-01T15:04:57,CIRURGIA PLÁSTICA,SEM_VAGA,0
2026-09-01T15:05:00,CLÍNICA MÉDICA,SEM_VAGA,0
2026-09-01T15:05:03,CLÍNICA MÉDICA - HÍBRIDA,SEM_VAGA,0
2026-09-01T15:05:07,DERMATOLOGIA,SEM_VAGA,0
2026-09-01T15:05:12,FISIOTERAPIA MEMBROS SUPERIORES,SEM_VAGA,0
2026-09-01T15:05:17,GASTROCLÍNICA,SEM_VAGA,0
2026-09-01T15:05:22,NUTRIÇÃO - DIETÉTICA,SEM_VAGA,0
2026-09-01T15:05:26,ODONTOLOGIA - DENTÍSTICA,SEM_VAGA,0
2026-09-01T15:05:30,ORTOPEDIA,SEM_VAGA,0
2026-09-01T15:05:34,OTORRINOLARINGOLOGIA,SEM_VAGA,0
2026-09-01T15:05:39,PROCTOLOGIA,SEM_VAGA,0
2026-09-01T15:05:42,UROLOGIA,SEM_VAGA,0
2026-09-01T15:10:50,ACUPUNTURA,SEM_VAGA,0
2026-09-01T15:10:53,CIRURGIA PLÁSTICA,SEM_VAGA,0
2026-09-01T15:10:57,CLÍNICA MÉDICA,SEM_VAGA,0
2026-09-01T15:10:59,CLÍNICA MÉDICA - HÍBRIDA,SEM_VAGA,0
2026-09-01T15:11:03,DERMATOLOGIA,SEM_VAGA,0
2026-09-01T15:11:06,FISIOTERAPIA MEMBROS SUPERIORES,SEM_VAGA,0
2026-09-01T15:11:09,GASTROCLÍNICA,SEM_VAGA,0
2026-09-01T15:11:12,NUTRIÇÃO - DIETÉTICA,SEM_VAGA,0
2026-09-01T15:11:16,ODONTOLOGIA - DENTÍSTICA,SEM_VAGA,0
2026-09-01T15:11:19,ORTOPEDIA,SEM_VAGA,0
2026-09-01T15:11:22,OTORRINOLARINGOLOGIA,SEM_VAGA,0
2026-09-01T15:11:25,PROCTOLOGIA,SEM_VAGA,0
2026-09-01T15:11:29,UROLOGIA,SEM_VAGA,0
2026-09-01T15:16:39,ACUPUNTURA,SEM_VAGA,0
2026-09-01T15:16:43,CIRURGIA PLÁSTICA,SEM_VAGA,0
2026-09-01T15:16:48,CLÍNICA MÉDICA,SEM_VAGA,0
2026-09-01T15:16:52,CLÍNICA MÉDICA - HÍBRIDA,SEM_VAGA,0
2026-09-01T15:16:57,DERMATOLOGIA,SEM_VAGA,0
2026-09-01T15:17:00,FISIOTERAPIA MEMBROS SUPERIORES,SEM_VAGA,0
2026-09-01T15:17:04,GASTROCLÍNICA,SEM_VAGA,0
2026-09-01T15:17:08,NUTRIÇÃO - DIETÉTICA,SEM_VAGA,0
2026-09-01T15:17:11,ODONTOLOGIA - DENTÍSTICA,SEM_VAGA,0
2026-09-01T15:17:14,ORTOPEDIA,SEM_VAGA,0
2026-09-01T15:17:18,OTORRINOLARINGOLOGIA,SEM_VAGA,0
2026-09-01T15:17:22,PROCTOLOGIA,SEM_VAGA,0
2026-09-01T15:17:26,UROLOGIA,SEM_VAGA,0
2026-09-01T15:22:35,ACUPUNTURA,SEM_VAGA,0
2026-09-01T15:22:38,CIRURGIA PLÁSTICA,SEM_VAGA,0
2026-09-01T15:22:42,CLÍNICA MÉDICA,SEM_VAGA,0
2026-09-01T15:22:45,CLÍNICA MÉDICA - HÍBRIDA,SEM_VAGA,0
2026-09-01T15:22:48,DERMATOLOGIA,SEM_VAGA,0
2026-09-01T15:22:52,FISIOTERAPIA MEMBROS SUPERIORES,SEM_VAGA,0
2026-09-01T15:22:55,GASTROCLÍNICA,SEM_VAGA,0
2026-09-01T15:22:58,NUTRIÇÃO - DIETÉTICA,SEM_VAGA,0
2026-09-01T15:23:01,ODONTOLOGIA - DENTÍSTICA,SEM_VAGA,0
2026-09-01T15:23:05,ORTOPEDIA,SEM_VAGA,0
2026-09-01T15:23:08,OTORRINOLARINGOLOGIA,SEM_VAGA,0
2026-09-01T15:23:11,PROCTOLOGIA,SEM_VAGA,0
2026-09-01T15:23:14,UROLOGIA,SEM_VAGA,0
2026-09-01T15:28:24,ACUPUNTURA,SEM_VAGA,0
2026-09-01T15:28:27,CIRURGIA PLÁSTICA,SEM_VAGA,0
2026-09-01T15:28:30,CLÍNICA MÉDICA,SEM_VAGA,0
2026-09-01T15:28:33,CLÍNICA MÉDICA - HÍBRIDA,SEM_VAGA,0
2026-09-01T15:28:37,DERMATOLOGIA,SEM_VAGA,0
2026-09-01T15:28:40,FISIOTERAPIA MEMBROS SUPERIORES,SEM_VAGA,0
2026-09-01T15:28:43,GASTROCLÍNICA,SEM_VAGA,0
2026-09-01T15:28:47,NUTRIÇÃO - DIETÉTICA,SEM_VAGA,0
2026-09-01T15:28:50,ODONTOLOGIA - DENTÍSTICA,SEM_VAGA,0
2026-09-01T15:28:54,ORTOPEDIA,SEM_VAGA,0
2026-09-01T15:28:57,OTORRINOLARINGOLOGIA,SEM_VAGA,0
2026-09-01T15:29:01,PROCTOLOGIA,SEM_VAGA,0
2026-09-01T15:29:04,UROLOGIA,SEM_VAGA,0
2026-09-01T15:34:13,ACUPUNTURA,SEM_VAGA,0
2026-09-01T15:34:16,CIRURGIA PLÁSTICA,SEM_VAGA,0
2026-09-01T15:34:19,CLÍNICA MÉDICA,SEM_VAGA,0
2026-09-01T15:34:22,CLÍNICA MÉDICA - HÍBRIDA,SEM_VAGA,0
2026-09-01T15:34:26,DERMATOLOGIA,SEM_VAGA,0
2026-09-01T15:34:30,FISIOTERAPIA MEMBROS SUPERIORES,SEM_VAGA,0
2026-09-01T15:34:34,GASTROCLÍNICA,SEM_VAGA,0
2026-09-01T15:34:38,NUTRIÇÃO - DIETÉTICA,SEM_VAGA,0
2026-09-01T15:34:42,ODONTOLOGIA - DENTÍSTICA,SEM_VAGA,0
2026-09-01T15:34:46,ORTOPEDIA,SEM_VAGA,0
2026-09-01T15:34:51,OTORRINOLARINGOLOGIA,SEM_VAGA,0
2026-09-01T15:34:55,PROCTOLOGIA,SEM_VAGA,0
2026-09-01T15:34:59,UROLOGIA,SEM_VAGA,0
2026-09-01T15:40:08,ACUPUNTURA,SEM_VAGA,0
2026-09-01T15:40:12,CIRURGIA PLÁSTICA,SEM_VAGA,0
2026-09-01T15:40:15,CLÍNICA MÉDICA,SEM_VAGA,0
2026-09-01T15:40:19,CLÍNICA MÉDICA - HÍBRIDA,SEM_VAGA,0
2026-09-01T15:40:23,DERMATOLOGIA,SEM_VAGA,0
2026-09-01T15:40:28,FISIOTERAPIA MEMBROS SUPERIORES,SEM_VAGA,0
2026-09-01T15:40:32,GASTROCLÍNICA,SEM_VAGA,0
2026-09-01T15:40:35,NUTRIÇÃO - DIETÉTICA,SEM_VAGA,0
2026-09-01T15:40:38,ODONTOLOGIA - DENTÍSTICA,SEM_VAGA,0
2026-09-01T15:40:42,ORTOPEDIA,SEM_VAGA,0
2026-09-01T15:40:45,OTORRINOLARINGOLOGIA,SEM_VAGA,0
2026-09-01T15:40:48,PROCTOLOGIA,SEM_VAGA,0
2026-09-01T15:40:52,UROLOGIA,SEM_VAGA,0
2026-09-01T15:46:02,ACUPUNTURA,SEM_VAGA,0
2026-09-01T15:46:06,CIRURGIA PLÁSTICA,SEM_VAGA,0
2026-09-01T15:46:10,CLÍNICA MÉDICA,SEM_VAGA,0
2026-09-01T15:46:13,CLÍNICA MÉDICA - HÍBRIDA,SEM_VAGA,0
2026-09-01T15:46:16,DERMATOLOGIA,SEM_VAGA,0
2026-09-01T15:46:20,FISIOTERAPIA MEMBROS SUPERIORES,SEM_VAGA,0
2026-09-01T15:46:23,GASTROCLÍNICA,SEM_VAGA,0
2026-09-01T15:46:27,NUTRIÇÃO - DIETÉTICA,SEM_VAGA,0
2026-09-01T15:46:30,ODONTOLOGIA - DENTÍSTICA,SEM_VAGA,0
2026-09-01T15:46:34,ORTOPEDIA,SEM_VAGA,0
2026-09-01T15:46:37,OTORRINOLARINGOLOGIA,SEM_VAGA,0
2026-09-01T15:46:41,PROCTOLOGIA,SEM_VAGA,0
2026-09-01T15:46:44,UROLOGIA,SEM_VAGA,0
2026-09-01T15:51:53,ACUPUNTURA,SEM_VAGA,0
2026-09-01T15:51:57,CIRURGIA PLÁSTICA,SEM_VAGA,0
2026-09-01T15:52:00,CLÍNICA MÉDICA,SEM_VAGA,0
2026-09-01T15:52:03,CLÍNICA MÉDICA - HÍBRIDA,SEM_VAGA,0
2026-09-01T15:52:06,DERMATOLOGIA,SEM_VAGA,0
2026-09-01T15:52:10,FISIOTERAPIA MEMBROS SUPERIORES,SEM_VAGA,0
2026-09-01T15:52:13,GASTROCLÍNICA,SEM_VAGA,0
2026-09-01T15:52:16,NUTRIÇÃO - DIETÉTICA,SEM_VAGA,0
2026-09-01T15:52:20,ODONTOLOGIA - DENTÍSTICA,SEM_VAGA,0
2026-09-01T15:52:22,ORTOPEDIA,SEM_VAGA,0
2026-09-01T15:52:26,OTORRINOLARINGOLOGIA,SEM_VAGA,0
2026-09-01T15:52:29,PROCTOLOGIA,SEM_VAGA,0
2026-09-01T15:52:32,UROLOGIA,SEM_VAGA,0
2026-09-01T15:57:43,ACUPUNTURA,SEM_VAGA,0
2026-09-01T15:57:47,CIRURGIA PLÁSTICA,SEM_VAGA,0
2026-09-01T15:57:50,CLÍNICA MÉDICA,SEM_VAGA,0
2026-09-01T15:57:53,CLÍNICA MÉDICA - HÍBRIDA,SEM_VAGA,0
2026-09-01T15:57:56,DERMATOLOGIA,SEM_VAGA,0
2026-09-01T15:58:00,FISIOTERAPIA MEMBROS SUPERIORES,SEM_VAGA,0
2026-09-01T15:58:03,GASTROCLÍNICA,SEM_VAGA,0
2026-09-01T15:58:06,NUTRIÇÃO - DIETÉTICA,SEM_VAGA,0
2026-09-01T15:58:10,ODONTOLOGIA - DENTÍSTICA,SEM_VAGA,0
2026-09-01T15:58:14,ORTOPEDIA,SEM_VAGA,0
2026-09-01T15:58:18,OTORRINOLARINGOLOGIA,SEM_VAGA,0
2026-09-01T15:58:23,PROCTOLOGIA,SEM_VAGA,0
2026-09-01T15:58:28,UROLOGIA,SEM_VAGA,0
2026-09-01T16:03:40,ACUPUNTURA,VAGA_ENCONTRADA,
2026-09-01T16:03:48,CIRURGIA PLÁSTICA,SEM_VAGA,0
2026-09-01T16:03:53,CLÍNICA MÉDICA,SEM_VAGA,0
2026-09-01T16:03:57,CLÍNICA MÉDICA - HÍBRIDA,SEM_VAGA,0
2026-09-01T16:04:00,DERMATOLOGIA,SEM_VAGA,0
2026-09-01T16:04:08,FISIOTERAPIA MEMBROS SUPERIORES,VAGA_ENCONTRADA,
2026-09-01T16:04:16,GASTROCLÍNICA,SEM_VAGA,0
2026-09-01T16:04:19,NUTRIÇÃO - DIETÉTICA,SEM_VAGA,0
2026-09-01T16:04:25,ODONTOLOGIA - DENTÍSTICA,SEM_VAGA,0
2026-09-01T16:04:28,ORTOPEDIA,SEM_VAGA,0
2026-09-01T16:04:36,OTORRINOLARINGOLOGIA,VAGA_ENCONTRADA,
2026-09-01T16:04:44,PROCTOLOGIA,SEM_VAGA,0
2026-09-01T16:04:47,UROLOGIA,SEM_VAGA,0
2026-09-01T16:09:59,ACUPUNTURA,VAGA_ENCONTRADA,
2026-09-01T16:10:06,CIRURGIA PLÁSTICA,SEM_VAGA,0
2026-09-01T16:10:11,CLÍNICA MÉDICA,SEM_VAGA,0
2026-09-01T16:10:16,CLÍNICA MÉDICA - HÍBRIDA,SEM_VAGA,0
2026-09-01T16:10:21,DERMATOLOGIA,SEM_VAGA,0
2026-09-01T16:10:29,FISIOTERAPIA MEMBROS SUPERIORES,VAGA_ENCONTRADA,
2026-09-01T16:10:36,GASTROCLÍNICA,SEM_VAGA,0
2026-09-01T16:10:42,NUTRIÇÃO - DIETÉTICA,SEM_VAGA,0
2026-09-01T16:10:47,ODONTOLOGIA - DENTÍSTICA,SEM_VAGA,0
2026-09-01T16:10:51,ORTOPEDIA,SEM_VAGA,0
2026-09-01T16:10:55,OTORRINOLARINGOLOGIA,SEM_VAGA,0
2026-09-01T16:11:02,PROCTOLOGIA,VAGA_ENCONTRADA,
2026-09-01T16:11:12,UROLOGIA,VAGA_ENCONTRADA,
2026-09-01T16:16:24,ACUPUNTURA,SEM_VAGA,0
2026-09-01T16:16:27,CIRURGIA PLÁSTICA,SEM_VAGA,0
2026-09-01T16:16:31,CLÍNICA MÉDICA,SEM_VAGA,0
2026-09-01T16:16:34,CLÍNICA MÉDICA - HÍBRIDA,SEM_VAGA,0
2026-09-01T16:16:37,DERMATOLOGIA,SEM_VAGA,0
2026-09-01T16:16:44,FISIOTERAPIA MEMBROS SUPERIORES,VAGA_ENCONTRADA,
2026-09-01T16:16:51,GASTROCLÍNICA,SEM_VAGA,0
2026-09-01T16:16:55,NUTRIÇÃO - DIETÉTICA,SEM_VAGA,0
2026-09-01T16:16:59,ODONTOLOGIA - DENTÍSTICA,SEM_VAGA,0
2026-09-01T16:17:03,ORTOPEDIA,SEM_VAGA,0
2026-09-01T16:17:08,OTORRINOLARINGOLOGIA,SEM_VAGA,0
2026-09-01T16:17:15,PROCTOLOGIA,VAGA_ENCONTRADA,
2026-09-01T16:17:24,UROLOGIA,VAGA_ENCONTRADA,
2026-09-01T16:22:36,ACUPUNTURA,SEM_VAGA,0
2026-09-01T16:22:40,CIRURGIA PLÁSTICA,SEM_VAGA,0
2026-09-01T16:22:43,CLÍNICA MÉDICA,SEM_VAGA,0
2026-09-01T16:22:46,CLÍNICA MÉDICA - HÍBRIDA,SEM_VAGA,0
2026-09-01T16:22:50,DERMATOLOGIA,SEM_VAGA,0
2026-09-01T16:22:57,FISIOTERAPIA MEMBROS SUPERIORES,VAGA_ENCONTRADA,
2026-09-01T16:23:02,GASTROCLÍNICA,SEM_VAGA,0
2026-09-01T16:23:06,NUTRIÇÃO - DIETÉTICA,SEM_VAGA,0
2026-09-01T16:23:09,ODONTOLOGIA - DENTÍSTICA,SEM_VAGA,0
2026-09-01T16:23:12,ORTOPEDIA,SEM_VAGA,0
2026-09-01T16:23:16,OTORRINOLARINGOLOGIA,SEM_VAGA,0
2026-09-01T16:23:23,PROCTOLOGIA,VAGA_ENCONTRADA,
2026-09-01T16:23:32,UROLOGIA,VAGA_ENCONTRADA,
2026-09-01T16:28:44,ACUPUNTURA,SEM_VAGA,0
2026-09-01T16:28:47,CIRURGIA PLÁSTICA,SEM_VAGA,0
2026-09-01T16:28:50,CLÍNICA MÉDICA,SEM_VAGA,0
2026-09-01T16:28:54,CLÍNICA MÉDICA - HÍBRIDA,SEM_VAGA,0
2026-09-01T16:28:57,DERMATOLOGIA,SEM_VAGA,0
2026-09-01T16:29:00,FISIOTERAPIA MEMBROS SUPERIORES,SEM_VAGA,0
2026-09-01T16:29:04,GASTROCLÍNICA,SEM_VAGA,0
2026-09-01T16:29:07,NUTRIÇÃO - DIETÉTICA,SEM_VAGA,0
2026-09-01T16:29:11,ODONTOLOGIA - DENTÍSTICA,SEM_VAGA,0
2026-09-01T16:29:14,ORTOPEDIA,SEM_VAGA,0
2026-09-01T16:29:17,OTORRINOLARINGOLOGIA,SEM_VAGA,0
2026-09-01T16:29:25,PROCTOLOGIA,VAGA_ENCONTRADA,
2026-09-01T16:29:37,UROLOGIA,VAGA_ENCONTRADA,
2026-09-01T16:34:48,ACUPUNTURA,SEM_VAGA,0
2026-09-01T16:34:52,CIRURGIA PLÁSTICA,SEM_VAGA,0
2026-09-01T16:34:55,CLÍNICA MÉDICA,SEM_VAGA,0
2026-09-01T16:34:58,CLÍNICA MÉDICA - HÍBRIDA,SEM_VAGA,0
2026-09-01T16:35:02,DERMATOLOGIA,SEM_VAGA,0
2026-09-01T16:35:05,FISIOTERAPIA MEMBROS SUPERIORES,SEM_VAGA,0
2026-09-01T16:35:08,GASTROCLÍNICA,SEM_VAGA,0
2026-09-01T16:35:11,NUTRIÇÃO - DIETÉTICA,SEM_VAGA,0
2026-09-01T16:35:14,ODONTOLOGIA - DENTÍSTICA,SEM_VAGA,0
2026-09-01T16:35:17,ORTOPEDIA,SEM_VAGA,0
2026-09-01T16:35:21,OTORRINOLARINGOLOGIA,SEM_VAGA,0
2026-09-01T16:35:29,PROCTOLOGIA,VAGA_ENCONTRADA,
2026-09-01T16:35:39,UROLOGIA,VAGA_ENCONTRADA,
2026-09-01T16:40:51,ACUPUNTURA,SEM_VAGA,0
2026-09-01T16:40:55,CIRURGIA PLÁSTICA,SEM_VAGA,0
2026-09-01T16:40:58,CLÍNICA MÉDICA,SEM_VAGA,0
2026-09-01T16:41:01,CLÍNICA MÉDICA - HÍBRIDA,SEM_VAGA,0
2026-09-01T16:41:04,DERMATOLOGIA,SEM_VAGA,0
2026-09-01T16:41:07,FISIOTERAPIA MEMBROS SUPERIORES,SEM_VAGA,0
2026-09-01T16:41:11,GASTROCLÍNICA,SEM_VAGA,0
2026-09-01T16:41:14,NUTRIÇÃO - DIETÉTICA,SEM_VAGA,0
2026-09-01T16:41:21,ODONTOLOGIA - DENTÍSTICA,VAGA_ENCONTRADA,
2026-09-01T16:41:28,ORTOPEDIA,SEM_VAGA,0
2026-09-01T16:41:33,OTORRINOLARINGOLOGIA,SEM_VAGA,0
2026-09-01T16:41:40,PROCTOLOGIA,VAGA_ENCONTRADA,
2026-09-01T16:41:51,UROLOGIA,VAGA_ENCONTRADA,
2026-09-01T16:47:02,ACUPUNTURA,SEM_VAGA,0
2026-09-01T16:54:48,ACUPUNTURA,SEM_VAGA,0
2026-09-01T16:54:52,CIRURGIA PLÁSTICA,SEM_VAGA,0
2026-09-01T16:54:57,CLÍNICA MÉDICA,SEM_VAGA,0
2026-09-01T16:55:01,CLÍNICA MÉDICA - HÍBRIDA,SEM_VAGA,0
2026-09-01T16:55:05,DERMATOLOGIA,SEM_VAGA,0
2026-09-01T16:55:09,FISIOTERAPIA MEMBROS SUPERIORES,SEM_VAGA,0
2026-09-01T16:55:13,GASTROCLÍNICA,SEM_VAGA,0
2026-09-01T16:55:17,NUTRIÇÃO - DIETÉTICA,SEM_VAGA,0
2026-09-01T16:55:21,ODONTOLOGIA - DENTÍSTICA,SEM_VAGA,0
2026-09-01T16:55:24,ORTOPEDIA,SEM_VAGA,0
2026-09-01T16:55:27,OTORRINOLARINGOLOGIA,SEM_VAGA,0
2026-09-01T16:55:34,PROCTOLOGIA,VAGA_ENCONTRADA,
2026-09-01T16:55:44,UROLOGIA,VAGA_ENCONTRADA,
2026-09-01T17:00:56,ACUPUNTURA,SEM_VAGA,0
2026-09-01T17:00:59,CIRURGIA PLÁSTICA,SEM_VAGA,0
2026-09-01T17:01:02,CLÍNICA MÉDICA,SEM_VAGA,0
2026-09-01T17:01:05,CLÍNICA MÉDICA - HÍBRIDA,SEM_VAGA,0
2026-09-01T17:01:09,DERMATOLOGIA,SEM_VAGA,0
2026-09-01T17:01:13,FISIOTERAPIA MEMBROS SUPERIORES,SEM_VAGA,0
2026-09-01T17:01:15,GASTROCLÍNICA,SEM_VAGA,0
2026-09-01T17:01:19,NUTRIÇÃO - DIETÉTICA,SEM_VAGA,0
2026-09-01T17:01:26,ODONTOLOGIA - DENTÍSTICA,VAGA_ENCONTRADA,
2026-09-01T17:01:32,ORTOPEDIA,SEM_VAGA,0
2026-09-01T17:01:35,OTORRINOLARINGOLOGIA,SEM_VAGA,0
2026-09-01T17:01:42,PROCTOLOGIA,VAGA_ENCONTRADA,
2026-09-01T17:01:53,UROLOGIA,VAGA_ENCONTRADA,
2026-09-01T17:07:04,ACUPUNTURA,SEM_VAGA,0
2026-09-01T17:07:07,CIRURGIA PLÁSTICA,SEM_VAGA,0
2026-09-01T17:07:11,CLÍNICA MÉDICA,SEM_VAGA,0
2026-09-01T17:07:16,CLÍNICA MÉDICA - HÍBRIDA,SEM_VAGA,0
2026-09-01T17:07:21,DERMATOLOGIA,SEM_VAGA,0
2026-09-01T17:07:25,FISIOTERAPIA MEMBROS SUPERIORES,SEM_VAGA,0
2026-09-01T17:07:29,GASTROCLÍNICA,SEM_VAGA,0
2026-09-01T17:07:32,NUTRIÇÃO - DIETÉTICA,SEM_VAGA,0
2026-09-01T17:07:39,ODONTOLOGIA - DENTÍSTICA,VAGA_ENCONTRADA,
2026-09-01T17:07:47,ORTOPEDIA,SEM_VAGA,0
2026-09-01T17:07:52,OTORRINOLARINGOLOGIA,SEM_VAGA,0
2026-09-01T17:08:00,PROCTOLOGIA,VAGA_ENCONTRADA,
2026-09-01T17:08:10,UROLOGIA,VAGA_ENCONTRADA,
2026-09-01T17:13:21,ACUPUNTURA,SEM_VAGA,0
2026-09-01T17:13:24,CIRURGIA PLÁSTICA,SEM_VAGA,0
2026-09-01T17:13:27,CLÍNICA MÉDICA,SEM_VAGA,0
2026-09-01T17:13:30,CLÍNICA MÉDICA - HÍBRIDA,SEM_VAGA,0
2026-09-01T17:13:33,DERMATOLOGIA,SEM_VAGA,0
2026-09-01T17:13:37,FISIOTERAPIA MEMBROS SUPERIORES,SEM_VAGA,0
2026-09-01T17:13:40,GASTROCLÍNICA,SEM_VAGA,0
2026-09-01T17:13:44,NUTRIÇÃO - DIETÉTICA,SEM_VAGA,0
2026-09-01T17:13:49,ODONTOLOGIA - DENTÍSTICA,SEM_VAGA,0
2026-09-01T17:13:52,ORTOPEDIA,SEM_VAGA,0
2026-09-01T17:13:55,OTORRINOLARINGOLOGIA,SEM_VAGA,0
2026-09-01T17:14:02,PROCTOLOGIA,VAGA_ENCONTRADA,
2026-09-01T17:14:11,UROLOGIA,VAGA_ENCONTRADA,
2026-09-01T17:19:23,ACUPUNTURA,SEM_VAGA,0
2026-09-01T17:19:26,CIRURGIA PLÁSTICA,SEM_VAGA,0
2026-09-01T17:19:30,CLÍNICA MÉDICA,SEM_VAGA,0
2026-09-01T17:19:33,CLÍNICA MÉDICA - HÍBRIDA,SEM_VAGA,0
2026-09-01T17:19:38,DERMATOLOGIA,SEM_VAGA,0
2026-09-01T17:19:42,FISIOTERAPIA MEMBROS SUPERIORES,SEM_VAGA,0
2026-09-01T17:19:47,GASTROCLÍNICA,SEM_VAGA,0
2026-09-01T17:19:52,NUTRIÇÃO - DIETÉTICA,SEM_VAGA,0
2026-09-01T17:19:56,ODONTOLOGIA - DENTÍSTICA,SEM_VAGA,0
2026-09-01T17:19:59,ORTOPEDIA,SEM_VAGA,0
2026-09-01T17:20:03,OTORRINOLARINGOLOGIA,SEM_VAGA,0
2026-09-01T17:20:10,PROCTOLOGIA,VAGA_ENCONTRADA,
2026-09-01T17:20:19,UROLOGIA,VAGA_ENCONTRADA,
2026-09-01T17:25:31,ACUPUNTURA,SEM_VAGA,0
2026-09-01T17:25:34,CIRURGIA PLÁSTICA,SEM_VAGA,0
2026-09-01T17:25:37,CLÍNICA MÉDICA,SEM_VAGA,0
2026-09-01T17:25:40,CLÍNICA MÉDICA - HÍBRIDA,SEM_VAGA,0
2026-09-01T17:25:44,DERMATOLOGIA,SEM_VAGA,0
2026-09-01T17:25:48,FISIOTERAPIA MEMBROS SUPERIORES,SEM_VAGA,0
2026-09-01T17:25:52,GASTROCLÍNICA,SEM_VAGA,0
2026-09-01T17:25:56,NUTRIÇÃO - DIETÉTICA,SEM_VAGA,0
2026-09-01T17:26:01,ODONTOLOGIA - DENTÍSTICA,SEM_VAGA,0
2026-09-01T17:26:05,ORTOPEDIA,SEM_VAGA,0
2026-09-01T17:26:09,OTORRINOLARINGOLOGIA,SEM_VAGA,0
2026-09-01T17:26:17,PROCTOLOGIA,VAGA_ENCONTRADA,
2026-09-01T17:26:28,UROLOGIA,VAGA_ENCONTRADA,
2026-09-01T17:31:40,ACUPUNTURA,SEM_VAGA,0
2026-09-01T17:31:45,CIRURGIA PLÁSTICA,SEM_VAGA,0
2026-09-01T17:31:48,CLÍNICA MÉDICA,SEM_VAGA,0
2026-09-01T17:31:52,CLÍNICA MÉDICA - HÍBRIDA,SEM_VAGA,0
2026-09-01T17:31:56,DERMATOLOGIA,SEM_VAGA,0
2026-09-01T17:32:00,FISIOTERAPIA MEMBROS SUPERIORES,SEM_VAGA,0
2026-09-01T17:32:05,GASTROCLÍNICA,SEM_VAGA,0
2026-09-01T17:32:09,NUTRIÇÃO - DIETÉTICA,SEM_VAGA,0
2026-09-01T17:32:17,ODONTOLOGIA - DENTÍSTICA,VAGA_ENCONTRADA,
2026-09-01T17:32:23,ORTOPEDIA,SEM_VAGA,0
2026-09-01T17:32:26,OTORRINOLARINGOLOGIA,SEM_VAGA,0
2026-09-01T17:32:33,PROCTOLOGIA,VAGA_ENCONTRADA,
2026-09-01T17:32:43,UROLOGIA,VAGA_ENCONTRADA,
2026-09-01T17:37:57,ACUPUNTURA,SEM_VAGA,0
2026-09-01T17:38:02,CIRURGIA PLÁSTICA,SEM_VAGA,0
2026-09-01T17:38:07,CLÍNICA MÉDICA,SEM_VAGA,0
2026-09-01T17:38:11,CLÍNICA MÉDICA - HÍBRIDA,SEM_VAGA,0
2026-09-01T17:38:16,DERMATOLOGIA,SEM_VAGA,0
2026-09-01T17:38:21,FISIOTERAPIA MEMBROS SUPERIORES,SEM_VAGA,0
2026-09-01T17:38:25,GASTROCLÍNICA,SEM_VAGA,0
2026-09-01T17:38:30,NUTRIÇÃO - DIETÉTICA,SEM_VAGA,0
2026-09-01T17:38:38,ODONTOLOGIA - DENTÍSTICA,VAGA_ENCONTRADA,
2026-09-01T17:38:44,ORTOPEDIA,SEM_VAGA,0
2026-09-01T17:38:48,OTORRINOLARINGOLOGIA,SEM_VAGA,0
2026-09-01T17:38:55,PROCTOLOGIA,VAGA_ENCONTRADA,
2026-09-01T17:39:05,UROLOGIA,VAGA_ENCONTRADA,
2026-09-01T17:44:18,ACUPUNTURA,SEM_VAGA,0
2026-09-01T17:44:22,CIRURGIA PLÁSTICA,SEM_VAGA,0
2026-09-01T17:44:27,CLÍNICA MÉDICA,SEM_VAGA,0
2026-09-01T17:44:30,CLÍNICA MÉDICA - HÍBRIDA,SEM_VAGA,0
2026-09-01T17:44:33,DERMATOLOGIA,SEM_VAGA,0
2026-09-01T17:44:37,FISIOTERAPIA MEMBROS SUPERIORES,SEM_VAGA,0
2026-09-01T17:44:40,GASTROCLÍNICA,SEM_VAGA,0
2026-09-01T17:44:43,NUTRIÇÃO - DIETÉTICA,SEM_VAGA,0
2026-09-01T17:44:50,ODONTOLOGIA - DENTÍSTICA,VAGA_ENCONTRADA,
2026-09-01T17:44:56,ORTOPEDIA,SEM_VAGA,0
2026-09-01T17:44:59,OTORRINOLARINGOLOGIA,SEM_VAGA,0
2026-09-01T17:45:06,PROCTOLOGIA,VAGA_ENCONTRADA,
2026-09-01T17:45:16,UROLOGIA,VAGA_ENCONTRADA,
2026-09-01T17:50:27,ACUPUNTURA,SEM_VAGA,0
2026-09-01T17:50:31,CIRURGIA PLÁSTICA,SEM_VAGA,0
2026-09-01T17:50:34,CLÍNICA MÉDICA,SEM_VAGA,0
2026-09-01T17:50:37,CLÍNICA MÉDICA - HÍBRIDA,SEM_VAGA,0
2026-09-01T17:50:40,DERMATOLOGIA,SEM_VAGA,0
2026-09-01T17:50:44,FISIOTERAPIA MEMBROS SUPERIORES,SEM_VAGA,0
2026-09-01T17:50:47,GASTROCLÍNICA,SEM_VAGA,0
2026-09-01T17:50:50,NUTRIÇÃO - DIETÉTICA,SEM_VAGA,0
2026-09-01T17:50:57,ODONTOLOGIA - DENTÍSTICA,VAGA_ENCONTRADA,
2026-09-01T17:51:03,ORTOPEDIA,SEM_VAGA,0
2026-09-01T17:51:06,OTORRINOLARINGOLOGIA,SEM_VAGA,0
2026-09-01T17:51:13,PROCTOLOGIA,VAGA_ENCONTRADA,
2026-09-01T17:51:23,UROLOGIA,VAGA_ENCONTRADA,
2026-09-01T17:56:34,ACUPUNTURA,SEM_VAGA,0
2026-09-01T17:56:38,CIRURGIA PLÁSTICA,SEM_VAGA,0
2026-09-01T17:56:41,CLÍNICA MÉDICA,SEM_VAGA,0
2026-09-01T17:56:44,CLÍNICA MÉDICA - HÍBRIDA,SEM_VAGA,0
2026-09-01T17:56:47,DERMATOLOGIA,SEM_VAGA,0
2026-09-01T17:56:50,FISIOTERAPIA MEMBROS SUPERIORES,SEM_VAGA,0
2026-09-01T17:56:54,GASTROCLÍNICA,SEM_VAGA,0
2026-09-01T17:56:58,NUTRIÇÃO - DIETÉTICA,SEM_VAGA,0
2026-09-01T17:57:06,ODONTOLOGIA - DENTÍSTICA,VAGA_ENCONTRADA,
2026-09-01T17:57:13,ORTOPEDIA,SEM_VAGA,0
2026-09-01T17:57:16,OTORRINOLARINGOLOGIA,SEM_VAGA,0
2026-09-01T17:57:24,PROCTOLOGIA,VAGA_ENCONTRADA,
2026-09-01T17:57:33,UROLOGIA,VAGA_ENCONTRADA,
2026-09-01T18:02:46,ACUPUNTURA,SEM_VAGA,0
2026-09-01T18:02:49,CIRURGIA PLÁSTICA,SEM_VAGA,0
2026-09-01T18:02:52,CLÍNICA MÉDICA,SEM_VAGA,0
2026-09-01T18:02:55,CLÍNICA MÉDICA - HÍBRIDA,SEM_VAGA,0
2026-09-01T18:02:59,DERMATOLOGIA,SEM_VAGA,0
2026-09-01T18:03:03,FISIOTERAPIA MEMBROS SUPERIORES,SEM_VAGA,0
2026-09-01T18:03:07,GASTROCLÍNICA,SEM_VAGA,0
2026-09-01T18:03:11,NUTRIÇÃO - DIETÉTICA,SEM_VAGA,0
2026-09-01T18:03:18,ODONTOLOGIA - DENTÍSTICA,VAGA_ENCONTRADA,
2026-09-01T18:03:24,ORTOPEDIA,SEM_VAGA,0
2026-09-01T18:03:27,OTORRINOLARINGOLOGIA,SEM_VAGA,0
2026-09-01T18:03:31,PROCTOLOGIA,SEM_VAGA,0
2026-09-01T18:03:38,UROLOGIA,VAGA_ENCONTRADA,
2026-09-01T18:08:49,ACUPUNTURA,SEM_VAGA,0
2026-09-01T18:08:52,CIRURGIA PLÁSTICA,SEM_VAGA,0
2026-09-01T18:08:56,CLÍNICA MÉDICA,SEM_VAGA,0
2026-09-01T18:08:59,CLÍNICA MÉDICA - HÍBRIDA,SEM_VAGA,0
2026-09-01T18:09:02,DERMATOLOGIA,SEM_VAGA,0
2026-09-01T18:09:06,FISIOTERAPIA MEMBROS SUPERIORES,SEM_VAGA,0
2026-09-01T18:09:09,GASTROCLÍNICA,SEM_VAGA,0
2026-09-01T18:09:12,NUTRIÇÃO - DIETÉTICA,SEM_VAGA,0
2026-09-01T18:09:16,ODONTOLOGIA - DENTÍSTICA,SEM_VAGA,0
2026-09-01T18:09:19,ORTOPEDIA,SEM_VAGA,0
2026-09-01T18:09:22,OTORRINOLARINGOLOGIA,SEM_VAGA,0
2026-09-01T18:09:26,PROCTOLOGIA,SEM_VAGA,0
2026-09-01T18:09:33,UROLOGIA,VAGA_ENCONTRADA,
2026-09-01T18:14:44,ACUPUNTURA,SEM_VAGA,0
2026-09-01T18:14:48,CIRURGIA PLÁSTICA,SEM_VAGA,0
2026-09-01T18:14:53,CLÍNICA MÉDICA,SEM_VAGA,0
2026-09-01T18:14:57,CLÍNICA MÉDICA - HÍBRIDA,SEM_VAGA,0
2026-09-01T18:15:01,DERMATOLOGIA,SEM_VAGA,0
2026-09-01T18:15:04,FISIOTERAPIA MEMBROS SUPERIORES,SEM_VAGA,0
2026-09-01T18:15:08,GASTROCLÍNICA,SEM_VAGA,0
2026-09-01T18:15:11,NUTRIÇÃO - DIETÉTICA,SEM_VAGA,0
2026-09-01T18:15:14,ODONTOLOGIA - DENTÍSTICA,SEM_VAGA,0
2026-09-01T18:15:17,ORTOPEDIA,SEM_VAGA,0
2026-09-01T18:15:21,OTORRINOLARINGOLOGIA,SEM_VAGA,0
2026-09-01T18:15:24,PROCTOLOGIA,SEM_VAGA,0
2026-09-01T18:15:31,UROLOGIA,VAGA_ENCONTRADA,
2026-09-01T18:20:42,ACUPUNTURA,SEM_VAGA,0
2026-09-01T18:20:46,CIRURGIA PLÁSTICA,SEM_VAGA,0
2026-09-01T18:20:49,CLÍNICA MÉDICA,SEM_VAGA,0
2026-09-01T18:20:52,CLÍNICA MÉDICA - HÍBRIDA,SEM_VAGA,0
2026-09-01T18:20:55,DERMATOLOGIA,SEM_VAGA,0
2026-09-01T18:20:59,FISIOTERAPIA MEMBROS SUPERIORES,SEM_VAGA,0
2026-09-01T18:21:02,GASTROCLÍNICA,SEM_VAGA,0
2026-09-01T18:21:05,NUTRIÇÃO - DIETÉTICA,SEM_VAGA,0
2026-09-01T18:21:09,ODONTOLOGIA - DENTÍSTICA,SEM_VAGA,0
2026-09-01T18:21:12,ORTOPEDIA,SEM_VAGA,0
2026-09-01T18:21:15,OTORRINOLARINGOLOGIA,SEM_VAGA,0
2026-09-01T18:21:18,PROCTOLOGIA,SEM_VAGA,0
2026-09-01T18:21:25,UROLOGIA,VAGA_ENCONTRADA,
2026-09-01T18:26:37,ACUPUNTURA,SEM_VAGA,0
2026-09-01T18:26:40,CIRURGIA PLÁSTICA,SEM_VAGA,0
2026-09-01T18:26:44,CLÍNICA MÉDICA,SEM_VAGA,0
2026-09-01T18:26:47,CLÍNICA MÉDICA - HÍBRIDA,SEM_VAGA,0
2026-09-01T18:26:50,DERMATOLOGIA,SEM_VAGA,0
2026-09-01T18:26:54,FISIOTERAPIA MEMBROS SUPERIORES,SEM_VAGA,0
2026-09-01T18:26:57,GASTROCLÍNICA,SEM_VAGA,0
2026-09-01T18:27:00,NUTRIÇÃO - DIETÉTICA,SEM_VAGA,0
2026-09-01T18:27:04,ODONTOLOGIA - DENTÍSTICA,SEM_VAGA,0
2026-09-01T18:27:06,ORTOPEDIA,SEM_VAGA,0
2026-09-01T18:27:10,OTORRINOLARINGOLOGIA,SEM_VAGA,0
2026-09-01T18:27:13,PROCTOLOGIA,SEM_VAGA,0
2026-09-01T18:27:20,UROLOGIA,VAGA_ENCONTRADA,
2026-09-01T18:32:31,ACUPUNTURA,SEM_VAGA,0
2026-09-01T18:32:34,CIRURGIA PLÁSTICA,SEM_VAGA,0
2026-09-01T18:32:38,CLÍNICA MÉDICA,SEM_VAGA,0
2026-09-01T18:32:41,CLÍNICA MÉDICA - HÍBRIDA,SEM_VAGA,0
2026-09-01T18:32:45,DERMATOLOGIA,SEM_VAGA,0
2026-09-01T18:32:48,FISIOTERAPIA MEMBROS SUPERIORES,SEM_VAGA,0
2026-09-01T18:32:52,GASTROCLÍNICA,SEM_VAGA,0
2026-09-01T18:32:56,NUTRIÇÃO - DIETÉTICA,SEM_VAGA,0
2026-09-01T18:33:00,ODONTOLOGIA - DENTÍSTICA,SEM_VAGA,0
2026-09-01T18:33:03,ORTOPEDIA,SEM_VAGA,0
2026-09-01T18:33:07,OTORRINOLARINGOLOGIA,SEM_VAGA,0
2026-09-01T18:33:11,PROCTOLOGIA,SEM_VAGA,0
2026-09-01T18:33:18,UROLOGIA,VAGA_ENCONTRADA,
2026-09-01T18:38:29,ACUPUNTURA,SEM_VAGA,0
2026-09-01T18:38:32,CIRURGIA PLÁSTICA,SEM_VAGA,0
2026-09-01T18:38:36,CLÍNICA MÉDICA,SEM_VAGA,0
2026-09-01T18:38:40,CLÍNICA MÉDICA - HÍBRIDA,SEM_VAGA,0
2026-09-01T18:38:44,DERMATOLOGIA,SEM_VAGA,0
2026-09-01T18:38:48,FISIOTERAPIA MEMBROS SUPERIORES,SEM_VAGA,0
2026-09-01T18:38:52,GASTROCLÍNICA,SEM_VAGA,0
2026-09-01T18:38:56,NUTRIÇÃO - DIETÉTICA,SEM_VAGA,0
2026-09-01T18:38:59,ODONTOLOGIA - DENTÍSTICA,SEM_VAGA,0
2026-09-01T18:39:03,ORTOPEDIA,SEM_VAGA,0
2026-09-01T18:39:06,OTORRINOLARINGOLOGIA,SEM_VAGA,0
2026-09-01T18:39:10,PROCTOLOGIA,SEM_VAGA,0
2026-09-01T18:39:16,UROLOGIA,VAGA_ENCONTRADA,
2026-09-01T18:44:27,ACUPUNTURA,SEM_VAGA,0
2026-09-01T18:44:31,CIRURGIA PLÁSTICA,SEM_VAGA,0
2026-09-01T18:44:34,CLÍNICA MÉDICA,SEM_VAGA,0
2026-09-01T18:44:37,CLÍNICA MÉDICA - HÍBRIDA,SEM_VAGA,0
2026-09-01T18:44:40,DERMATOLOGIA,SEM_VAGA,0
2026-09-01T18:44:43,FISIOTERAPIA MEMBROS SUPERIORES,SEM_VAGA,0
2026-09-01T18:44:47,GASTROCLÍNICA,SEM_VAGA,0
2026-09-01T18:44:50,NUTRIÇÃO - DIETÉTICA,SEM_VAGA,0
2026-09-01T18:44:53,ODONTOLOGIA - DENTÍSTICA,SEM_VAGA,0
2026-09-01T18:44:57,ORTOPEDIA,SEM_VAGA,0
2026-09-01T18:45:00,OTORRINOLARINGOLOGIA,SEM_VAGA,0
2026-09-01T18:45:03,PROCTOLOGIA,SEM_VAGA,0
2026-09-01T18:45:10,UROLOGIA,VAGA_ENCONTRADA,
2026-09-01T18:50:21,ACUPUNTURA,SEM_VAGA,0
2026-09-01T18:50:24,CIRURGIA PLÁSTICA,SEM_VAGA,0
2026-09-01T18:50:29,CLÍNICA MÉDICA,SEM_VAGA,0
2026-09-01T18:50:33,CLÍNICA MÉDICA - HÍBRIDA,SEM_VAGA,0
2026-09-01T18:50:38,DERMATOLOGIA,SEM_VAGA,0
2026-09-01T18:50:42,FISIOTERAPIA MEMBROS SUPERIORES,SEM_VAGA,0
2026-09-01T18:50:45,GASTROCLÍNICA,SEM_VAGA,0
2026-09-01T18:50:48,NUTRIÇÃO - DIETÉTICA,SEM_VAGA,0
2026-09-01T18:50:52,ODONTOLOGIA - DENTÍSTICA,SEM_VAGA,0
2026-09-01T18:50:55,ORTOPEDIA,SEM_VAGA,0
2026-09-01T18:50:59,OTORRINOLARINGOLOGIA,SEM_VAGA,0
2026-09-01T18:51:02,PROCTOLOGIA,SEM_VAGA,0
2026-09-01T18:51:09,UROLOGIA,VAGA_ENCONTRADA,
2026-09-01T18:56:20,ACUPUNTURA,SEM_VAGA,0
2026-09-01T18:56:24,CIRURGIA PLÁSTICA,SEM_VAGA,0
2026-09-01T18:56:27,CLÍNICA MÉDICA,SEM_VAGA,0
2026-09-01T18:56:30,CLÍNICA MÉDICA - HÍBRIDA,SEM_VAGA,0
2026-09-01T18:56:34,DERMATOLOGIA,SEM_VAGA,0
2026-09-01T18:56:37,FISIOTERAPIA MEMBROS SUPERIORES,SEM_VAGA,0
2026-09-01T18:56:41,GASTROCLÍNICA,SEM_VAGA,0
2026-09-01T18:56:44,NUTRIÇÃO - DIETÉTICA,SEM_VAGA,0
2026-09-01T18:56:47,ODONTOLOGIA - DENTÍSTICA,SEM_VAGA,0
2026-09-01T18:56:50,ORTOPEDIA,SEM_VAGA,0
2026-09-01T18:56:54,OTORRINOLARINGOLOGIA,SEM_VAGA,0
2026-09-01T18:56:57,PROCTOLOGIA,SEM_VAGA,0
2026-09-01T18:57:04,UROLOGIA,VAGA_ENCONTRADA,
2026-09-01T19:02:17,ACUPUNTURA,SEM_VAGA,0
2026-09-01T19:02:22,CIRURGIA PLÁSTICA,SEM_VAGA,0
2026-09-01T19:02:26,CLÍNICA MÉDICA,SEM_VAGA,0
2026-09-01T19:02:29,CLÍNICA MÉDICA - HÍBRIDA,SEM_VAGA,0
2026-09-01T19:02:32,DERMATOLOGIA,SEM_VAGA,0
2026-09-01T19:02:35,FISIOTERAPIA MEMBROS SUPERIORES,SEM_VAGA,0
2026-09-01T19:02:38,GASTROCLÍNICA,SEM_VAGA,0
2026-09-01T19:02:42,NUTRIÇÃO - DIETÉTICA,SEM_VAGA,0
2026-09-01T19:02:44,ODONTOLOGIA - DENTÍSTICA,SEM_VAGA,0
2026-09-01T19:02:48,ORTOPEDIA,SEM_VAGA,0
2026-09-01T19:02:51,OTORRINOLARINGOLOGIA,SEM_VAGA,0
2026-09-01T19:02:55,PROCTOLOGIA,SEM_VAGA,0
2026-09-01T19:03:02,UROLOGIA,VAGA_ENCONTRADA,
2026-09-01T19:08:13,ACUPUNTURA,SEM_VAGA,0
2026-09-01T19:08:17,CIRURGIA PLÁSTICA,SEM_VAGA,0
2026-09-01T19:08:24,CLÍNICA MÉDICA,VAGA_ENCONTRADA,
2026-09-01T19:08:31,CLÍNICA MÉDICA - HÍBRIDA,SEM_VAGA,0
2026-09-01T19:08:34,DERMATOLOGIA,SEM_VAGA,0
2026-09-01T19:08:37,FISIOTERAPIA MEMBROS SUPERIORES,SEM_VAGA,0
2026-09-01T19:08:40,GASTROCLÍNICA,SEM_VAGA,0
2026-09-01T19:08:44,NUTRIÇÃO - DIETÉTICA,SEM_VAGA,0
2026-09-01T19:08:47,ODONTOLOGIA - DENTÍSTICA,SEM_VAGA,0
2026-09-01T19:08:51,ORTOPEDIA,SEM_VAGA,0
2026-09-01T19:08:54,OTORRINOLARINGOLOGIA,SEM_VAGA,0
2026-09-01T19:08:57,PROCTOLOGIA,SEM_VAGA,0
2026-09-01T19:09:04,UROLOGIA,VAGA_ENCONTRADA,
2026-09-01T19:14:17,ACUPUNTURA,SEM_VAGA,0
2026-09-01T19:14:20,CIRURGIA PLÁSTICA,SEM_VAGA,0
2026-09-01T19:14:27,CLÍNICA MÉDICA,VAGA_ENCONTRADA,
2026-09-01T19:14:33,CLÍNICA MÉDICA - HÍBRIDA,SEM_VAGA,0
2026-09-01T19:14:36,DERMATOLOGIA,SEM_VAGA,0
2026-09-01T19:14:39,FISIOTERAPIA MEMBROS SUPERIORES,SEM_VAGA,0
2026-09-01T19:14:43,GASTROCLÍNICA,SEM_VAGA,0
2026-09-01T19:14:46,NUTRIÇÃO - DIETÉTICA,SEM_VAGA,0
2026-09-01T19:14:49,ODONTOLOGIA - DENTÍSTICA,SEM_VAGA,0
2026-09-01T19:14:52,ORTOPEDIA,SEM_VAGA,0
2026-09-01T19:14:56,OTORRINOLARINGOLOGIA,SEM_VAGA,0
2026-09-01T19:14:59,PROCTOLOGIA,SEM_VAGA,0
2026-09-01T19:15:06,UROLOGIA,VAGA_ENCONTRADA,
2026-09-01T19:20:17,ACUPUNTURA,SEM_VAGA,0
2026-09-01T19:20:20,CIRURGIA PLÁSTICA,SEM_VAGA,0
2026-09-01T19:20:24,CLÍNICA MÉDICA,SEM_VAGA,0
2026-09-01T19:20:26,CLÍNICA MÉDICA - HÍBRIDA,SEM_VAGA,0
2026-09-01T19:20:30,DERMATOLOGIA,SEM_VAGA,0
2026-09-01T19:20:34,FISIOTERAPIA MEMBROS SUPERIORES,SEM_VAGA,0
2026-09-01T19:20:38,GASTROCLÍNICA,SEM_VAGA,0
2026-09-01T19:20:42,NUTRIÇÃO - DIETÉTICA,SEM_VAGA,0
2026-09-01T19:20:47,ODONTOLOGIA - DENTÍSTICA,SEM_VAGA,0
2026-09-01T19:20:52,ORTOPEDIA,SEM_VAGA,0
2026-09-01T19:20:56,OTORRINOLARINGOLOGIA,SEM_VAGA,0
2026-09-01T19:21:01,PROCTOLOGIA,SEM_VAGA,0
2026-09-01T19:21:08,UROLOGIA,VAGA_ENCONTRADA,
2026-09-01T19:26:19,ACUPUNTURA,SEM_VAGA,0
2026-09-01T19:26:22,CIRURGIA PLÁSTICA,SEM_VAGA,0
2026-09-01T19:26:25,CLÍNICA MÉDICA,SEM_VAGA,0
2026-09-01T19:26:28,CLÍNICA MÉDICA - HÍBRIDA,SEM_VAGA,0
2026-09-01T19:26:32,DERMATOLOGIA,SEM_VAGA,0
2026-09-01T19:26:35,FISIOTERAPIA MEMBROS SUPERIORES,SEM_VAGA,0
2026-09-01T19:26:38,GASTROCLÍNICA,SEM_VAGA,0
2026-09-01T19:26:42,NUTRIÇÃO - DIETÉTICA,SEM_VAGA,0
2026-09-01T19:26:45,ODONTOLOGIA - DENTÍSTICA,SEM_VAGA,0
2026-09-01T19:26:48,ORTOPEDIA,SEM_VAGA,0
2026-09-01T19:26:51,OTORRINOLARINGOLOGIA,SEM_VAGA,0
2026-09-01T19:26:54,PROCTOLOGIA,SEM_VAGA,0
2026-09-01T19:27:01,UROLOGIA,VAGA_ENCONTRADA,
2026-09-01T19:32:13,ACUPUNTURA,SEM_VAGA,0
2026-09-01T19:32:16,CIRURGIA PLÁSTICA,SEM_VAGA,0
2026-09-01T19:32:19,CLÍNICA MÉDICA,SEM_VAGA,0
2026-09-01T19:32:22,CLÍNICA MÉDICA - HÍBRIDA,SEM_VAGA,0
2026-09-01T19:32:25,DERMATOLOGIA,SEM_VAGA,0
2026-09-01T19:32:29,FISIOTERAPIA MEMBROS SUPERIORES,SEM_VAGA,0
2026-09-01T19:32:32,GASTROCLÍNICA,SEM_VAGA,0
2026-09-01T19:32:36,NUTRIÇÃO - DIETÉTICA,SEM_VAGA,0
2026-09-01T19:32:39,ODONTOLOGIA - DENTÍSTICA,SEM_VAGA,0
2026-09-01T19:32:42,ORTOPEDIA,SEM_VAGA,0
2026-09-01T19:32:45,OTORRINOLARINGOLOGIA,SEM_VAGA,0
2026-09-01T19:32:49,PROCTOLOGIA,SEM_VAGA,0
2026-09-01T19:32:56,UROLOGIA,VAGA_ENCONTRADA,
2026-09-01T19:38:07,ACUPUNTURA,SEM_VAGA,0
2026-09-01T19:38:10,CIRURGIA PLÁSTICA,SEM_VAGA,0
2026-09-01T19:38:13,CLÍNICA MÉDICA,SEM_VAGA,0
2026-09-01T19:38:16,CLÍNICA MÉDICA - HÍBRIDA,SEM_VAGA,0
2026-09-01T19:38:20,DERMATOLOGIA,SEM_VAGA,0
2026-09-01T19:38:23,FISIOTERAPIA MEMBROS SUPERIORES,SEM_VAGA,0
2026-09-01T19:38:26,GASTROCLÍNICA,SEM_VAGA,0
2026-09-01T19:38:29,NUTRIÇÃO - DIETÉTICA,SEM_VAGA,0
2026-09-01T19:38:33,ODONTOLOGIA - DENTÍSTICA,SEM_VAGA,0
2026-09-01T19:38:36,ORTOPEDIA,SEM_VAGA,0
2026-09-01T19:38:39,OTORRINOLARINGOLOGIA,SEM_VAGA,0
2026-09-01T19:38:42,PROCTOLOGIA,SEM_VAGA,0
2026-09-01T19:38:49,UROLOGIA,VAGA_ENCONTRADA,
2026-09-01T19:44:01,ACUPUNTURA,SEM_VAGA,0
2026-09-01T19:44:04,CIRURGIA PLÁSTICA,SEM_VAGA,0
2026-09-01T19:44:07,CLÍNICA MÉDICA,SEM_VAGA,0
2026-09-01T19:44:10,CLÍNICA MÉDICA - HÍBRIDA,SEM_VAGA,0
2026-09-01T19:44:14,DERMATOLOGIA,SEM_VAGA,0
2026-09-01T19:44:18,FISIOTERAPIA MEMBROS SUPERIORES,SEM_VAGA,0
2026-09-01T19:44:21,GASTROCLÍNICA,SEM_VAGA,0
2026-09-01T19:44:25,NUTRIÇÃO - DIETÉTICA,SEM_VAGA,0
2026-09-01T19:44:28,ODONTOLOGIA - DENTÍSTICA,SEM_VAGA,0
2026-09-01T19:44:32,ORTOPEDIA,SEM_VAGA,0
2026-09-01T19:44:37,OTORRINOLARINGOLOGIA,SEM_VAGA,0
2026-09-01T19:44:41,PROCTOLOGIA,SEM_VAGA,0
2026-09-01T19:44:49,UROLOGIA,VAGA_ENCONTRADA,
2026-09-01T19:50:00,ACUPUNTURA,SEM_VAGA,0
2026-09-01T19:50:04,CIRURGIA PLÁSTICA,SEM_VAGA,0
2026-09-01T19:50:07,CLÍNICA MÉDICA,SEM_VAGA,0
2026-09-01T19:50:10,CLÍNICA MÉDICA - HÍBRIDA,SEM_VAGA,0
2026-09-01T19:50:13,DERMATOLOGIA,SEM_VAGA,0
2026-09-01T19:50:17,FISIOTERAPIA MEMBROS SUPERIORES,SEM_VAGA,0
2026-09-01T19:50:20,GASTROCLÍNICA,SEM_VAGA,0
2026-09-01T19:50:23,NUTRIÇÃO - DIETÉTICA,SEM_VAGA,0
2026-09-01T19:50:26,ODONTOLOGIA - DENTÍSTICA,SEM_VAGA,0
2026-09-01T19:50:29,ORTOPEDIA,SEM_VAGA,0
2026-09-01T19:50:33,OTORRINOLARINGOLOGIA,SEM_VAGA,0
2026-09-01T19:50:36,PROCTOLOGIA,SEM_VAGA,0
2026-09-01T19:50:43,UROLOGIA,VAGA_ENCONTRADA,
2026-09-01T19:55:54,ACUPUNTURA,SEM_VAGA,0
2026-09-01T19:55:57,CIRURGIA PLÁSTICA,SEM_VAGA,0
2026-09-01T19:56:00,CLÍNICA MÉDICA,SEM_VAGA,0
2026-09-01T19:56:03,CLÍNICA MÉDICA - HÍBRIDA,SEM_VAGA,0
2026-09-01T19:56:07,DERMATOLOGIA,SEM_VAGA,0
2026-09-01T19:56:10,FISIOTERAPIA MEMBROS SUPERIORES,SEM_VAGA,0
2026-09-01T19:56:13,GASTROCLÍNICA,SEM_VAGA,0
2026-09-01T19:56:16,NUTRIÇÃO - DIETÉTICA,SEM_VAGA,0
2026-09-01T19:56:20,ODONTOLOGIA - DENTÍSTICA,SEM_VAGA,0
2026-09-01T19:56:23,ORTOPEDIA,SEM_VAGA,0
2026-09-01T19:56:26,OTORRINOLARINGOLOGIA,SEM_VAGA,0
2026-09-01T19:56:29,PROCTOLOGIA,SEM_VAGA,0
2026-09-01T19:56:36,UROLOGIA,VAGA_ENCONTRADA,
2026-09-01T20:01:48,ACUPUNTURA,SEM_VAGA,0
2026-09-01T20:01:51,CIRURGIA PLÁSTICA,SEM_VAGA,0
2026-09-01T20:01:54,CLÍNICA MÉDICA,SEM_VAGA,0
2026-09-01T20:01:58,CLÍNICA MÉDICA - HÍBRIDA,SEM_VAGA,0
2026-09-01T20:02:03,DERMATOLOGIA,SEM_VAGA,0
2026-09-01T20:02:08,FISIOTERAPIA MEMBROS SUPERIORES,SEM_VAGA,0
2026-09-01T20:02:13,GASTROCLÍNICA,SEM_VAGA,0
2026-09-01T20:02:18,NUTRIÇÃO - DIETÉTICA,SEM_VAGA,0
2026-09-01T20:02:24,ODONTOLOGIA - DENTÍSTICA,SEM_VAGA,0
2026-09-01T20:02:29,ORTOPEDIA,SEM_VAGA,0
2026-09-01T20:02:32,OTORRINOLARINGOLOGIA,SEM_VAGA,0
2026-09-01T20:02:37,PROCTOLOGIA,SEM_VAGA,0
2026-09-01T20:02:44,UROLOGIA,VAGA_ENCONTRADA,
2026-09-01T20:07:56,ACUPUNTURA,SEM_VAGA,0
2026-09-01T20:07:59,CIRURGIA PLÁSTICA,SEM_VAGA,0
2026-09-01T20:08:03,CLÍNICA MÉDICA,SEM_VAGA,0
2026-09-01T20:08:06,CLÍNICA MÉDICA - HÍBRIDA,SEM_VAGA,0
2026-09-01T20:08:09,DERMATOLOGIA,SEM_VAGA,0
2026-09-01T20:08:12,FISIOTERAPIA MEMBROS SUPERIORES,SEM_VAGA,0
2026-09-01T20:08:15,GASTROCLÍNICA,SEM_VAGA,0
2026-09-01T20:08:19,NUTRIÇÃO - DIETÉTICA,SEM_VAGA,0
2026-09-01T20:08:22,ODONTOLOGIA - DENTÍSTICA,SEM_VAGA,0
2026-09-01T20:08:25,ORTOPEDIA,SEM_VAGA,0
2026-09-01T20:08:29,OTORRINOLARINGOLOGIA,SEM_VAGA,0
2026-09-01T20:08:32,PROCTOLOGIA,SEM_VAGA,0
2026-09-01T20:08:39,UROLOGIA,VAGA_ENCONTRADA,
2026-09-01T20:13:50,ACUPUNTURA,SEM_VAGA,0
2026-09-01T20:13:53,CIRURGIA PLÁSTICA,SEM_VAGA,0
2026-09-01T20:13:56,CLÍNICA MÉDICA,SEM_VAGA,0
2026-09-01T20:14:00,CLÍNICA MÉDICA - HÍBRIDA,SEM_VAGA,0
2026-09-01T20:14:04,DERMATOLOGIA,SEM_VAGA,0
2026-09-01T20:14:07,FISIOTERAPIA MEMBROS SUPERIORES,SEM_VAGA,0
2026-09-01T20:14:10,GASTROCLÍNICA,SEM_VAGA,0
2026-09-01T20:14:13,NUTRIÇÃO - DIETÉTICA,SEM_VAGA,0
2026-09-01T20:14:17,ODONTOLOGIA - DENTÍSTICA,SEM_VAGA,0
2026-09-01T20:14:20,ORTOPEDIA,SEM_VAGA,0
2026-09-01T20:14:24,OTORRINOLARINGOLOGIA,SEM_VAGA,0
2026-09-01T20:14:27,PROCTOLOGIA,SEM_VAGA,0
2026-09-01T20:14:34,UROLOGIA,VAGA_ENCONTRADA,
2026-09-01T20:19:45,ACUPUNTURA,SEM_VAGA,0
2026-09-01T20:19:50,CIRURGIA PLÁSTICA,SEM_VAGA,0
2026-09-01T20:19:53,CLÍNICA MÉDICA,SEM_VAGA,0
2026-09-01T20:19:57,CLÍNICA MÉDICA - HÍBRIDA,SEM_VAGA,0
2026-09-01T20:20:01,DERMATOLOGIA,SEM_VAGA,0
2026-09-01T20:20:05,FISIOTERAPIA MEMBROS SUPERIORES,SEM_VAGA,0
2026-09-01T20:20:10,GASTROCLÍNICA,SEM_VAGA,0
2026-09-01T20:20:13,NUTRIÇÃO - DIETÉTICA,SEM_VAGA,0
2026-09-01T20:20:18,ODONTOLOGIA - DENTÍSTICA,SEM_VAGA,0
2026-09-01T20:20:21,ORTOPEDIA,SEM_VAGA,0
2026-09-01T20:20:24,OTORRINOLARINGOLOGIA,SEM_VAGA,0
2026-09-01T20:20:27,PROCTOLOGIA,SEM_VAGA,0
2026-09-01T20:20:34,UROLOGIA,VAGA_ENCONTRADA,
2026-09-01T20:25:47,ACUPUNTURA,SEM_VAGA,0
2026-09-01T20:25:52,CIRURGIA PLÁSTICA,SEM_VAGA,0
2026-09-01T20:25:55,CLÍNICA MÉDICA,SEM_VAGA,0
2026-09-01T20:25:58,CLÍNICA MÉDICA - HÍBRIDA,SEM_VAGA,0
2026-09-01T20:26:01,DERMATOLOGIA,SEM_VAGA,0
2026-09-01T20:26:05,FISIOTERAPIA MEMBROS SUPERIORES,SEM_VAGA,0
2026-09-01T20:26:08,GASTROCLÍNICA,SEM_VAGA,0
2026-09-01T20:26:11,NUTRIÇÃO - DIETÉTICA,SEM_VAGA,0
2026-09-01T20:26:14,ODONTOLOGIA - DENTÍSTICA,SEM_VAGA,0
2026-09-01T20:26:18,ORTOPEDIA,SEM_VAGA,0
2026-09-01T20:26:21,OTORRINOLARINGOLOGIA,SEM_VAGA,0
2026-09-01T20:26:24,PROCTOLOGIA,SEM_VAGA,0
2026-09-01T20:26:31,UROLOGIA,VAGA_ENCONTRADA,
2026-09-01T20:31:43,ACUPUNTURA,SEM_VAGA,0
2026-09-01T20:31:48,CIRURGIA PLÁSTICA,SEM_VAGA,0
2026-09-01T20:31:51,CLÍNICA MÉDICA,SEM_VAGA,0
2026-09-01T20:31:54,CLÍNICA MÉDICA - HÍBRIDA,SEM_VAGA,0
2026-09-01T20:31:57,DERMATOLOGIA,SEM_VAGA,0
2026-09-01T20:32:01,FISIOTERAPIA MEMBROS SUPERIORES,SEM_VAGA,0
2026-09-01T20:32:04,GASTROCLÍNICA,SEM_VAGA,0
2026-09-01T20:32:07,NUTRIÇÃO - DIETÉTICA,SEM_VAGA,0
2026-09-01T20:32:11,ODONTOLOGIA - DENTÍSTICA,SEM_VAGA,0
2026-09-01T20:32:14,ORTOPEDIA,SEM_VAGA,0
2026-09-01T20:32:17,OTORRINOLARINGOLOGIA,SEM_VAGA,0
2026-09-01T20:32:20,PROCTOLOGIA,SEM_VAGA,0
2026-09-01T20:32:27,UROLOGIA,VAGA_ENCONTRADA,
2026-09-01T20:37:38,ACUPUNTURA,SEM_VAGA,0
2026-09-01T20:37:41,CIRURGIA PLÁSTICA,SEM_VAGA,0
2026-09-01T20:37:46,CLÍNICA MÉDICA,SEM_VAGA,0
2026-09-01T20:37:49,CLÍNICA MÉDICA - HÍBRIDA,SEM_VAGA,0
2026-09-01T20:37:53,DERMATOLOGIA,SEM_VAGA,0
2026-09-01T20:37:56,FISIOTERAPIA MEMBROS SUPERIORES,SEM_VAGA,0
2026-09-01T20:37:59,GASTROCLÍNICA,SEM_VAGA,0
2026-09-01T20:38:03,NUTRIÇÃO - DIETÉTICA,SEM_VAGA,0
2026-09-01T20:38:06,ODONTOLOGIA - DENTÍSTICA,SEM_VAGA,0
2026-09-01T20:38:09,ORTOPEDIA,SEM_VAGA,0
2026-09-01T20:38:13,OTORRINOLARINGOLOGIA,SEM_VAGA,0
2026-09-01T20:38:16,PROCTOLOGIA,SEM_VAGA,0
2026-09-01T20:38:23,UROLOGIA,VAGA_ENCONTRADA,
2026-09-01T20:43:34,ACUPUNTURA,SEM_VAGA,0
2026-09-01T20:43:37,CIRURGIA PLÁSTICA,SEM_VAGA,0
2026-09-01T20:43:40,CLÍNICA MÉDICA,SEM_VAGA,0
2026-09-01T20:43:44,CLÍNICA MÉDICA - HÍBRIDA,SEM_VAGA,0
2026-09-01T20:43:47,DERMATOLOGIA,SEM_VAGA,0
2026-09-01T20:43:50,FISIOTERAPIA MEMBROS SUPERIORES,SEM_VAGA,0
2026-09-01T20:43:53,GASTROCLÍNICA,SEM_VAGA,0
2026-09-01T20:43:56,NUTRIÇÃO - DIETÉTICA,SEM_VAGA,0
2026-09-01T20:44:00,ODONTOLOGIA - DENTÍSTICA,SEM_VAGA,0
2026-09-01T20:44:03,ORTOPEDIA,SEM_VAGA,0
2026-09-01T20:44:06,OTORRINOLARINGOLOGIA,SEM_VAGA,0
2026-09-01T20:44:10,PROCTOLOGIA,SEM_VAGA,0
2026-09-01T20:44:17,UROLOGIA,VAGA_ENCONTRADA,
2026-09-01T20:49:28,ACUPUNTURA,SEM_VAGA,0
2026-09-01T20:49:31,CIRURGIA PLÁSTICA,SEM_VAGA,0
2026-09-01T20:49:34,CLÍNICA MÉDICA,SEM_VAGA,0
2026-09-01T20:49:37,CLÍNICA MÉDICA - HÍBRIDA,SEM_VAGA,0
2026-09-01T20:49:40,DERMATOLOGIA,SEM_VAGA,0
2026-09-01T20:49:44,FISIOTERAPIA MEMBROS SUPERIORES,SEM_VAGA,0
2026-09-01T20:49:47,GASTROCLÍNICA,SEM_VAGA,0
2026-09-01T20:49:50,NUTRIÇÃO - DIETÉTICA,SEM_VAGA,0
2026-09-01T20:49:53,ODONTOLOGIA - DENTÍSTICA,SEM_VAGA,0
2026-09-01T20:49:58,ORTOPEDIA,SEM_VAGA,0
2026-09-01T20:50:01,OTORRINOLARINGOLOGIA,SEM_VAGA,0
2026-09-01T20:50:04,PROCTOLOGIA,SEM_VAGA,0
2026-09-01T20:50:11,UROLOGIA,VAGA_ENCONTRADA,
2026-09-01T20:55:22,ACUPUNTURA,SEM_VAGA,0
2026-09-01T20:55:25,CIRURGIA PLÁSTICA,SEM_VAGA,0
2026-09-01T20:55:29,CLÍNICA MÉDICA,SEM_VAGA,0
2026-09-01T20:55:31,CLÍNICA MÉDICA - HÍBRIDA,SEM_VAGA,0
2026-09-01T20:55:34,DERMATOLOGIA,SEM_VAGA,0
2026-09-01T20:55:38,FISIOTERAPIA MEMBROS SUPERIORES,SEM_VAGA,0
2026-09-01T20:55:41,GASTROCLÍNICA,SEM_VAGA,0
2026-09-01T20:55:44,NUTRIÇÃO - DIETÉTICA,SEM_VAGA,0
2026-09-01T20:55:47,ODONTOLOGIA - DENTÍSTICA,SEM_VAGA,0
2026-09-01T20:55:50,ORTOPEDIA,SEM_VAGA,0
2026-09-01T20:55:54,OTORRINOLARINGOLOGIA,SEM_VAGA,0
2026-09-01T20:55:57,PROCTOLOGIA,SEM_VAGA,0
2026-09-01T20:56:04,UROLOGIA,VAGA_ENCONTRADA,
2026-09-01T21:01:15,ACUPUNTURA,SEM_VAGA,0
2026-09-01T21:01:18,CIRURGIA PLÁSTICA,SEM_VAGA,0
2026-09-01T21:01:21,CLÍNICA MÉDICA,SEM_VAGA,0
2026-09-01T21:01:39,FISIOTERAPIA MEMBROS SUPERIORES,SEM_VAGA,0
2026-09-01T21:01:42,GASTROCLÍNICA,SEM_VAGA,0
2026-09-01T21:01:45,NUTRIÇÃO - DIETÉTICA,SEM_VAGA,0
2026-09-01T21:01:49,ODONTOLOGIA - DENTÍSTICA,SEM_VAGA,0
2026-09-01T21:01:52,ORTOPEDIA,SEM_VAGA,0
2026-09-01T21:01:55,OTORRINOLARINGOLOGIA,SEM_VAGA,0
2026-09-01T21:01:59,PROCTOLOGIA,SEM_VAGA,0
2026-09-01T21:02:06,UROLOGIA,VAGA_ENCONTRADA,
2026-09-01T21:07:17,ACUPUNTURA,SEM_VAGA,0
2026-09-01T21:07:20,CIRURGIA PLÁSTICA,SEM_VAGA,0
2026-09-01T21:07:24,CLÍNICA MÉDICA,SEM_VAGA,0
2026-09-01T21:07:27,CLÍNICA MÉDICA - HÍBRIDA,SEM_VAGA,0
2026-09-01T21:07:30,DERMATOLOGIA,SEM_VAGA,0
2026-09-01T21:07:33,FISIOTERAPIA MEMBROS SUPERIORES,SEM_VAGA,0
2026-09-01T21:07:36,GASTROCLÍNICA,SEM_VAGA,0
2026-09-01T21:07:39,NUTRIÇÃO - DIETÉTICA,SEM_VAGA,0
2026-09-01T21:07:42,ODONTOLOGIA - DENTÍSTICA,SEM_VAGA,0
2026-09-01T21:07:46,ORTOPEDIA,SEM_VAGA,0
2026-09-01T21:07:49,OTORRINOLARINGOLOGIA,SEM_VAGA,0
2026-09-01T21:07:52,PROCTOLOGIA,SEM_VAGA,0
2026-09-01T21:07:59,UROLOGIA,VAGA_ENCONTRADA,
2026-09-01T21:13:10,ACUPUNTURA,SEM_VAGA,0
2026-09-01T21:13:13,CIRURGIA PLÁSTICA,SEM_VAGA,0
2026-09-01T21:13:16,CLÍNICA MÉDICA,SEM_VAGA,0
2026-09-01T21:13:19,CLÍNICA MÉDICA - HÍBRIDA,SEM_VAGA,0
2026-09-01T21:13:23,DERMATOLOGIA,SEM_VAGA,0
2026-09-01T21:13:26,FISIOTERAPIA MEMBROS SUPERIORES,SEM_VAGA,0
2026-09-01T21:13:29,GASTROCLÍNICA,SEM_VAGA,0
2026-09-01T21:13:32,NUTRIÇÃO - DIETÉTICA,SEM_VAGA,0
2026-09-01T21:13:36,ODONTOLOGIA - DENTÍSTICA,SEM_VAGA,0
2026-09-01T21:13:39,ORTOPEDIA,SEM_VAGA,0
2026-09-01T21:13:42,OTORRINOLARINGOLOGIA,SEM_VAGA,0
2026-09-01T21:13:45,PROCTOLOGIA,SEM_VAGA,0
2026-09-01T21:13:52,UROLOGIA,VAGA_ENCONTRADA,
2026-09-01T21:19:03,ACUPUNTURA,SEM_VAGA,0
2026-09-01T21:19:06,CIRURGIA PLÁSTICA,SEM_VAGA,0
2026-09-01T21:19:10,CLÍNICA MÉDICA,SEM_VAGA,0
2026-09-01T21:19:12,CLÍNICA MÉDICA - HÍBRIDA,SEM_VAGA,0
2026-09-01T21:19:16,DERMATOLOGIA,SEM_VAGA,0
2026-09-01T21:19:19,FISIOTERAPIA MEMBROS SUPERIORES,SEM_VAGA,0
2026-09-01T21:19:23,GASTROCLÍNICA,SEM_VAGA,0
2026-09-01T21:19:25,NUTRIÇÃO - DIETÉTICA,SEM_VAGA,0
2026-09-01T21:19:29,ODONTOLOGIA - DENTÍSTICA,SEM_VAGA,0
2026-09-01T21:19:32,ORTOPEDIA,SEM_VAGA,0
2026-09-01T21:19:35,OTORRINOLARINGOLOGIA,SEM_VAGA,0
2026-09-01T21:19:38,PROCTOLOGIA,SEM_VAGA,0
2026-09-01T21:19:45,UROLOGIA,VAGA_ENCONTRADA,
2026-09-01T21:24:56,ACUPUNTURA,SEM_VAGA,0
2026-09-01T21:24:59,CIRURGIA PLÁSTICA,SEM_VAGA,0
2026-09-01T21:25:02,CLÍNICA MÉDICA,SEM_VAGA,0
2026-09-01T21:25:05,CLÍNICA MÉDICA - HÍBRIDA,SEM_VAGA,0
2026-09-01T21:25:08,DERMATOLOGIA,SEM_VAGA,0
2026-09-01T21:25:11,FISIOTERAPIA MEMBROS SUPERIORES,SEM_VAGA,0
2026-09-01T21:25:15,GASTROCLÍNICA,SEM_VAGA,0
2026-09-01T21:25:18,NUTRIÇÃO - DIETÉTICA,SEM_VAGA,0
2026-09-01T21:25:21,ODONTOLOGIA - DENTÍSTICA,SEM_VAGA,0
2026-09-01T21:25:24,ORTOPEDIA,SEM_VAGA,0
2026-09-01T21:25:28,OTORRINOLARINGOLOGIA,SEM_VAGA,0
2026-09-01T21:25:31,PROCTOLOGIA,SEM_VAGA,0
2026-09-01T21:25:38,UROLOGIA,VAGA_ENCONTRADA,
2026-09-01T21:30:50,ACUPUNTURA,SEM_VAGA,0
2026-09-01T21:30:54,CIRURGIA PLÁSTICA,SEM_VAGA,0
2026-09-01T21:30:58,CLÍNICA MÉDICA,SEM_VAGA,0
2026-09-01T21:31:02,CLÍNICA MÉDICA - HÍBRIDA,SEM_VAGA,0
2026-09-01T21:31:06,DERMATOLOGIA,SEM_VAGA,0
2026-09-01T21:31:09,FISIOTERAPIA MEMBROS SUPERIORES,SEM_VAGA,0
2026-09-01T21:31:12,GASTROCLÍNICA,SEM_VAGA,0
2026-09-01T21:31:15,NUTRIÇÃO - DIETÉTICA,SEM_VAGA,0
2026-09-01T21:31:19,ODONTOLOGIA - DENTÍSTICA,SEM_VAGA,0
2026-09-01T21:31:22,ORTOPEDIA,SEM_VAGA,0
2026-09-01T21:31:25,OTORRINOLARINGOLOGIA,SEM_VAGA,0
2026-09-01T21:31:29,PROCTOLOGIA,SEM_VAGA,0
2026-09-01T21:31:36,UROLOGIA,VAGA_ENCONTRADA,
2026-09-01T21:36:47,ACUPUNTURA,SEM_VAGA,0
2026-09-01T21:36:52,CIRURGIA PLÁSTICA,SEM_VAGA,0
2026-09-01T21:36:56,CLÍNICA MÉDICA,SEM_VAGA,0
2026-09-01T21:37:00,CLÍNICA MÉDICA - HÍBRIDA,SEM_VAGA,0
2026-09-01T21:37:03,DERMATOLOGIA,SEM_VAGA,0
2026-09-01T21:37:06,FISIOTERAPIA MEMBROS SUPERIORES,SEM_VAGA,0
2026-09-01T21:37:10,GASTROCLÍNICA,SEM_VAGA,0
2026-09-01T21:37:13,NUTRIÇÃO - DIETÉTICA,SEM_VAGA,0
2026-09-01T21:37:17,ODONTOLOGIA - DENTÍSTICA,SEM_VAGA,0
2026-09-01T21:37:20,ORTOPEDIA,SEM_VAGA,0
2026-09-01T21:37:24,OTORRINOLARINGOLOGIA,SEM_VAGA,0
2026-09-01T21:37:28,PROCTOLOGIA,SEM_VAGA,0
2026-09-01T21:37:36,UROLOGIA,VAGA_ENCONTRADA,
2026-09-01T21:42:47,ACUPUNTURA,SEM_VAGA,0
2026-09-01T21:42:51,CIRURGIA PLÁSTICA,SEM_VAGA,0
2026-09-01T21:42:55,CLÍNICA MÉDICA,SEM_VAGA,0
2026-09-01T21:42:58,CLÍNICA MÉDICA - HÍBRIDA,SEM_VAGA,0
2026-09-01T21:43:03,DERMATOLOGIA,SEM_VAGA,0
2026-09-01T21:43:06,FISIOTERAPIA MEMBROS SUPERIORES,SEM_VAGA,0
2026-09-01T21:43:10,GASTROCLÍNICA,SEM_VAGA,0
2026-09-01T21:43:13,NUTRIÇÃO - DIETÉTICA,SEM_VAGA,0
2026-09-01T21:43:16,ODONTOLOGIA - DENTÍSTICA,SEM_VAGA,0
2026-09-01T21:43:20,ORTOPEDIA,SEM_VAGA,0
2026-09-01T21:43:23,OTORRINOLARINGOLOGIA,SEM_VAGA,0
2026-09-01T21:43:26,PROCTOLOGIA,SEM_VAGA,0
2026-09-01T21:43:33,UROLOGIA,VAGA_ENCONTRADA,
2026-09-01T21:48:44,ACUPUNTURA,SEM_VAGA,0
2026-09-01T21:48:47,CIRURGIA PLÁSTICA,SEM_VAGA,0
2026-09-01T21:48:50,CLÍNICA MÉDICA,SEM_VAGA,0
2026-09-01T21:48:53,CLÍNICA MÉDICA - HÍBRIDA,SEM_VAGA,0
2026-09-01T21:48:56,DERMATOLOGIA,SEM_VAGA,0
2026-09-01T21:49:00,FISIOTERAPIA MEMBROS SUPERIORES,SEM_VAGA,0
2026-09-01T21:49:03,GASTROCLÍNICA,SEM_VAGA,0
2026-09-01T21:49:06,NUTRIÇÃO - DIETÉTICA,SEM_VAGA,0
2026-09-01T21:49:10,ODONTOLOGIA - DENTÍSTICA,SEM_VAGA,0
2026-09-01T21:49:13,ORTOPEDIA,SEM_VAGA,0
2026-09-01T21:49:16,OTORRINOLARINGOLOGIA,SEM_VAGA,0
2026-09-01T21:49:20,PROCTOLOGIA,SEM_VAGA,0
2026-09-01T21:49:27,UROLOGIA,VAGA_ENCONTRADA,
2026-09-01T21:54:38,ACUPUNTURA,SEM_VAGA,0
2026-09-01T21:54:42,CIRURGIA PLÁSTICA,SEM_VAGA,0
2026-09-01T21:54:45,CLÍNICA MÉDICA,SEM_VAGA,0
2026-09-01T21:54:48,CLÍNICA MÉDICA - HÍBRIDA,SEM_VAGA,0
2026-09-01T21:54:51,DERMATOLOGIA,SEM_VAGA,0
2026-09-01T21:54:54,FISIOTERAPIA MEMBROS SUPERIORES,SEM_VAGA,0
2026-09-01T21:54:58,GASTROCLÍNICA,SEM_VAGA,0
2026-09-01T21:55:01,NUTRIÇÃO - DIETÉTICA,SEM_VAGA,0
2026-09-01T21:55:04,ODONTOLOGIA - DENTÍSTICA,SEM_VAGA,0
2026-09-01T21:55:07,ORTOPEDIA,SEM_VAGA,0
2026-09-01T21:55:11,OTORRINOLARINGOLOGIA,SEM_VAGA,0
2026-09-01T21:55:14,PROCTOLOGIA,SEM_VAGA,0
2026-09-01T21:55:21,UROLOGIA,VAGA_ENCONTRADA,
2026-09-01T22:00:32,ACUPUNTURA,SEM_VAGA,0
2026-09-01T22:00:35,CIRURGIA PLÁSTICA,SEM_VAGA,0
2026-09-01T22:00:38,CLÍNICA MÉDICA,SEM_VAGA,0
2026-09-01T22:00:41,CLÍNICA MÉDICA - HÍBRIDA,SEM_VAGA,0
2026-09-01T22:00:44,DERMATOLOGIA,SEM_VAGA,0
2026-09-01T22:00:47,FISIOTERAPIA MEMBROS SUPERIORES,SEM_VAGA,0
2026-09-01T22:00:51,GASTROCLÍNICA,SEM_VAGA,0
2026-09-01T22:00:54,NUTRIÇÃO - DIETÉTICA,SEM_VAGA,0
2026-09-01T22:00:57,ODONTOLOGIA - DENTÍSTICA,SEM_VAGA,0
2026-09-01T22:01:00,ORTOPEDIA,SEM_VAGA,0
2026-09-01T22:01:04,OTORRINOLARINGOLOGIA,SEM_VAGA,0
2026-09-01T22:01:07,PROCTOLOGIA,SEM_VAGA,0
2026-09-01T22:01:14,UROLOGIA,VAGA_ENCONTRADA,
2026-09-01T22:06:26,ACUPUNTURA,SEM_VAGA,0
2026-09-01T22:06:29,CIRURGIA PLÁSTICA,SEM_VAGA,0
2026-09-01T22:06:32,CLÍNICA MÉDICA,SEM_VAGA,0
2026-09-01T22:06:35,CLÍNICA MÉDICA - HÍBRIDA,SEM_VAGA,0
2026-09-01T22:06:40,DERMATOLOGIA,SEM_VAGA,0
2026-09-01T22:06:44,FISIOTERAPIA MEMBROS SUPERIORES,SEM_VAGA,0
2026-09-01T22:06:47,GASTROCLÍNICA,SEM_VAGA,0
2026-09-01T22:06:50,NUTRIÇÃO - DIETÉTICA,SEM_VAGA,0
2026-09-01T22:06:54,ODONTOLOGIA - DENTÍSTICA,SEM_VAGA,0
2026-09-01T22:06:57,ORTOPEDIA,SEM_VAGA,0
2026-09-01T22:07:00,OTORRINOLARINGOLOGIA,SEM_VAGA,0
2026-09-01T22:07:03,PROCTOLOGIA,SEM_VAGA,0
2026-09-01T22:07:10,UROLOGIA,VAGA_ENCONTRADA,
2026-09-01T22:12:21,ACUPUNTURA,SEM_VAGA,0
2026-09-01T22:12:25,CIRURGIA PLÁSTICA,SEM_VAGA,0
2026-09-01T22:12:28,CLÍNICA MÉDICA,SEM_VAGA,0
2026-09-01T22:12:31,CLÍNICA MÉDICA - HÍBRIDA,SEM_VAGA,0
2026-09-01T22:12:34,DERMATOLOGIA,SEM_VAGA,0
2026-09-01T22:12:37,FISIOTERAPIA MEMBROS SUPERIORES,SEM_VAGA,0
2026-09-01T22:12:41,GASTROCLÍNICA,SEM_VAGA,0
2026-09-01T22:12:44,NUTRIÇÃO - DIETÉTICA,SEM_VAGA,0
2026-09-01T22:12:47,ODONTOLOGIA - DENTÍSTICA,SEM_VAGA,0
2026-09-01T22:12:52,ORTOPEDIA,SEM_VAGA,0
2026-09-01T22:12:56,OTORRINOLARINGOLOGIA,SEM_VAGA,0
2026-09-01T22:12:59,PROCTOLOGIA,SEM_VAGA,0
2026-09-01T22:13:07,UROLOGIA,VAGA_ENCONTRADA,
2026-09-01T22:18:18,ACUPUNTURA,SEM_VAGA,0
2026-09-01T22:18:21,CIRURGIA PLÁSTICA,SEM_VAGA,0
2026-09-01T22:18:24,CLÍNICA MÉDICA,SEM_VAGA,0
2026-09-01T22:18:27,CLÍNICA MÉDICA - HÍBRIDA,SEM_VAGA,0
2026-09-01T22:18:30,DERMATOLOGIA,SEM_VAGA,0
2026-09-01T22:18:33,FISIOTERAPIA MEMBROS SUPERIORES,SEM_VAGA,0
2026-09-01T22:18:36,GASTROCLÍNICA,SEM_VAGA,0
2026-09-01T22:18:40,NUTRIÇÃO - DIETÉTICA,SEM_VAGA,0
2026-09-01T22:18:43,ODONTOLOGIA - DENTÍSTICA,SEM_VAGA,0
2026-09-01T22:18:47,ORTOPEDIA,SEM_VAGA,0
2026-09-01T22:18:50,OTORRINOLARINGOLOGIA,SEM_VAGA,0
2026-09-01T22:18:53,PROCTOLOGIA,SEM_VAGA,0
2026-09-01T22:19:00,UROLOGIA,VAGA_ENCONTRADA,
2026-09-01T22:24:11,ACUPUNTURA,SEM_VAGA,0
2026-09-01T22:24:14,CIRURGIA PLÁSTICA,SEM_VAGA,0
2026-09-01T22:24:17,CLÍNICA MÉDICA,SEM_VAGA,0
2026-09-01T22:24:20,CLÍNICA MÉDICA - HÍBRIDA,SEM_VAGA,0
2026-09-01T22:24:23,DERMATOLOGIA,SEM_VAGA,0
2026-09-01T22:24:27,FISIOTERAPIA MEMBROS SUPERIORES,SEM_VAGA,0
2026-09-01T22:24:30,GASTROCLÍNICA,SEM_VAGA,0
2026-09-01T22:24:33,NUTRIÇÃO - DIETÉTICA,SEM_VAGA,0
2026-09-01T22:24:36,ODONTOLOGIA - DENTÍSTICA,SEM_VAGA,0
2026-09-01T22:24:40,ORTOPEDIA,SEM_VAGA,0
2026-09-01T22:24:43,OTORRINOLARINGOLOGIA,SEM_VAGA,0
2026-09-01T22:24:46,PROCTOLOGIA,SEM_VAGA,0
2026-09-01T22:24:53,UROLOGIA,VAGA_ENCONTRADA,
2026-09-01T22:30:05,ACUPUNTURA,SEM_VAGA,0
2026-09-01T22:30:08,CIRURGIA PLÁSTICA,SEM_VAGA,0
2026-09-01T22:30:11,CLÍNICA MÉDICA,SEM_VAGA,0
2026-09-01T22:30:15,CLÍNICA MÉDICA - HÍBRIDA,SEM_VAGA,0
2026-09-01T22:30:18,DERMATOLOGIA,SEM_VAGA,0
2026-09-01T22:30:22,FISIOTERAPIA MEMBROS SUPERIORES,SEM_VAGA,0
2026-09-01T22:30:25,GASTROCLÍNICA,SEM_VAGA,0
2026-09-01T22:30:28,NUTRIÇÃO - DIETÉTICA,SEM_VAGA,0
2026-09-01T22:30:31,ODONTOLOGIA - DENTÍSTICA,SEM_VAGA,0
2026-09-01T22:30:35,ORTOPEDIA,SEM_VAGA,0
2026-09-01T22:30:38,OTORRINOLARINGOLOGIA,SEM_VAGA,0
2026-09-01T22:30:41,PROCTOLOGIA,SEM_VAGA,0
2026-09-01T22:30:48,UROLOGIA,VAGA_ENCONTRADA,
2026-09-01T22:35:59,ACUPUNTURA,SEM_VAGA,0
2026-09-01T22:36:03,CIRURGIA PLÁSTICA,SEM_VAGA,0
2026-09-01T22:36:06,CLÍNICA MÉDICA,SEM_VAGA,0
2026-09-01T22:36:09,CLÍNICA MÉDICA - HÍBRIDA,SEM_VAGA,0
2026-09-01T22:36:12,DERMATOLOGIA,SEM_VAGA,0
2026-09-01T22:36:16,FISIOTERAPIA MEMBROS SUPERIORES,SEM_VAGA,0
2026-09-01T22:36:19,GASTROCLÍNICA,SEM_VAGA,0
2026-09-01T22:36:22,NUTRIÇÃO - DIETÉTICA,SEM_VAGA,0
2026-09-01T22:36:26,ODONTOLOGIA - DENTÍSTICA,SEM_VAGA,0
2026-09-01T22:36:29,ORTOPEDIA,SEM_VAGA,0
2026-09-01T22:36:32,OTORRINOLARINGOLOGIA,SEM_VAGA,0
2026-09-01T22:36:35,PROCTOLOGIA,SEM_VAGA,0
2026-09-01T22:36:42,UROLOGIA,VAGA_ENCONTRADA,
2026-09-01T22:41:54,ACUPUNTURA,SEM_VAGA,0
2026-09-01T22:41:57,CIRURGIA PLÁSTICA,SEM_VAGA,0
2026-09-01T22:48:56,ACUPUNTURA,SEM_VAGA,0
2026-09-01T22:48:59,CIRURGIA PLÁSTICA,SEM_VAGA,0
2026-09-01T22:49:02,CLÍNICA MÉDICA,SEM_VAGA,0
2026-09-01T22:49:05,CLÍNICA MÉDICA - HÍBRIDA,SEM_VAGA,0
2026-09-01T22:49:08,DERMATOLOGIA,SEM_VAGA,0
2026-09-01T22:49:12,FISIOTERAPIA MEMBROS SUPERIORES,SEM_VAGA,0
2026-09-01T22:49:16,GASTROCLÍNICA,SEM_VAGA,0
2026-09-01T22:49:21,NUTRIÇÃO - DIETÉTICA,SEM_VAGA,0
2026-09-01T22:49:25,ODONTOLOGIA - DENTÍSTICA,SEM_VAGA,0
2026-09-01T22:49:28,ORTOPEDIA,SEM_VAGA,0
2026-09-01T22:49:31,OTORRINOLARINGOLOGIA,SEM_VAGA,0
2026-09-01T22:49:34,PROCTOLOGIA,SEM_VAGA,0
2026-09-01T22:49:41,UROLOGIA,VAGA_ENCONTRADA,
2026-09-01T22:54:52,ACUPUNTURA,SEM_VAGA,0
2026-09-01T22:54:56,CIRURGIA PLÁSTICA,SEM_VAGA,0
2026-09-01T22:54:59,CLÍNICA MÉDICA,SEM_VAGA,0
2026-09-01T22:55:02,CLÍNICA MÉDICA - HÍBRIDA,SEM_VAGA,0
2026-09-01T22:55:05,DERMATOLOGIA,SEM_VAGA,0
2026-09-01T22:55:08,FISIOTERAPIA MEMBROS SUPERIORES,SEM_VAGA,0
2026-09-01T22:55:11,GASTROCLÍNICA,SEM_VAGA,0
2026-09-01T22:55:15,NUTRIÇÃO - DIETÉTICA,SEM_VAGA,0
2026-09-01T22:55:18,ODONTOLOGIA - DENTÍSTICA,SEM_VAGA,0
2026-09-01T22:55:21,ORTOPEDIA,SEM_VAGA,0
2026-09-01T22:55:24,OTORRINOLARINGOLOGIA,SEM_VAGA,0
2026-09-01T22:55:28,PROCTOLOGIA,SEM_VAGA,0
2026-09-01T22:55:35,UROLOGIA,VAGA_ENCONTRADA,
2026-09-01T23:00:46,ACUPUNTURA,SEM_VAGA,0
2026-09-01T23:00:49,CIRURGIA PLÁSTICA,SEM_VAGA,0
2026-09-01T23:00:52,CLÍNICA MÉDICA,SEM_VAGA,0
2026-09-01T23:00:55,CLÍNICA MÉDICA - HÍBRIDA,SEM_VAGA,0
2026-09-01T23:00:58,DERMATOLOGIA,SEM_VAGA,0
2026-09-01T23:01:01,FISIOTERAPIA MEMBROS SUPERIORES,SEM_VAGA,0
2026-09-01T23:01:05,GASTROCLÍNICA,SEM_VAGA,0
2026-09-01T23:01:08,NUTRIÇÃO - DIETÉTICA,SEM_VAGA,0
2026-09-01T23:01:11,ODONTOLOGIA - DENTÍSTICA,SEM_VAGA,0
2026-09-01T23:01:14,ORTOPEDIA,SEM_VAGA,0
2026-09-01T23:01:18,OTORRINOLARINGOLOGIA,SEM_VAGA,0
2026-09-01T23:01:21,PROCTOLOGIA,SEM_VAGA,0
2026-09-01T23:01:28,UROLOGIA,VAGA_ENCONTRADA,
2026-09-01T23:06:39,ACUPUNTURA,SEM_VAGA,0
2026-09-01T23:06:42,CIRURGIA PLÁSTICA,SEM_VAGA,0
2026-09-01T23:06:45,CLÍNICA MÉDICA,SEM_VAGA,0
2026-09-01T23:06:49,CLÍNICA MÉDICA - HÍBRIDA,SEM_VAGA,0
2026-09-01T23:06:52,DERMATOLOGIA,SEM_VAGA,0
2026-09-01T23:06:55,FISIOTERAPIA MEMBROS SUPERIORES,SEM_VAGA,0
2026-09-01T23:06:58,GASTROCLÍNICA,SEM_VAGA,0
2026-09-01T23:07:01,NUTRIÇÃO - DIETÉTICA,SEM_VAGA,0
2026-09-01T23:07:05,ODONTOLOGIA - DENTÍSTICA,SEM_VAGA,0
2026-09-01T23:07:08,ORTOPEDIA,SEM_VAGA,0
2026-09-01T23:07:11,OTORRINOLARINGOLOGIA,SEM_VAGA,0
2026-09-01T23:07:14,PROCTOLOGIA,SEM_VAGA,0
2026-09-01T23:07:21,UROLOGIA,VAGA_ENCONTRADA,
2026-09-01T23:12:32,ACUPUNTURA,SEM_VAGA,0
2026-09-01T23:12:35,CIRURGIA PLÁSTICA,SEM_VAGA,0
2026-09-01T23:12:39,CLÍNICA MÉDICA,SEM_VAGA,0
2026-09-01T23:12:42,CLÍNICA MÉDICA - HÍBRIDA,SEM_VAGA,0
2026-09-01T23:12:45,DERMATOLOGIA,SEM_VAGA,0
2026-09-01T23:12:48,FISIOTERAPIA MEMBROS SUPERIORES,SEM_VAGA,0
2026-09-01T23:12:51,GASTROCLÍNICA,SEM_VAGA,0
2026-09-01T23:12:54,NUTRIÇÃO - DIETÉTICA,SEM_VAGA,0
2026-09-01T23:12:57,ODONTOLOGIA - DENTÍSTICA,SEM_VAGA,0
2026-09-01T23:13:01,ORTOPEDIA,SEM_VAGA,0
2026-09-01T23:13:04,OTORRINOLARINGOLOGIA,SEM_VAGA,0
2026-09-01T23:13:07,PROCTOLOGIA,SEM_VAGA,0
2026-09-01T23:13:14,UROLOGIA,VAGA_ENCONTRADA,
2026-09-01T23:18:25,ACUPUNTURA,SEM_VAGA,0
2026-09-01T23:18:28,CIRURGIA PLÁSTICA,SEM_VAGA,0
2026-09-01T23:18:32,CLÍNICA MÉDICA,SEM_VAGA,0
2026-09-01T23:18:35,CLÍNICA MÉDICA - HÍBRIDA,SEM_VAGA,0
2026-09-01T23:18:38,DERMATOLOGIA,SEM_VAGA,0
2026-09-01T23:18:41,FISIOTERAPIA MEMBROS SUPERIORES,SEM_VAGA,0
2026-09-01T23:18:44,GASTROCLÍNICA,SEM_VAGA,0
2026-09-01T23:18:47,NUTRIÇÃO - DIETÉTICA,SEM_VAGA,0
2026-09-01T23:18:51,ODONTOLOGIA - DENTÍSTICA,SEM_VAGA,0
2026-09-01T23:18:54,ORTOPEDIA,SEM_VAGA,0
2026-09-01T23:18:57,OTORRINOLARINGOLOGIA,SEM_VAGA,0
2026-09-01T23:19:00,PROCTOLOGIA,SEM_VAGA,0
2026-09-01T23:19:07,UROLOGIA,VAGA_ENCONTRADA,
2026-09-01T23:24:18,ACUPUNTURA,SEM_VAGA,0
2026-09-01T23:24:21,CIRURGIA PLÁSTICA,SEM_VAGA,0
2026-09-01T23:24:25,CLÍNICA MÉDICA,SEM_VAGA,0
2026-09-01T23:24:28,CLÍNICA MÉDICA - HÍBRIDA,SEM_VAGA,0
2026-09-01T23:24:31,DERMATOLOGIA,SEM_VAGA,0
2026-09-01T23:24:34,FISIOTERAPIA MEMBROS SUPERIORES,SEM_VAGA,0
2026-09-01T23:24:37,GASTROCLÍNICA,SEM_VAGA,0
2026-09-01T23:24:41,NUTRIÇÃO - DIETÉTICA,SEM_VAGA,0
2026-09-01T23:24:44,ODONTOLOGIA - DENTÍSTICA,SEM_VAGA,0
2026-09-01T23:24:47,ORTOPEDIA,SEM_VAGA,0
2026-09-01T23:24:50,OTORRINOLARINGOLOGIA,SEM_VAGA,0
2026-09-01T23:24:53,PROCTOLOGIA,SEM_VAGA,0
2026-09-01T23:25:00,UROLOGIA,VAGA_ENCONTRADA,
2026-09-01T23:30:11,ACUPUNTURA,SEM_VAGA,0
2026-09-01T23:30:15,CIRURGIA PLÁSTICA,SEM_VAGA,0
2026-09-01T23:30:18,CLÍNICA MÉDICA,SEM_VAGA,0
2026-09-01T23:30:21,CLÍNICA MÉDICA - HÍBRIDA,SEM_VAGA,0
2026-09-01T23:30:24,DERMATOLOGIA,SEM_VAGA,0
2026-09-01T23:30:27,FISIOTERAPIA MEMBROS SUPERIORES,SEM_VAGA,0
2026-09-01T23:30:30,GASTROCLÍNICA,SEM_VAGA,0
2026-09-01T23:30:33,NUTRIÇÃO - DIETÉTICA,SEM_VAGA,0
2026-09-01T23:30:37,ODONTOLOGIA - DENTÍSTICA,SEM_VAGA,0
2026-09-01T23:30:40,ORTOPEDIA,SEM_VAGA,0
2026-09-01T23:30:43,OTORRINOLARINGOLOGIA,SEM_VAGA,0
2026-09-01T23:30:46,PROCTOLOGIA,SEM_VAGA,0
2026-09-01T23:30:53,UROLOGIA,VAGA_ENCONTRADA,
2026-09-01T23:36:05,ACUPUNTURA,SEM_VAGA,0
2026-09-01T23:36:08,CIRURGIA PLÁSTICA,SEM_VAGA,0
2026-09-01T23:36:11,CLÍNICA MÉDICA,SEM_VAGA,0
2026-09-01T23:36:14,CLÍNICA MÉDICA - HÍBRIDA,SEM_VAGA,0
2026-09-01T23:36:17,DERMATOLOGIA,SEM_VAGA,0
2026-09-01T23:36:21,FISIOTERAPIA MEMBROS SUPERIORES,SEM_VAGA,0
2026-09-01T23:36:24,GASTROCLÍNICA,SEM_VAGA,0
2026-09-01T23:36:27,NUTRIÇÃO - DIETÉTICA,SEM_VAGA,0
2026-09-01T23:36:30,ODONTOLOGIA - DENTÍSTICA,SEM_VAGA,0
2026-09-01T23:36:34,ORTOPEDIA,SEM_VAGA,0
2026-09-01T23:36:37,OTORRINOLARINGOLOGIA,SEM_VAGA,0
2026-09-01T23:36:40,PROCTOLOGIA,SEM_VAGA,0
2026-09-01T23:36:47,UROLOGIA,VAGA_ENCONTRADA,
2026-09-01T23:41:58,ACUPUNTURA,SEM_VAGA,0
2026-09-01T23:42:01,CIRURGIA PLÁSTICA,SEM_VAGA,0
2026-09-01T23:42:04,CLÍNICA MÉDICA,SEM_VAGA,0
2026-09-01T23:42:07,CLÍNICA MÉDICA - HÍBRIDA,SEM_VAGA,0
2026-09-01T23:42:10,DERMATOLOGIA,SEM_VAGA,0
2026-09-01T23:42:14,FISIOTERAPIA MEMBROS SUPERIORES,SEM_VAGA,0
2026-09-01T23:42:17,GASTROCLÍNICA,SEM_VAGA,0
2026-09-01T23:42:20,NUTRIÇÃO - DIETÉTICA,SEM_VAGA,0
2026-09-01T23:42:23,ODONTOLOGIA - DENTÍSTICA,SEM_VAGA,0
2026-09-01T23:42:27,ORTOPEDIA,SEM_VAGA,0
2026-09-01T23:42:30,OTORRINOLARINGOLOGIA,SEM_VAGA,0
2026-09-01T23:42:33,PROCTOLOGIA,SEM_VAGA,0
2026-09-01T23:42:40,UROLOGIA,VAGA_ENCONTRADA,
2026-09-01T23:47:51,ACUPUNTURA,SEM_VAGA,0
2026-09-01T23:47:54,CIRURGIA PLÁSTICA,SEM_VAGA,0
2026-09-01T23:47:57,CLÍNICA MÉDICA,SEM_VAGA,0
2026-09-01T23:48:00,CLÍNICA MÉDICA - HÍBRIDA,SEM_VAGA,0
2026-09-01T23:48:04,DERMATOLOGIA,SEM_VAGA,0
2026-09-01T23:48:07,FISIOTERAPIA MEMBROS SUPERIORES,SEM_VAGA,0
2026-09-01T23:48:10,GASTROCLÍNICA,SEM_VAGA,0
2026-09-01T23:48:13,NUTRIÇÃO - DIETÉTICA,SEM_VAGA,0
2026-09-01T23:48:17,ODONTOLOGIA - DENTÍSTICA,SEM_VAGA,0
2026-09-01T23:48:20,ORTOPEDIA,SEM_VAGA,0
2026-09-01T23:48:23,OTORRINOLARINGOLOGIA,SEM_VAGA,0
2026-09-01T23:48:26,PROCTOLOGIA,SEM_VAGA,0
2026-09-01T23:48:33,UROLOGIA,VAGA_ENCONTRADA,
2026-09-01T23:53:46,ACUPUNTURA,SEM_VAGA,0
2026-09-01T23:53:50,CIRURGIA PLÁSTICA,SEM_VAGA,0
2026-09-01T23:53:54,CLÍNICA MÉDICA,SEM_VAGA,0
2026-09-01T23:53:57,CLÍNICA MÉDICA - HÍBRIDA,SEM_VAGA,0
2026-09-01T23:54:00,DERMATOLOGIA,SEM_VAGA,0
2026-09-01T23:54:03,FISIOTERAPIA MEMBROS SUPERIORES,SEM_VAGA,0
2026-09-01T23:54:06,GASTROCLÍNICA,SEM_VAGA,0
2026-09-01T23:54:10,NUTRIÇÃO - DIETÉTICA,SEM_VAGA,0
2026-09-01T23:54:13,ODONTOLOGIA - DENTÍSTICA,SEM_VAGA,0
2026-09-01T23:54:16,ORTOPEDIA,SEM_VAGA,0
2026-09-01T23:54:19,OTORRINOLARINGOLOGIA,SEM_VAGA,0
2026-09-01T23:54:24,PROCTOLOGIA,SEM_VAGA,0
2026-09-01T23:54:31,UROLOGIA,VAGA_ENCONTRADA,
2026-09-01T23:59:42,ACUPUNTURA,SEM_VAGA,0
2026-09-01T23:59:45,CIRURGIA PLÁSTICA,SEM_VAGA,0
2026-09-01T23:59:48,CLÍNICA MÉDICA,SEM_VAGA,0
2026-09-01T23:59:51,CLÍNICA MÉDICA - HÍBRIDA,SEM_VAGA,0
2026-09-01T23:59:54,DERMATOLOGIA,SEM_VAGA,0
2026-09-01T23:59:57,FISIOTERAPIA MEMBROS SUPERIORES,SEM_VAGA,0
2026-09-02T00:00:01,GASTROCLÍNICA,SEM_VAGA,0
2026-09-02T00:00:04,NUTRIÇÃO - DIETÉTICA,SEM_VAGA,0
2026-09-02T00:00:07,ODONTOLOGIA - DENTÍSTICA,SEM_VAGA,0
2026-09-02T00:00:11,ORTOPEDIA,SEM_VAGA,0
2026-09-02T00:00:14,OTORRINOLARINGOLOGIA,SEM_VAGA,0
2026-09-02T00:00:17,PROCTOLOGIA,SEM_VAGA,0
2026-09-02T00:00:24,UROLOGIA,VAGA_ENCONTRADA,
2026-09-02T00:06:32,CIRURGIA PLÁSTICA,SEM_VAGA,0
2026-09-02T00:06:34,CLÍNICA MÉDICA,SEM_VAGA,0
2026-09-02T00:06:37,CLÍNICA MÉDICA - HÍBRIDA,SEM_VAGA,0
2026-09-02T00:06:41,DERMATOLOGIA,SEM_VAGA,0
2026-09-02T00:06:44,GASTROCLÍNICA,SEM_VAGA,0
2026-09-02T00:06:47,NUTRIÇÃO - DIETÉTICA,SEM_VAGA,0
2026-09-02T00:06:50,ODONTOLOGIA - DENTÍSTICA,SEM_VAGA,0
2026-09-02T00:06:53,ORTOPEDIA,SEM_VAGA,0
2026-09-02T00:06:56,OTORRINOLARINGOLOGIA,SEM_VAGA,0
2026-09-02T00:06:59,PROCTOLOGIA,SEM_VAGA,0
2026-09-02T00:12:43,CIRURGIA PLÁSTICA,SEM_VAGA,0
2026-09-02T00:12:46,CLÍNICA MÉDICA,SEM_VAGA,0
2026-09-02T00:12:49,CLÍNICA MÉDICA - HÍBRIDA,SEM_VAGA,0
2026-09-02T00:12:52,DERMATOLOGIA,SEM_VAGA,0
2026-09-02T00:12:56,GASTROCLÍNICA,SEM_VAGA,0
2026-09-02T00:12:59,NUTRIÇÃO - DIETÉTICA,SEM_VAGA,0
2026-09-02T00:13:02,ODONTOLOGIA - DENTÍSTICA,SEM_VAGA,0
2026-09-02T00:13:05,ORTOPEDIA,SEM_VAGA,0
2026-09-02T00:13:08,PROCTOLOGIA,SEM_VAGA,0
2026-09-02T00:14:49,CIRURGIA PLÁSTICA,SEM_VAGA,0
2026-09-02T00:14:53,CLÍNICA MÉDICA,SEM_VAGA,0
2026-09-02T00:14:56,CLÍNICA MÉDICA - HÍBRIDA,SEM_VAGA,0
2026-09-02T00:15:00,DERMATOLOGIA,SEM_VAGA,0
2026-09-02T00:15:02,GASTROCLÍNICA,SEM_VAGA,0
2026-09-02T00:15:06,NUTRIÇÃO - DIETÉTICA,SEM_VAGA,0
2026-09-02T00:15:09,ORTOPEDIA,SEM_VAGA,0
2026-09-02T00:15:12,PROCTOLOGIA,SEM_VAGA,0
2026-09-02T00:20:21,CIRURGIA PLÁSTICA,SEM_VAGA,0
2026-09-02T00:20:24,CLÍNICA MÉDICA,SEM_VAGA,0
2026-09-02T00:20:27,CLÍNICA MÉDICA - HÍBRIDA,SEM_VAGA,0
2026-09-02T00:20:30,DERMATOLOGIA,SEM_VAGA,0
2026-09-02T00:20:35,GASTROCLÍNICA,SEM_VAGA,0
2026-09-02T00:20:38,NUTRIÇÃO - DIETÉTICA,SEM_VAGA,0
2026-09-02T00:20:42,ORTOPEDIA,SEM_VAGA,0
2026-09-02T00:20:45,PROCTOLOGIA,SEM_VAGA,0
2026-09-02T00:25:53,CIRURGIA PLÁSTICA,SEM_VAGA,0
2026-09-02T00:25:56,CLÍNICA MÉDICA,SEM_VAGA,0
2026-09-02T00:25:59,CLÍNICA MÉDICA - HÍBRIDA,SEM_VAGA,0
2026-09-02T00:26:02,DERMATOLOGIA,SEM_VAGA,0
2026-09-02T00:26:06,GASTROCLÍNICA,SEM_VAGA,0
2026-09-02T00:26:08,NUTRIÇÃO - DIETÉTICA,SEM_VAGA,0
2026-09-02T00:26:12,ORTOPEDIA,SEM_VAGA,0
2026-09-02T00:26:16,PROCTOLOGIA,SEM_VAGA,0
2026-09-02T00:31:24,CIRURGIA PLÁSTICA,SEM_VAGA,0
2026-09-02T00:31:27,CLÍNICA MÉDICA,SEM_VAGA,0
2026-09-02T00:31:30,CLÍNICA MÉDICA - HÍBRIDA,SEM_VAGA,0
2026-09-02T00:31:34,DERMATOLOGIA,SEM_VAGA,0
2026-09-02T00:31:37,GASTROCLÍNICA,SEM_VAGA,0
2026-09-02T00:31:40,NUTRIÇÃO - DIETÉTICA,SEM_VAGA,0
2026-09-02T00:31:43,ORTOPEDIA,SEM_VAGA,0
2026-09-02T00:31:47,PROCTOLOGIA,SEM_VAGA,0
2026-09-02T00:36:55,CIRURGIA PLÁSTICA,SEM_VAGA,0
2026-09-02T00:36:58,CLÍNICA MÉDICA,SEM_VAGA,0
2026-09-02T00:37:01,CLÍNICA MÉDICA - HÍBRIDA,SEM_VAGA,0
2026-09-02T00:37:04,DERMATOLOGIA,SEM_VAGA,0
2026-09-02T00:37:07,GASTROCLÍNICA,SEM_VAGA,0
2026-09-02T00:37:10,NUTRIÇÃO - DIETÉTICA,SEM_VAGA,0
2026-09-02T00:37:13,ORTOPEDIA,SEM_VAGA,0
2026-09-02T00:37:16,PROCTOLOGIA,SEM_VAGA,0
2026-09-02T00:42:25,CIRURGIA PLÁSTICA,SEM_VAGA,0
2026-09-02T00:42:28,CLÍNICA MÉDICA,SEM_VAGA,0
2026-09-02T00:42:31,CLÍNICA MÉDICA - HÍBRIDA,SEM_VAGA,0
2026-09-02T00:42:34,DERMATOLOGIA,SEM_VAGA,0
2026-09-02T00:42:37,GASTROCLÍNICA,SEM_VAGA,0
2026-09-02T00:42:40,NUTRIÇÃO - DIETÉTICA,SEM_VAGA,0
2026-09-02T00:42:44,ORTOPEDIA,SEM_VAGA,0
2026-09-02T00:42:47,PROCTOLOGIA,SEM_VAGA,0
2026-09-02T00:47:55,CIRURGIA PLÁSTICA,SEM_VAGA,0
2026-09-02T00:47:58,CLÍNICA MÉDICA,SEM_VAGA,0
2026-09-02T00:48:01,CLÍNICA MÉDICA - HÍBRIDA,SEM_VAGA,0
2026-09-02T00:48:05,DERMATOLOGIA,SEM_VAGA,0
2026-09-02T00:48:08,GASTROCLÍNICA,SEM_VAGA,0
2026-09-02T00:48:11,NUTRIÇÃO - DIETÉTICA,SEM_VAGA,0
2026-09-02T00:48:14,ORTOPEDIA,SEM_VAGA,0
2026-09-02T00:48:17,PROCTOLOGIA,SEM_VAGA,0
2026-09-02T00:53:25,CIRURGIA PLÁSTICA,SEM_VAGA,0
2026-09-02T00:53:29,CLÍNICA MÉDICA,SEM_VAGA,0
2026-09-02T00:53:32,CLÍNICA MÉDICA - HÍBRIDA,SEM_VAGA,0
2026-09-02T00:53:36,DERMATOLOGIA,SEM_VAGA,0
2026-09-02T00:53:40,GASTROCLÍNICA,SEM_VAGA,0
2026-09-02T00:53:44,NUTRIÇÃO - DIETÉTICA,SEM_VAGA,0
2026-09-02T00:53:47,ORTOPEDIA,SEM_VAGA,0
2026-09-02T00:53:50,PROCTOLOGIA,SEM_VAGA,0
2026-09-02T00:58:59,CIRURGIA PLÁSTICA,SEM_VAGA,0
2026-09-02T00:59:02,CLÍNICA MÉDICA,SEM_VAGA,0
2026-09-02T00:59:05,CLÍNICA MÉDICA - HÍBRIDA,SEM_VAGA,0
2026-09-02T00:59:08,DERMATOLOGIA,SEM_VAGA,0
2026-09-02T00:59:11,GASTROCLÍNICA,SEM_VAGA,0
2026-09-02T00:59:15,NUTRIÇÃO - DIETÉTICA,SEM_VAGA,0
2026-09-02T00:59:18,ORTOPEDIA,SEM_VAGA,0
2026-09-02T00:59:21,PROCTOLOGIA,SEM_VAGA,0
2026-09-02T09:43:12,CIRURGIA PLÁSTICA,SEM_VAGA,0
2026-09-02T09:43:15,CLÍNICA MÉDICA,SEM_VAGA,0
2026-09-02T09:43:18,CLÍNICA MÉDICA - HÍBRIDA,SEM_VAGA,0
2026-09-02T09:43:22,DERMATOLOGIA,SEM_VAGA,0
2026-09-02T09:43:25,GASTROCLÍNICA,SEM_VAGA,0
2026-09-02T09:43:29,NUTRIÇÃO - DIETÉTICA,SEM_VAGA,0
2026-09-02T09:43:32,ORTOPEDIA,SEM_VAGA,0
2026-09-02T09:43:35,PROCTOLOGIA,SEM_VAGA,0
2026-09-02T09:48:46,CIRURGIA PLÁSTICA,SEM_VAGA,0
2026-09-02T09:48:51,CLÍNICA MÉDICA,SEM_VAGA,0
2026-09-02T09:48:55,CLÍNICA MÉDICA - HÍBRIDA,SEM_VAGA,0
2026-09-02T09:48:59,DERMATOLOGIA,SEM_VAGA,0
2026-09-02T09:49:03,GASTROCLÍNICA,SEM_VAGA,0
2026-09-02T09:49:06,NUTRIÇÃO - DIETÉTICA,SEM_VAGA,0
2026-09-02T09:49:09,ORTOPEDIA,SEM_VAGA,0
2026-09-02T09:49:13,PROCTOLOGIA,SEM_VAGA,0
2026-09-02T09:54:21,CIRURGIA PLÁSTICA,SEM_VAGA,0
2026-09-02T09:54:28,CLÍNICA MÉDICA,VAGA_ENCONTRADA,
2026-09-02T09:54:34,CLÍNICA MÉDICA - HÍBRIDA,SEM_VAGA,0
2026-09-02T09:54:38,DERMATOLOGIA,SEM_VAGA,0
2026-09-02T09:54:41,GASTROCLÍNICA,SEM_VAGA,0
2026-09-02T09:54:44,NUTRIÇÃO - DIETÉTICA,SEM_VAGA,0
2026-09-02T09:54:48,ORTOPEDIA,SEM_VAGA,0
2026-09-02T09:54:51,PROCTOLOGIA,SEM_VAGA,0
2026-09-02T09:59:59,CIRURGIA PLÁSTICA,SEM_VAGA,0
2026-09-02T10:00:03,CLÍNICA MÉDICA,SEM_VAGA,0
2026-09-02T10:00:06,CLÍNICA MÉDICA - HÍBRIDA,SEM_VAGA,0
2026-09-02T10:00:09,DERMATOLOGIA,SEM_VAGA,0
2026-09-02T10:00:12,GASTROCLÍNICA,SEM_VAGA,0
2026-09-02T10:00:16,NUTRIÇÃO - DIETÉTICA,SEM_VAGA,0
2026-09-02T10:00:19,ORTOPEDIA,SEM_VAGA,0
2026-09-02T10:00:22,PROCTOLOGIA,SEM_VAGA,0
2026-09-02T10:05:31,CIRURGIA PLÁSTICA,SEM_VAGA,0
2026-09-02T10:05:34,CLÍNICA MÉDICA,SEM_VAGA,0
2026-09-02T10:05:37,CLÍNICA MÉDICA - HÍBRIDA,SEM_VAGA,0
2026-09-02T10:05:40,DERMATOLOGIA,SEM_VAGA,0
2026-09-02T10:05:44,GASTROCLÍNICA,SEM_VAGA,0
2026-09-02T10:05:47,NUTRIÇÃO - DIETÉTICA,SEM_VAGA,0
2026-09-02T10:05:50,ORTOPEDIA,SEM_VAGA,0
2026-09-02T10:05:53,PROCTOLOGIA,SEM_VAGA,0
2026-09-02T10:11:02,CIRURGIA PLÁSTICA,SEM_VAGA,0
2026-09-02T10:11:05,CLÍNICA MÉDICA,SEM_VAGA,0
2026-09-02T10:11:08,CLÍNICA MÉDICA - HÍBRIDA,SEM_VAGA,0
2026-09-02T10:11:12,DERMATOLOGIA,SEM_VAGA,0
2026-09-02T10:11:15,GASTROCLÍNICA,SEM_VAGA,0
2026-09-02T10:11:18,NUTRIÇÃO - DIETÉTICA,SEM_VAGA,0
2026-09-02T10:11:21,ORTOPEDIA,SEM_VAGA,0
2026-09-02T10:11:25,PROCTOLOGIA,SEM_VAGA,0
2026-09-02T10:16:33,CIRURGIA PLÁSTICA,SEM_VAGA,0
2026-09-02T10:16:36,CLÍNICA MÉDICA,SEM_VAGA,0
2026-09-02T10:16:39,CLÍNICA MÉDICA - HÍBRIDA,SEM_VAGA,0
2026-09-02T10:16:43,DERMATOLOGIA,SEM_VAGA,0
2026-09-02T10:16:46,GASTROCLÍNICA,SEM_VAGA,0
2026-09-02T10:16:49,NUTRIÇÃO - DIETÉTICA,SEM_VAGA,0
2026-09-02T10:16:52,ORTOPEDIA,SEM_VAGA,0
2026-09-02T10:16:56,PROCTOLOGIA,SEM_VAGA,0
2026-09-02T10:22:04,CIRURGIA PLÁSTICA,SEM_VAGA,0
2026-09-02T10:22:07,CLÍNICA MÉDICA,SEM_VAGA,0
2026-09-02T10:22:10,CLÍNICA MÉDICA - HÍBRIDA,SEM_VAGA,0
2026-09-02T10:22:13,DERMATOLOGIA,SEM_VAGA,0
2026-09-02T10:22:17,GASTROCLÍNICA,SEM_VAGA,0
2026-09-02T10:22:20,NUTRIÇÃO - DIETÉTICA,SEM_VAGA,0
2026-09-02T10:22:24,ORTOPEDIA,SEM_VAGA,0
2026-09-02T10:22:28,PROCTOLOGIA,SEM_VAGA,0
2026-09-02T10:27:36,CIRURGIA PLÁSTICA,SEM_VAGA,0
2026-09-02T10:27:39,CLÍNICA MÉDICA,SEM_VAGA,0
2026-09-02T10:27:41,CLÍNICA MÉDICA - HÍBRIDA,SEM_VAGA,0
2026-09-02T10:27:45,DERMATOLOGIA,SEM_VAGA,0
2026-09-02T10:27:48,GASTROCLÍNICA,SEM_VAGA,0
2026-09-02T10:27:51,NUTRIÇÃO - DIETÉTICA,SEM_VAGA,0
2026-09-02T10:27:54,ORTOPEDIA,SEM_VAGA,0
2026-09-02T10:27:57,PROCTOLOGIA,SEM_VAGA,0
2026-09-02T10:33:07,CIRURGIA PLÁSTICA,SEM_VAGA,0
2026-09-02T10:33:11,CLÍNICA MÉDICA,SEM_VAGA,0
2026-09-02T10:33:14,CLÍNICA MÉDICA - HÍBRIDA,SEM_VAGA,0
2026-09-02T10:33:18,DERMATOLOGIA,SEM_VAGA,0
2026-09-02T10:33:21,GASTROCLÍNICA,SEM_VAGA,0
2026-09-02T10:33:24,NUTRIÇÃO - DIETÉTICA,SEM_VAGA,0
2026-09-02T10:33:29,ORTOPEDIA,SEM_VAGA,0
2026-09-02T10:33:33,PROCTOLOGIA,SEM_VAGA,0
2026-09-02T10:38:41,CIRURGIA PLÁSTICA,SEM_VAGA,0
2026-09-02T10:38:44,CLÍNICA MÉDICA,SEM_VAGA,0
2026-09-02T10:38:47,CLÍNICA MÉDICA - HÍBRIDA,SEM_VAGA,0
2026-09-02T10:38:50,DERMATOLOGIA,SEM_VAGA,0
2026-09-02T10:38:54,GASTROCLÍNICA,SEM_VAGA,0
2026-09-02T10:38:57,NUTRIÇÃO - DIETÉTICA,SEM_VAGA,0
2026-09-02T10:39:00,ORTOPEDIA,SEM_VAGA,0
2026-09-02T10:39:04,PROCTOLOGIA,SEM_VAGA,0
2026-09-02T10:44:12,CIRURGIA PLÁSTICA,SEM_VAGA,0
2026-09-02T10:44:19,CLÍNICA MÉDICA,VAGA_ENCONTRADA,
2026-09-02T10:44:25,CLÍNICA MÉDICA - HÍBRIDA,SEM_VAGA,0
2026-09-02T10:44:29,DERMATOLOGIA,SEM_VAGA,0
2026-09-02T10:44:32,GASTROCLÍNICA,SEM_VAGA,0
2026-09-02T10:44:36,NUTRIÇÃO - DIETÉTICA,SEM_VAGA,0
2026-09-02T10:44:39,ORTOPEDIA,SEM_VAGA,0
2026-09-02T10:44:42,PROCTOLOGIA,SEM_VAGA,0
2026-09-02T10:49:50,CIRURGIA PLÁSTICA,SEM_VAGA,0
2026-09-02T10:49:54,CLÍNICA MÉDICA,SEM_VAGA,0
2026-09-02T10:49:57,CLÍNICA MÉDICA - HÍBRIDA,SEM_VAGA,0
2026-09-02T10:50:00,DERMATOLOGIA,SEM_VAGA,0
2026-09-02T10:50:03,GASTROCLÍNICA,SEM_VAGA,0
2026-09-02T10:50:07,NUTRIÇÃO - DIETÉTICA,SEM_VAGA,0
2026-09-02T10:50:10,ORTOPEDIA,SEM_VAGA,0
2026-09-02T10:50:13,PROCTOLOGIA,SEM_VAGA,0
2026-09-02T10:55:21,CIRURGIA PLÁSTICA,SEM_VAGA,0
2026-09-02T10:55:25,CLÍNICA MÉDICA,SEM_VAGA,0
2026-09-02T10:55:28,CLÍNICA MÉDICA - HÍBRIDA,SEM_VAGA,0
2026-09-02T10:55:31,DERMATOLOGIA,SEM_VAGA,0
2026-09-02T10:55:34,GASTROCLÍNICA,SEM_VAGA,0
2026-09-02T10:55:38,NUTRIÇÃO - DIETÉTICA,SEM_VAGA,0
2026-09-02T10:55:41,ORTOPEDIA,SEM_VAGA,0
2026-09-02T10:55:44,PROCTOLOGIA,SEM_VAGA,0
2026-09-02T11:00:52,CIRURGIA PLÁSTICA,SEM_VAGA,0
2026-09-02T11:00:56,CLÍNICA MÉDICA,SEM_VAGA,0
2026-09-02T11:00:58,CLÍNICA MÉDICA - HÍBRIDA,SEM_VAGA,0
2026-09-02T11:01:02,DERMATOLOGIA,SEM_VAGA,0
2026-09-02T11:01:05,GASTROCLÍNICA,SEM_VAGA,0
2026-09-02T11:01:09,NUTRIÇÃO - DIETÉTICA,SEM_VAGA,0
2026-09-02T11:01:12,ORTOPEDIA,SEM_VAGA,0
2026-09-02T11:01:15,PROCTOLOGIA,SEM_VAGA,0
2026-09-02T11:06:23,CIRURGIA PLÁSTICA,SEM_VAGA,0
2026-09-02T11:06:27,CLÍNICA MÉDICA,SEM_VAGA,0
2026-09-02T11:06:30,CLÍNICA MÉDICA - HÍBRIDA,SEM_VAGA,0
2026-09-02T11:06:33,DERMATOLOGIA,SEM_VAGA,0
2026-09-02T11:06:37,GASTROCLÍNICA,SEM_VAGA,0
2026-09-02T11:06:40,NUTRIÇÃO - DIETÉTICA,SEM_VAGA,0
2026-09-02T11:06:43,ORTOPEDIA,SEM_VAGA,0
2026-09-02T11:06:46,PROCTOLOGIA,SEM_VAGA,0
2026-09-02T11:11:54,CIRURGIA PLÁSTICA,SEM_VAGA,0
2026-09-02T11:11:58,CLÍNICA MÉDICA,SEM_VAGA,0
2026-09-02T11:12:01,CLÍNICA MÉDICA - HÍBRIDA,SEM_VAGA,0
2026-09-02T11:12:04,DERMATOLOGIA,SEM_VAGA,0
2026-09-02T11:12:07,GASTROCLÍNICA,SEM_VAGA,0
2026-09-02T11:12:11,NUTRIÇÃO - DIETÉTICA,SEM_VAGA,0
2026-09-02T11:12:15,ORTOPEDIA,SEM_VAGA,0
2026-09-02T11:12:19,PROCTOLOGIA,SEM_VAGA,0
2026-09-02T11:17:27,CIRURGIA PLÁSTICA,SEM_VAGA,0
2026-09-02T11:17:30,CLÍNICA MÉDICA,SEM_VAGA,0
2026-09-02T11:17:33,CLÍNICA MÉDICA - HÍBRIDA,SEM_VAGA,0
2026-09-02T11:17:37,DERMATOLOGIA,SEM_VAGA,0
2026-09-02T11:17:40,GASTROCLÍNICA,SEM_VAGA,0
2026-09-02T11:17:43,NUTRIÇÃO - DIETÉTICA,SEM_VAGA,0
2026-09-02T11:17:47,ORTOPEDIA,SEM_VAGA,0
2026-09-02T11:17:50,PROCTOLOGIA,SEM_VAGA,0
2026-09-02T11:23:00,CIRURGIA PLÁSTICA,SEM_VAGA,0
2026-09-02T11:23:04,CLÍNICA MÉDICA,SEM_VAGA,0
2026-09-02T11:23:07,CLÍNICA MÉDICA - HÍBRIDA,SEM_VAGA,0
2026-09-02T11:23:11,DERMATOLOGIA,SEM_VAGA,0
2026-09-02T11:23:15,GASTROCLÍNICA,SEM_VAGA,0
2026-09-02T11:23:18,NUTRIÇÃO - DIETÉTICA,SEM_VAGA,0
2026-09-02T11:23:22,ORTOPEDIA,SEM_VAGA,0
2026-09-02T11:23:26,PROCTOLOGIA,SEM_VAGA,0
2026-09-02T11:28:34,CIRURGIA PLÁSTICA,SEM_VAGA,0
2026-09-02T11:36:30,CIRURGIA PLÁSTICA,SEM_VAGA,0
2026-09-02T11:36:33,CLÍNICA MÉDICA,SEM_VAGA,0
2026-09-02T11:36:36,CLÍNICA MÉDICA - HÍBRIDA,SEM_VAGA,0
2026-09-02T11:36:39,DERMATOLOGIA,SEM_VAGA,0
2026-09-02T11:36:43,GASTROCLÍNICA,SEM_VAGA,0
2026-09-02T11:36:46,NUTRIÇÃO - DIETÉTICA,SEM_VAGA,0
2026-09-02T11:36:49,ORTOPEDIA,SEM_VAGA,0
2026-09-02T11:36:53,PROCTOLOGIA,SEM_VAGA,0
2026-09-02T11:42:01,CIRURGIA PLÁSTICA,SEM_VAGA,0
2026-09-02T11:42:04,CLÍNICA MÉDICA,SEM_VAGA,0
2026-09-02T11:42:07,CLÍNICA MÉDICA - HÍBRIDA,SEM_VAGA,0
2026-09-02T11:42:11,DERMATOLOGIA,SEM_VAGA,0
2026-09-02T11:42:14,GASTROCLÍNICA,SEM_VAGA,0
2026-09-02T11:42:17,NUTRIÇÃO - DIETÉTICA,SEM_VAGA,0
2026-09-02T11:42:21,ORTOPEDIA,SEM_VAGA,0
2026-09-02T11:42:24,PROCTOLOGIA,SEM_VAGA,0
2026-09-02T11:47:32,CIRURGIA PLÁSTICA,SEM_VAGA,0
2026-09-02T11:47:37,CLÍNICA MÉDICA,SEM_VAGA,0
2026-09-02T11:47:41,CLÍNICA MÉDICA - HÍBRIDA,SEM_VAGA,0
2026-09-02T11:47:45,DERMATOLOGIA,SEM_VAGA,0
2026-09-02T11:47:50,GASTROCLÍNICA,SEM_VAGA,0
2026-09-02T11:47:55,NUTRIÇÃO - DIETÉTICA,SEM_VAGA,0
2026-09-02T11:48:00,ORTOPEDIA,SEM_VAGA,0
2026-09-02T11:48:05,PROCTOLOGIA,SEM_VAGA,0
2026-09-02T11:53:13,CIRURGIA PLÁSTICA,SEM_VAGA,0
2026-09-02T11:53:16,CLÍNICA MÉDICA,SEM_VAGA,0
2026-09-02T11:53:19,CLÍNICA MÉDICA - HÍBRIDA,SEM_VAGA,0
2026-09-02T11:53:22,DERMATOLOGIA,SEM_VAGA,0
2026-09-02T11:53:25,GASTROCLÍNICA,SEM_VAGA,0
2026-09-02T11:53:29,NUTRIÇÃO - DIETÉTICA,SEM_VAGA,0
2026-09-02T11:53:32,ORTOPEDIA,SEM_VAGA,0
2026-09-02T11:53:36,PROCTOLOGIA,SEM_VAGA,0
2026-09-02T11:58:47,CIRURGIA PLÁSTICA,SEM_VAGA,0
2026-09-02T11:58:50,CLÍNICA MÉDICA,SEM_VAGA,0
2026-09-02T11:58:53,CLÍNICA MÉDICA - HÍBRIDA,SEM_VAGA,0
2026-09-02T11:58:56,DERMATOLOGIA,SEM_VAGA,0
2026-09-02T11:58:59,GASTROCLÍNICA,SEM_VAGA,0
2026-09-02T11:59:03,NUTRIÇÃO - DIETÉTICA,SEM_VAGA,0
2026-09-02T11:59:06,ORTOPEDIA,SEM_VAGA,0
2026-09-02T11:59:14,PROCTOLOGIA,VAGA_ENCONTRADA,
2026-09-02T12:04:37,CIRURGIA PLÁSTICA,SEM_VAGA,0
2026-09-02T12:04:42,CLÍNICA MÉDICA,SEM_VAGA,0
2026-09-02T12:04:45,CLÍNICA MÉDICA - HÍBRIDA,SEM_VAGA,0
2026-09-02T12:04:51,DERMATOLOGIA,SEM_VAGA,0
2026-09-02T12:04:55,GASTROCLÍNICA,SEM_VAGA,0
2026-09-02T12:05:00,NUTRIÇÃO - DIETÉTICA,SEM_VAGA,0
2026-09-02T12:05:04,ORTOPEDIA,SEM_VAGA,0
2026-09-02T12:05:08,PROCTOLOGIA,SEM_VAGA,0
2026-09-02T12:10:17,CIRURGIA PLÁSTICA,SEM_VAGA,0
2026-09-02T12:10:21,CLÍNICA MÉDICA,SEM_VAGA,0
2026-09-02T12:10:25,CLÍNICA MÉDICA - HÍBRIDA,SEM_VAGA,0
2026-09-02T12:10:29,DERMATOLOGIA,SEM_VAGA,0
2026-09-02T12:10:32,GASTROCLÍNICA,SEM_VAGA,0
2026-09-02T12:10:36,NUTRIÇÃO - DIETÉTICA,SEM_VAGA,0
2026-09-02T12:10:39,ORTOPEDIA,SEM_VAGA,0
2026-09-02T12:10:42,PROCTOLOGIA,SEM_VAGA,0
2026-09-02T12:15:50,CIRURGIA PLÁSTICA,SEM_VAGA,0
2026-09-02T12:15:54,CLÍNICA MÉDICA,SEM_VAGA,0
2026-09-02T12:15:57,CLÍNICA MÉDICA - HÍBRIDA,SEM_VAGA,0
2026-09-02T12:16:01,DERMATOLOGIA,SEM_VAGA,0
2026-09-02T12:16:05,GASTROCLÍNICA,SEM_VAGA,0
2026-09-02T12:16:08,NUTRIÇÃO - DIETÉTICA,SEM_VAGA,0
2026-09-02T12:16:12,ORTOPEDIA,SEM_VAGA,0
2026-09-02T12:16:16,PROCTOLOGIA,SEM_VAGA,0
2026-09-02T12:21:24,CIRURGIA PLÁSTICA,SEM_VAGA,0
2026-09-02T12:21:28,CLÍNICA MÉDICA,SEM_VAGA,0
2026-09-02T12:21:31,CLÍNICA MÉDICA - HÍBRIDA,SEM_VAGA,0
2026-09-02T12:21:35,DERMATOLOGIA,SEM_VAGA,0
2026-09-02T12:21:38,GASTROCLÍNICA,SEM_VAGA,0
2026-09-02T12:21:42,NUTRIÇÃO - DIETÉTICA,SEM_VAGA,0
2026-09-02T12:21:45,ORTOPEDIA,SEM_VAGA,0
2026-09-02T12:21:48,PROCTOLOGIA,SEM_VAGA,0
2026-09-02T12:26:58,CIRURGIA PLÁSTICA,SEM_VAGA,0
2026-09-02T12:27:01,CLÍNICA MÉDICA,SEM_VAGA,0
2026-09-02T12:27:04,CLÍNICA MÉDICA - HÍBRIDA,SEM_VAGA,0
2026-09-02T12:27:07,DERMATOLOGIA,SEM_VAGA,0
2026-09-02T12:27:12,GASTROCLÍNICA,SEM_VAGA,0
2026-09-02T12:27:16,NUTRIÇÃO - DIETÉTICA,SEM_VAGA,0
2026-09-02T12:27:20,ORTOPEDIA,SEM_VAGA,0
2026-09-02T12:27:24,PROCTOLOGIA,SEM_VAGA,0
2026-09-02T12:32:34,CIRURGIA PLÁSTICA,SEM_VAGA,0
2026-09-02T12:32:38,CLÍNICA MÉDICA,SEM_VAGA,0
2026-09-02T12:32:41,CLÍNICA MÉDICA - HÍBRIDA,SEM_VAGA,0
2026-09-02T12:32:44,DERMATOLOGIA,SEM_VAGA,0
2026-09-02T12:32:48,GASTROCLÍNICA,SEM_VAGA,0
2026-09-02T12:32:51,NUTRIÇÃO - DIETÉTICA,SEM_VAGA,0
2026-09-02T12:32:54,ORTOPEDIA,SEM_VAGA,0
2026-09-02T12:32:58,PROCTOLOGIA,SEM_VAGA,0
2026-09-02T12:38:06,CIRURGIA PLÁSTICA,SEM_VAGA,0
2026-09-02T12:38:09,CLÍNICA MÉDICA,SEM_VAGA,0
2026-09-02T12:38:13,CLÍNICA MÉDICA - HÍBRIDA,SEM_VAGA,0
2026-09-02T12:38:17,DERMATOLOGIA,SEM_VAGA,0
2026-09-02T12:38:21,GASTROCLÍNICA,SEM_VAGA,0
2026-09-02T12:38:26,NUTRIÇÃO - DIETÉTICA,SEM_VAGA,0
2026-09-02T12:38:29,ORTOPEDIA,SEM_VAGA,0
2026-09-02T12:38:33,PROCTOLOGIA,SEM_VAGA,0
2026-09-02T12:43:42,CIRURGIA PLÁSTICA,SEM_VAGA,0
2026-09-02T12:43:46,CLÍNICA MÉDICA,SEM_VAGA,0
2026-09-02T12:43:49,CLÍNICA MÉDICA - HÍBRIDA,SEM_VAGA,0
2026-09-02T12:43:53,DERMATOLOGIA,SEM_VAGA,0
2026-09-02T12:43:56,GASTROCLÍNICA,SEM_VAGA,0
2026-09-02T12:43:59,NUTRIÇÃO - DIETÉTICA,SEM_VAGA,0
2026-09-02T12:44:03,ORTOPEDIA,SEM_VAGA,0
2026-09-02T12:44:06,PROCTOLOGIA,SEM_VAGA,0
2026-09-02T12:49:15,CIRURGIA PLÁSTICA,SEM_VAGA,0
2026-09-02T12:49:18,CLÍNICA MÉDICA,SEM_VAGA,0
2026-09-02T12:49:21,CLÍNICA MÉDICA - HÍBRIDA,SEM_VAGA,0
2026-09-02T12:49:25,DERMATOLOGIA,SEM_VAGA,0
2026-09-02T12:49:28,GASTROCLÍNICA,SEM_VAGA,0
2026-09-02T12:49:32,NUTRIÇÃO - DIETÉTICA,SEM_VAGA,0
2026-09-02T12:49:35,ORTOPEDIA,SEM_VAGA,0
2026-09-02T12:49:38,PROCTOLOGIA,SEM_VAGA,0
2026-09-02T12:54:47,CIRURGIA PLÁSTICA,SEM_VAGA,0
2026-09-02T12:54:50,CLÍNICA MÉDICA,SEM_VAGA,0
2026-09-02T12:54:53,CLÍNICA MÉDICA - HÍBRIDA,SEM_VAGA,0
2026-09-02T12:54:56,DERMATOLOGIA,SEM_VAGA,0
2026-09-02T12:55:00,GASTROCLÍNICA,SEM_VAGA,0
2026-09-02T12:55:03,NUTRIÇÃO - DIETÉTICA,SEM_VAGA,0
2026-09-02T12:55:06,ORTOPEDIA,SEM_VAGA,0
2026-09-02T12:55:10,PROCTOLOGIA,SEM_VAGA,0
2026-09-02T13:00:18,CIRURGIA PLÁSTICA,SEM_VAGA,0
2026-09-02T13:00:22,CLÍNICA MÉDICA,SEM_VAGA,0
2026-09-02T13:00:25,CLÍNICA MÉDICA - HÍBRIDA,SEM_VAGA,0
2026-09-02T13:00:28,DERMATOLOGIA,SEM_VAGA,0
2026-09-02T13:00:31,GASTROCLÍNICA,SEM_VAGA,0
2026-09-02T13:00:34,NUTRIÇÃO - DIETÉTICA,SEM_VAGA,0
2026-09-02T13:00:38,ORTOPEDIA,SEM_VAGA,0
2026-09-02T13:00:41,PROCTOLOGIA,SEM_VAGA,0
2026-09-02T13:05:49,CIRURGIA PLÁSTICA,SEM_VAGA,0
2026-09-02T13:05:53,CLÍNICA MÉDICA,SEM_VAGA,0
2026-09-02T13:05:55,CLÍNICA MÉDICA - HÍBRIDA,SEM_VAGA,0
2026-09-02T13:05:59,DERMATOLOGIA,SEM_VAGA,0
2026-09-02T13:06:03,GASTROCLÍNICA,SEM_VAGA,0
2026-09-02T13:06:06,NUTRIÇÃO - DIETÉTICA,SEM_VAGA,0
2026-09-02T13:06:10,ORTOPEDIA,SEM_VAGA,0
2026-09-02T13:06:15,PROCTOLOGIA,SEM_VAGA,0
2026-09-02T13:11:23,CIRURGIA PLÁSTICA,SEM_VAGA,0
2026-09-02T13:11:26,CLÍNICA MÉDICA,SEM_VAGA,0
2026-09-02T13:11:29,CLÍNICA MÉDICA - HÍBRIDA,SEM_VAGA,0
2026-09-02T13:11:33,DERMATOLOGIA,SEM_VAGA,0
2026-09-02T13:11:36,GASTROCLÍNICA,SEM_VAGA,0
2026-09-02T13:11:39,NUTRIÇÃO - DIETÉTICA,SEM_VAGA,0
2026-09-02T13:11:42,ORTOPEDIA,SEM_VAGA,0
2026-09-02T13:11:45,PROCTOLOGIA,SEM_VAGA,0
2026-09-02T13:16:54,CIRURGIA PLÁSTICA,SEM_VAGA,0
2026-09-02T13:16:57,CLÍNICA MÉDICA,SEM_VAGA,0
2026-09-02T13:17:00,CLÍNICA MÉDICA - HÍBRIDA,SEM_VAGA,0
2026-09-02T13:17:06,DERMATOLOGIA,SEM_VAGA,0
2026-09-02T13:17:11,GASTROCLÍNICA,SEM_VAGA,0
2026-09-02T13:17:15,NUTRIÇÃO - DIETÉTICA,SEM_VAGA,0
2026-09-02T13:17:19,ORTOPEDIA,SEM_VAGA,0
2026-09-02T13:17:24,PROCTOLOGIA,SEM_VAGA,0
2026-09-02T13:22:32,CIRURGIA PLÁSTICA,SEM_VAGA,0
2026-09-02T13:22:36,CLÍNICA MÉDICA,SEM_VAGA,0
2026-09-02T13:22:39,CLÍNICA MÉDICA - HÍBRIDA,SEM_VAGA,0
2026-09-02T13:22:42,DERMATOLOGIA,SEM_VAGA,0
2026-09-02T13:22:45,GASTROCLÍNICA,SEM_VAGA,0
2026-09-02T13:22:49,NUTRIÇÃO - DIETÉTICA,SEM_VAGA,0
2026-09-02T13:22:52,ORTOPEDIA,SEM_VAGA,0
2026-09-02T13:22:55,PROCTOLOGIA,SEM_VAGA,0
2026-09-02T13:28:03,CIRURGIA PLÁSTICA,SEM_VAGA,0
2026-09-02T13:28:07,CLÍNICA MÉDICA,SEM_VAGA,0
2026-09-02T13:28:10,CLÍNICA MÉDICA - HÍBRIDA,SEM_VAGA,0
2026-09-02T13:28:14,DERMATOLOGIA,SEM_VAGA,0
2026-09-02T13:28:17,GASTROCLÍNICA,SEM_VAGA,0
2026-09-02T13:28:20,NUTRIÇÃO - DIETÉTICA,SEM_VAGA,0
2026-09-02T13:28:23,ORTOPEDIA,SEM_VAGA,0
2026-09-02T13:28:27,PROCTOLOGIA,SEM_VAGA,0
2026-09-02T13:33:37,CIRURGIA PLÁSTICA,SEM_VAGA,0
2026-09-02T13:33:40,CLÍNICA MÉDICA,SEM_VAGA,0
2026-09-02T13:33:43,CLÍNICA MÉDICA - HÍBRIDA,SEM_VAGA,0
2026-09-02T13:33:46,DERMATOLOGIA,SEM_VAGA,0
2026-09-02T13:33:49,GASTROCLÍNICA,SEM_VAGA,0
2026-09-02T13:33:52,NUTRIÇÃO - DIETÉTICA,SEM_VAGA,0
2026-09-02T13:33:56,ORTOPEDIA,SEM_VAGA,0
2026-09-02T13:33:59,PROCTOLOGIA,SEM_VAGA,0
2026-09-02T13:39:07,CIRURGIA PLÁSTICA,SEM_VAGA,0
2026-09-02T13:39:10,CLÍNICA MÉDICA,SEM_VAGA,0
2026-09-02T13:39:13,CLÍNICA MÉDICA - HÍBRIDA,SEM_VAGA,0
2026-09-02T13:39:17,DERMATOLOGIA,SEM_VAGA,0
2026-09-02T13:39:20,GASTROCLÍNICA,SEM_VAGA,0
2026-09-02T13:39:24,NUTRIÇÃO - DIETÉTICA,SEM_VAGA,0
2026-09-02T13:39:27,ORTOPEDIA,SEM_VAGA,0
2026-09-02T13:39:31,PROCTOLOGIA,SEM_VAGA,0
2026-09-02T13:44:40,CIRURGIA PLÁSTICA,SEM_VAGA,0
2026-09-02T13:44:45,CLÍNICA MÉDICA,SEM_VAGA,0
2026-09-02T13:44:49,CLÍNICA MÉDICA - HÍBRIDA,SEM_VAGA,0
2026-09-02T13:44:54,DERMATOLOGIA,SEM_VAGA,0
2026-09-02T13:44:59,GASTROCLÍNICA,SEM_VAGA,0
2026-09-02T13:45:03,NUTRIÇÃO - DIETÉTICA,SEM_VAGA,0
2026-09-02T13:45:08,ORTOPEDIA,SEM_VAGA,0
2026-09-02T13:45:12,PROCTOLOGIA,SEM_VAGA,0
2026-09-02T13:50:20,CIRURGIA PLÁSTICA,SEM_VAGA,0
2026-09-02T13:50:24,CLÍNICA MÉDICA,SEM_VAGA,0
2026-09-02T13:50:27,CLÍNICA MÉDICA - HÍBRIDA,SEM_VAGA,0
2026-09-02T13:50:30,DERMATOLOGIA,SEM_VAGA,0
2026-09-02T13:50:33,GASTROCLÍNICA,SEM_VAGA,0
2026-09-02T13:50:37,NUTRIÇÃO - DIETÉTICA,SEM_VAGA,0
2026-09-02T13:50:40,ORTOPEDIA,SEM_VAGA,0
2026-09-02T13:50:43,PROCTOLOGIA,SEM_VAGA,0
2026-09-02T13:55:53,CIRURGIA PLÁSTICA,SEM_VAGA,0
2026-09-02T13:55:57,CLÍNICA MÉDICA,SEM_VAGA,0
2026-09-02T13:56:01,CLÍNICA MÉDICA - HÍBRIDA,SEM_VAGA,0
2026-09-02T13:56:06,DERMATOLOGIA,SEM_VAGA,0
2026-09-02T13:56:09,GASTROCLÍNICA,SEM_VAGA,0
2026-09-02T13:56:13,NUTRIÇÃO - DIETÉTICA,SEM_VAGA,0
2026-09-02T13:56:16,ORTOPEDIA,SEM_VAGA,0
2026-09-02T13:56:19,PROCTOLOGIA,SEM_VAGA,0
2026-09-02T14:01:30,CIRURGIA PLÁSTICA,SEM_VAGA,0
2026-09-02T14:01:34,CLÍNICA MÉDICA,SEM_VAGA,0
2026-09-02T14:01:37,CLÍNICA MÉDICA - HÍBRIDA,SEM_VAGA,0
2026-09-02T14:01:40,DERMATOLOGIA,SEM_VAGA,0
2026-09-02T14:01:44,GASTROCLÍNICA,SEM_VAGA,0
2026-09-02T14:01:47,NUTRIÇÃO - DIETÉTICA,SEM_VAGA,0
2026-09-02T14:01:51,ORTOPEDIA,SEM_VAGA,0
2026-09-02T14:01:54,PROCTOLOGIA,SEM_VAGA,0
2026-09-02T14:07:05,CIRURGIA PLÁSTICA,SEM_VAGA,0
2026-09-02T14:07:09,CLÍNICA MÉDICA,SEM_VAGA,0
2026-09-02T14:07:14,CLÍNICA MÉDICA - HÍBRIDA,SEM_VAGA,0
2026-09-02T14:07:18,DERMATOLOGIA,SEM_VAGA,0
2026-09-02T14:07:22,GASTROCLÍNICA,SEM_VAGA,0
2026-09-02T14:07:26,NUTRIÇÃO - DIETÉTICA,SEM_VAGA,0
2026-09-02T14:07:29,ORTOPEDIA,SEM_VAGA,0
2026-09-02T14:07:32,PROCTOLOGIA,SEM_VAGA,0
2026-09-02T14:12:41,CIRURGIA PLÁSTICA,SEM_VAGA,0
2026-09-02T14:12:44,CLÍNICA MÉDICA,SEM_VAGA,0
2026-09-02T14:12:47,CLÍNICA MÉDICA - HÍBRIDA,SEM_VAGA,0
2026-09-02T14:12:50,DERMATOLOGIA,SEM_VAGA,0
2026-09-02T14:12:54,GASTROCLÍNICA,SEM_VAGA,0
2026-09-02T14:12:57,NUTRIÇÃO - DIETÉTICA,SEM_VAGA,0
2026-09-02T14:13:00,ORTOPEDIA,SEM_VAGA,0
2026-09-02T14:13:04,PROCTOLOGIA,SEM_VAGA,0
2026-09-02T14:18:12,CIRURGIA PLÁSTICA,SEM_VAGA,0
2026-09-02T14:18:15,CLÍNICA MÉDICA,SEM_VAGA,0
2026-09-02T14:18:18,CLÍNICA MÉDICA - HÍBRIDA,SEM_VAGA,0
2026-09-02T14:18:22,DERMATOLOGIA,SEM_VAGA,0
2026-09-02T14:18:25,GASTROCLÍNICA,SEM_VAGA,0
2026-09-02T14:18:28,NUTRIÇÃO - DIETÉTICA,SEM_VAGA,0
2026-09-02T14:18:32,ORTOPEDIA,SEM_VAGA,0
2026-09-02T14:18:35,PROCTOLOGIA,SEM_VAGA,0
2026-09-02T14:23:44,CIRURGIA PLÁSTICA,SEM_VAGA,0
2026-09-02T14:23:49,CLÍNICA MÉDICA,SEM_VAGA,0
2026-09-02T14:23:53,CLÍNICA MÉDICA - HÍBRIDA,SEM_VAGA,0
2026-09-02T14:23:57,DERMATOLOGIA,SEM_VAGA,0
2026-09-02T14:24:01,GASTROCLÍNICA,SEM_VAGA,0
2026-09-02T14:24:04,NUTRIÇÃO - DIETÉTICA,SEM_VAGA,0
2026-09-02T14:24:07,ORTOPEDIA,SEM_VAGA,0
2026-09-02T14:24:11,PROCTOLOGIA,SEM_VAGA,0
2026-09-02T14:29:19,CIRURGIA PLÁSTICA,SEM_VAGA,0
2026-09-02T14:29:23,CLÍNICA MÉDICA,SEM_VAGA,0
2026-09-02T14:29:26,CLÍNICA MÉDICA - HÍBRIDA,SEM_VAGA,0
2026-09-02T14:29:29,DERMATOLOGIA,SEM_VAGA,0
2026-09-02T14:29:32,GASTROCLÍNICA,SEM_VAGA,0
2026-09-02T14:29:36,NUTRIÇÃO - DIETÉTICA,SEM_VAGA,0
2026-09-02T14:29:39,ORTOPEDIA,SEM_VAGA,0
2026-09-02T14:29:42,PROCTOLOGIA,SEM_VAGA,0
2026-09-02T14:34:52,CIRURGIA PLÁSTICA,SEM_VAGA,0
2026-09-02T14:34:55,CLÍNICA MÉDICA,SEM_VAGA,0
2026-09-02T14:34:58,CLÍNICA MÉDICA - HÍBRIDA,SEM_VAGA,0
2026-09-02T14:35:02,DERMATOLOGIA,SEM_VAGA,0
2026-09-02T14:35:05,GASTROCLÍNICA,SEM_VAGA,0
2026-09-02T14:35:08,NUTRIÇÃO - DIETÉTICA,SEM_VAGA,0
2026-09-02T14:35:11,ORTOPEDIA,SEM_VAGA,0
2026-09-02T14:35:15,PROCTOLOGIA,SEM_VAGA,0
2026-09-02T14:40:24,CIRURGIA PLÁSTICA,SEM_VAGA,0
2026-09-02T14:40:28,CLÍNICA MÉDICA,SEM_VAGA,0
2026-09-02T14:40:32,CLÍNICA MÉDICA - HÍBRIDA,SEM_VAGA,0
2026-09-02T14:40:35,DERMATOLOGIA,SEM_VAGA,0
2026-09-02T14:40:38,GASTROCLÍNICA,SEM_VAGA,0
2026-09-02T14:40:41,NUTRIÇÃO - DIETÉTICA,SEM_VAGA,0
2026-09-02T14:40:44,ORTOPEDIA,SEM_VAGA,0
2026-09-02T14:40:48,PROCTOLOGIA,SEM_VAGA,0
2026-09-02T14:45:57,CIRURGIA PLÁSTICA,SEM_VAGA,0
2026-09-02T14:46:02,CLÍNICA MÉDICA,SEM_VAGA,0
2026-09-02T14:46:06,CLÍNICA MÉDICA - HÍBRIDA,SEM_VAGA,0
2026-09-02T14:46:10,DERMATOLOGIA,SEM_VAGA,0
2026-09-02T14:46:15,GASTROCLÍNICA,SEM_VAGA,0
2026-09-02T14:46:19,NUTRIÇÃO - DIETÉTICA,SEM_VAGA,0
2026-09-02T14:46:22,ORTOPEDIA,SEM_VAGA,0
2026-09-02T14:46:25,PROCTOLOGIA,SEM_VAGA,0
2026-09-02T14:51:35,CIRURGIA PLÁSTICA,SEM_VAGA,0
2026-09-02T14:51:38,CLÍNICA MÉDICA,SEM_VAGA,0
2026-09-02T14:51:41,CLÍNICA MÉDICA - HÍBRIDA,SEM_VAGA,0
2026-09-02T14:51:44,DERMATOLOGIA,SEM_VAGA,0
2026-09-02T14:51:47,GASTROCLÍNICA,SEM_VAGA,0
2026-09-02T14:51:51,NUTRIÇÃO - DIETÉTICA,SEM_VAGA,0
2026-09-02T14:51:54,ORTOPEDIA,SEM_VAGA,0
2026-09-02T14:51:58,PROCTOLOGIA,SEM_VAGA,0
2026-09-02T14:57:07,CIRURGIA PLÁSTICA,SEM_VAGA,0
2026-09-02T14:57:10,CLÍNICA MÉDICA,SEM_VAGA,0
2026-09-02T14:57:13,CLÍNICA MÉDICA - HÍBRIDA,SEM_VAGA,0
2026-09-02T14:57:17,DERMATOLOGIA,SEM_VAGA,0
2026-09-02T14:57:20,GASTROCLÍNICA,SEM_VAGA,0
2026-09-02T14:57:23,NUTRIÇÃO - DIETÉTICA,SEM_VAGA,0
2026-09-02T14:57:26,ORTOPEDIA,SEM_VAGA,0
2026-09-02T14:57:30,PROCTOLOGIA,SEM_VAGA,0
2026-09-02T15:02:38,CIRURGIA PLÁSTICA,SEM_VAGA,0
2026-09-02T15:02:42,CLÍNICA MÉDICA,SEM_VAGA,0
2026-09-02T15:02:45,CLÍNICA MÉDICA - HÍBRIDA,SEM_VAGA,0
2026-09-02T15:02:48,DERMATOLOGIA,SEM_VAGA,0
2026-09-02T15:02:51,GASTROCLÍNICA,SEM_VAGA,0
2026-09-02T15:02:55,NUTRIÇÃO - DIETÉTICA,SEM_VAGA,0
2026-09-02T15:02:58,ORTOPEDIA,SEM_VAGA,0
2026-09-02T15:03:02,PROCTOLOGIA,SEM_VAGA,0
2026-09-02T15:08:10,CIRURGIA PLÁSTICA,SEM_VAGA,0
2026-09-02T15:08:13,CLÍNICA MÉDICA,SEM_VAGA,0
2026-09-02T15:08:17,CLÍNICA MÉDICA - HÍBRIDA,SEM_VAGA,0
2026-09-02T15:08:21,DERMATOLOGIA,SEM_VAGA,0
2026-09-02T15:08:25,GASTROCLÍNICA,SEM_VAGA,0
2026-09-02T15:08:29,NUTRIÇÃO - DIETÉTICA,SEM_VAGA,0
2026-09-02T15:08:32,ORTOPEDIA,SEM_VAGA,0
2026-09-02T15:08:36,PROCTOLOGIA,SEM_VAGA,0
2026-09-02T15:13:44,CIRURGIA PLÁSTICA,SEM_VAGA,0
2026-09-02T15:13:47,CLÍNICA MÉDICA,SEM_VAGA,0
2026-09-02T15:13:50,CLÍNICA MÉDICA - HÍBRIDA,SEM_VAGA,0
2026-09-02T15:13:53,DERMATOLOGIA,SEM_VAGA,0
2026-09-02T15:13:57,GASTROCLÍNICA,SEM_VAGA,0
2026-09-02T15:14:00,NUTRIÇÃO - DIETÉTICA,SEM_VAGA,0
2026-09-02T15:14:03,ORTOPEDIA,SEM_VAGA,0
2026-09-02T15:14:07,PROCTOLOGIA,SEM_VAGA,0
2026-09-02T15:19:16,CIRURGIA PLÁSTICA,SEM_VAGA,0
2026-09-02T15:19:19,CLÍNICA MÉDICA,SEM_VAGA,0
2026-09-02T15:19:22,CLÍNICA MÉDICA - HÍBRIDA,SEM_VAGA,0
2026-09-02T15:19:25,DERMATOLOGIA,SEM_VAGA,0
2026-09-02T15:19:29,GASTROCLÍNICA,SEM_VAGA,0
2026-09-02T15:19:33,NUTRIÇÃO - DIETÉTICA,SEM_VAGA,0
2026-09-02T15:19:36,ORTOPEDIA,SEM_VAGA,0
2026-09-02T15:19:40,PROCTOLOGIA,SEM_VAGA,0
2026-09-02T15:24:48,CIRURGIA PLÁSTICA,SEM_VAGA,0
2026-09-02T15:24:55,CLÍNICA MÉDICA,VAGA_ENCONTRADA,
2026-09-02T15:25:01,CLÍNICA MÉDICA - HÍBRIDA,SEM_VAGA,0
2026-09-02T15:25:04,DERMATOLOGIA,SEM_VAGA,0
2026-09-02T15:25:08,GASTROCLÍNICA,SEM_VAGA,0
2026-09-02T15:25:11,NUTRIÇÃO - DIETÉTICA,SEM_VAGA,0
2026-09-02T15:25:14,ORTOPEDIA,SEM_VAGA,0
2026-09-02T15:25:19,PROCTOLOGIA,SEM_VAGA,0
2026-09-02T15:30:27,CIRURGIA PLÁSTICA,SEM_VAGA,0
2026-09-02T15:30:34,CLÍNICA MÉDICA,VAGA_ENCONTRADA,
2026-09-02T15:30:41,CLÍNICA MÉDICA - HÍBRIDA,SEM_VAGA,0
2026-09-02T15:30:45,DERMATOLOGIA,SEM_VAGA,0
2026-09-02T15:30:49,GASTROCLÍNICA,SEM_VAGA,0
2026-09-02T15:30:52,NUTRIÇÃO - DIETÉTICA,SEM_VAGA,0
2026-09-02T15:30:55,ORTOPEDIA,SEM_VAGA,0
2026-09-02T15:30:59,PROCTOLOGIA,SEM_VAGA,0
2026-09-02T15:36:07,CIRURGIA PLÁSTICA,SEM_VAGA,0
2026-09-02T15:36:10,CLÍNICA MÉDICA,SEM_VAGA,0
2026-09-02T15:36:12,CLÍNICA MÉDICA - HÍBRIDA,SEM_VAGA,0
2026-09-02T15:36:16,DERMATOLOGIA,SEM_VAGA,0
2026-09-02T15:36:19,GASTROCLÍNICA,SEM_VAGA,0
2026-09-02T15:36:22,NUTRIÇÃO - DIETÉTICA,SEM_VAGA,0
2026-09-02T15:36:25,ORTOPEDIA,SEM_VAGA,0
2026-09-02T15:36:29,PROCTOLOGIA,SEM_VAGA,0
2026-09-02T15:41:37,CIRURGIA PLÁSTICA,SEM_VAGA,0
2026-09-02T15:41:41,CLÍNICA MÉDICA,SEM_VAGA,0
2026-09-02T15:41:43,CLÍNICA MÉDICA - HÍBRIDA,SEM_VAGA,0
2026-09-02T15:41:46,DERMATOLOGIA,SEM_VAGA,0
2026-09-02T15:41:50,GASTROCLÍNICA,SEM_VAGA,0
2026-09-02T15:41:54,NUTRIÇÃO - DIETÉTICA,SEM_VAGA,0
2026-09-02T15:41:59,ORTOPEDIA,SEM_VAGA,0
2026-09-02T15:42:02,PROCTOLOGIA,SEM_VAGA,0
2026-09-02T15:47:12,CIRURGIA PLÁSTICA,SEM_VAGA,0
2026-09-02T15:47:15,CLÍNICA MÉDICA,SEM_VAGA,0
2026-09-02T15:47:18,CLÍNICA MÉDICA - HÍBRIDA,SEM_VAGA,0
2026-09-02T15:47:21,DERMATOLOGIA,SEM_VAGA,0
2026-09-02T15:47:24,GASTROCLÍNICA,SEM_VAGA,0
2026-09-02T15:47:28,NUTRIÇÃO - DIETÉTICA,SEM_VAGA,0
2026-09-02T15:47:31,ORTOPEDIA,SEM_VAGA,0
2026-09-02T15:47:35,PROCTOLOGIA,SEM_VAGA,0
2026-09-02T15:52:45,CIRURGIA PLÁSTICA,SEM_VAGA,0
2026-09-02T15:52:49,CLÍNICA MÉDICA,SEM_VAGA,0
2026-09-02T15:52:52,CLÍNICA MÉDICA - HÍBRIDA,SEM_VAGA,0
2026-09-02T15:52:55,DERMATOLOGIA,SEM_VAGA,0
2026-09-02T15:52:58,GASTROCLÍNICA,SEM_VAGA,0
2026-09-02T15:53:02,NUTRIÇÃO - DIETÉTICA,SEM_VAGA,0
2026-09-02T15:53:05,ORTOPEDIA,SEM_VAGA,0
2026-09-02T15:53:08,PROCTOLOGIA,SEM_VAGA,0
2026-09-02T15:58:17,CIRURGIA PLÁSTICA,SEM_VAGA,0
2026-09-02T15:58:20,CLÍNICA MÉDICA,SEM_VAGA,0
2026-09-02T15:58:23,CLÍNICA MÉDICA - HÍBRIDA,SEM_VAGA,0
2026-09-02T15:58:26,DERMATOLOGIA,SEM_VAGA,0
2026-09-02T15:58:29,GASTROCLÍNICA,SEM_VAGA,0
2026-09-02T15:58:33,NUTRIÇÃO - DIETÉTICA,SEM_VAGA,0
2026-09-02T15:58:36,ORTOPEDIA,SEM_VAGA,0
2026-09-02T15:58:41,PROCTOLOGIA,SEM_VAGA,0
2026-09-02T16:03:49,CIRURGIA PLÁSTICA,SEM_VAGA,0
2026-09-02T16:03:53,CLÍNICA MÉDICA,SEM_VAGA,0
2026-09-02T16:03:56,CLÍNICA MÉDICA - HÍBRIDA,SEM_VAGA,0
2026-09-02T16:03:59,DERMATOLOGIA,SEM_VAGA,0
2026-09-02T16:04:02,GASTROCLÍNICA,SEM_VAGA,0
2026-09-02T16:04:05,NUTRIÇÃO - DIETÉTICA,SEM_VAGA,0
2026-09-02T16:04:09,ORTOPEDIA,SEM_VAGA,0
2026-09-02T16:04:12,PROCTOLOGIA,SEM_VAGA,0
2026-09-02T16:09:20,CIRURGIA PLÁSTICA,SEM_VAGA,0
2026-09-02T16:09:24,CLÍNICA MÉDICA,SEM_VAGA,0
2026-09-02T16:09:27,CLÍNICA MÉDICA - HÍBRIDA,SEM_VAGA,0
2026-09-02T16:09:30,DERMATOLOGIA,SEM_VAGA,0
2026-09-02T16:09:33,GASTROCLÍNICA,SEM_VAGA,0
2026-09-02T16:09:37,NUTRIÇÃO - DIETÉTICA,SEM_VAGA,0
2026-09-02T16:09:42,ORTOPEDIA,SEM_VAGA,0
2026-09-02T16:09:46,PROCTOLOGIA,SEM_VAGA,0
2026-09-02T16:14:54,CIRURGIA PLÁSTICA,SEM_VAGA,0
2026-09-02T16:14:57,CLÍNICA MÉDICA,SEM_VAGA,0
2026-09-02T16:15:01,CLÍNICA MÉDICA - HÍBRIDA,SEM_VAGA,0
2026-09-02T16:15:05,DERMATOLOGIA,SEM_VAGA,0
2026-09-02T16:15:09,GASTROCLÍNICA,SEM_VAGA,0
2026-09-02T16:15:13,NUTRIÇÃO - DIETÉTICA,SEM_VAGA,0
2026-09-02T16:15:20,ORTOPEDIA,VAGA_ENCONTRADA,
2026-09-02T16:15:27,PROCTOLOGIA,SEM_VAGA,0
2026-09-02T16:20:35,CIRURGIA PLÁSTICA,SEM_VAGA,0
2026-09-02T16:20:38,CLÍNICA MÉDICA,SEM_VAGA,0
2026-09-02T16:20:41,CLÍNICA MÉDICA - HÍBRIDA,SEM_VAGA,0
2026-09-02T16:20:45,DERMATOLOGIA,SEM_VAGA,0
2026-09-02T16:20:48,GASTROCLÍNICA,SEM_VAGA,0
2026-09-02T16:20:52,NUTRIÇÃO - DIETÉTICA,SEM_VAGA,0
2026-09-02T16:20:55,ORTOPEDIA,SEM_VAGA,0
2026-09-02T16:20:58,PROCTOLOGIA,SEM_VAGA,0
2026-09-02T16:26:07,CIRURGIA PLÁSTICA,SEM_VAGA,0
2026-09-02T16:26:10,CLÍNICA MÉDICA,SEM_VAGA,0
2026-09-02T16:26:13,CLÍNICA MÉDICA - HÍBRIDA,SEM_VAGA,0
2026-09-02T16:26:16,DERMATOLOGIA,SEM_VAGA,0
2026-09-02T16:26:19,GASTROCLÍNICA,SEM_VAGA,0
2026-09-02T16:26:23,NUTRIÇÃO - DIETÉTICA,SEM_VAGA,0
2026-09-02T16:26:26,ORTOPEDIA,SEM_VAGA,0
2026-09-02T16:26:29,PROCTOLOGIA,SEM_VAGA,0
2026-09-02T16:31:37,CIRURGIA PLÁSTICA,SEM_VAGA,0
2026-09-02T16:31:41,CLÍNICA MÉDICA,SEM_VAGA,0
2026-09-02T16:31:43,CLÍNICA MÉDICA - HÍBRIDA,SEM_VAGA,0
2026-09-02T16:31:47,DERMATOLOGIA,SEM_VAGA,0
2026-09-02T16:31:50,GASTROCLÍNICA,SEM_VAGA,0
2026-09-02T16:31:53,NUTRIÇÃO - DIETÉTICA,SEM_VAGA,0
2026-09-02T16:31:57,ORTOPEDIA,SEM_VAGA,0
2026-09-02T16:32:00,PROCTOLOGIA,SEM_VAGA,0
2026-09-02T16:37:08,CIRURGIA PLÁSTICA,SEM_VAGA,0
2026-09-02T16:37:11,CLÍNICA MÉDICA,SEM_VAGA,0
2026-09-02T16:37:15,CLÍNICA MÉDICA - HÍBRIDA,SEM_VAGA,0
2026-09-02T16:37:18,DERMATOLOGIA,SEM_VAGA,0
2026-09-02T16:37:21,GASTROCLÍNICA,SEM_VAGA,0
2026-09-02T16:37:24,NUTRIÇÃO - DIETÉTICA,SEM_VAGA,0
2026-09-02T16:37:28,ORTOPEDIA,SEM_VAGA,0
2026-09-02T16:37:31,PROCTOLOGIA,SEM_VAGA,0
2026-09-02T16:42:41,CIRURGIA PLÁSTICA,SEM_VAGA,0
2026-09-02T16:42:44,CLÍNICA MÉDICA,SEM_VAGA,0
2026-09-02T16:42:47,CLÍNICA MÉDICA - HÍBRIDA,SEM_VAGA,0
2026-09-02T16:42:51,DERMATOLOGIA,SEM_VAGA,0
2026-09-02T16:42:55,GASTROCLÍNICA,SEM_VAGA,0
2026-09-02T16:42:59,NUTRIÇÃO - DIETÉTICA,SEM_VAGA,0
2026-09-02T16:43:04,ORTOPEDIA,SEM_VAGA,0
2026-09-02T16:43:08,PROCTOLOGIA,SEM_VAGA,0
2026-09-02T16:48:16,CIRURGIA PLÁSTICA,SEM_VAGA,0
2026-09-02T16:48:20,CLÍNICA MÉDICA,SEM_VAGA,0
2026-09-02T16:48:23,CLÍNICA MÉDICA - HÍBRIDA,SEM_VAGA,0
2026-09-02T16:48:26,DERMATOLOGIA,SEM_VAGA,0
2026-09-02T16:48:29,GASTROCLÍNICA,SEM_VAGA,0
2026-09-02T16:48:33,NUTRIÇÃO - DIETÉTICA,SEM_VAGA,0
2026-09-02T16:48:36,ORTOPEDIA,SEM_VAGA,0
2026-09-02T16:48:39,PROCTOLOGIA,SEM_VAGA,0
2026-09-02T16:53:48,CIRURGIA PLÁSTICA,SEM_VAGA,0
2026-09-02T16:53:51,CLÍNICA MÉDICA,SEM_VAGA,0
2026-09-02T16:53:54,CLÍNICA MÉDICA - HÍBRIDA,SEM_VAGA,0
2026-09-02T16:53:57,DERMATOLOGIA,SEM_VAGA,0
2026-09-02T16:54:00,GASTROCLÍNICA,SEM_VAGA,0
2026-09-02T16:54:04,NUTRIÇÃO - DIETÉTICA,SEM_VAGA,0
2026-09-02T16:54:07,ORTOPEDIA,SEM_VAGA,0
2026-09-02T16:54:10,PROCTOLOGIA,SEM_VAGA,0
2026-09-02T16:59:19,CIRURGIA PLÁSTICA,SEM_VAGA,0
2026-09-02T16:59:22,CLÍNICA MÉDICA,SEM_VAGA,0
2026-09-02T16:59:25,CLÍNICA MÉDICA - HÍBRIDA,SEM_VAGA,0
2026-09-02T16:59:29,DERMATOLOGIA,SEM_VAGA,0
2026-09-02T16:59:32,GASTROCLÍNICA,SEM_VAGA,0
2026-09-02T16:59:35,NUTRIÇÃO - DIETÉTICA,SEM_VAGA,0
2026-09-02T16:59:38,ORTOPEDIA,SEM_VAGA,0
2026-09-02T16:59:42,PROCTOLOGIA,SEM_VAGA,0
2026-09-02T17:04:50,CIRURGIA PLÁSTICA,SEM_VAGA,0
2026-09-02T17:04:53,CLÍNICA MÉDICA,SEM_VAGA,0
2026-09-02T17:04:56,CLÍNICA MÉDICA - HÍBRIDA,SEM_VAGA,0
2026-09-02T17:05:00,DERMATOLOGIA,SEM_VAGA,0
2026-09-02T17:05:03,GASTROCLÍNICA,SEM_VAGA,0
2026-09-02T17:05:06,NUTRIÇÃO - DIETÉTICA,SEM_VAGA,0
2026-09-02T17:05:09,ORTOPEDIA,SEM_VAGA,0
2026-09-02T17:05:13,PROCTOLOGIA,SEM_VAGA,0
2026-09-02T17:10:21,CIRURGIA PLÁSTICA,SEM_VAGA,0
2026-09-02T17:10:25,CLÍNICA MÉDICA,SEM_VAGA,0
2026-09-02T17:10:28,CLÍNICA MÉDICA - HÍBRIDA,SEM_VAGA,0
2026-09-02T17:10:31,DERMATOLOGIA,SEM_VAGA,0
2026-09-02T17:10:35,GASTROCLÍNICA,SEM_VAGA,0
2026-09-02T17:10:40,NUTRIÇÃO - DIETÉTICA,SEM_VAGA,0
2026-09-02T17:10:44,ORTOPEDIA,SEM_VAGA,0
2026-09-02T17:10:48,PROCTOLOGIA,SEM_VAGA,0
2026-09-02T17:15:57,CIRURGIA PLÁSTICA,SEM_VAGA,0
2026-09-02T17:16:01,CLÍNICA MÉDICA,SEM_VAGA,0
2026-09-02T17:16:04,CLÍNICA MÉDICA - HÍBRIDA,SEM_VAGA,0
2026-09-02T17:16:07,DERMATOLOGIA,SEM_VAGA,0
2026-09-02T17:16:10,GASTROCLÍNICA,SEM_VAGA,0
2026-09-02T17:16:14,NUTRIÇÃO - DIETÉTICA,SEM_VAGA,0
2026-09-02T17:16:17,ORTOPEDIA,SEM_VAGA,0
2026-09-02T17:16:20,PROCTOLOGIA,SEM_VAGA,0
2026-09-02T17:21:29,CIRURGIA PLÁSTICA,SEM_VAGA,0
2026-09-02T17:21:32,CLÍNICA MÉDICA,SEM_VAGA,0
2026-09-02T17:21:35,CLÍNICA MÉDICA - HÍBRIDA,SEM_VAGA,0
2026-09-02T17:21:39,DERMATOLOGIA,SEM_VAGA,0
2026-09-02T17:21:42,GASTROCLÍNICA,SEM_VAGA,0
2026-09-02T17:21:45,NUTRIÇÃO - DIETÉTICA,SEM_VAGA,0
2026-09-02T17:21:49,ORTOPEDIA,SEM_VAGA,0
2026-09-02T17:21:52,PROCTOLOGIA,SEM_VAGA,0
2026-09-02T17:27:01,CIRURGIA PLÁSTICA,SEM_VAGA,0
2026-09-02T17:33:39,CIRURGIA PLÁSTICA,SEM_VAGA,0
2026-09-02T17:33:42,CLÍNICA MÉDICA,SEM_VAGA,0
2026-09-02T17:33:45,CLÍNICA MÉDICA - HÍBRIDA,SEM_VAGA,0
2026-09-02T17:33:50,DERMATOLOGIA,SEM_VAGA,0
2026-09-02T17:33:55,GASTROCLÍNICA,SEM_VAGA,0
2026-09-02T17:33:59,NUTRIÇÃO - DIETÉTICA,SEM_VAGA,0
2026-09-02T17:34:04,ORTOPEDIA,SEM_VAGA,0
2026-09-02T17:34:08,PROCTOLOGIA,SEM_VAGA,0
2026-09-02T17:39:16,CIRURGIA PLÁSTICA,SEM_VAGA,0
2026-09-02T17:39:20,CLÍNICA MÉDICA,SEM_VAGA,0
2026-09-02T17:39:23,CLÍNICA MÉDICA - HÍBRIDA,SEM_VAGA,0
2026-09-02T17:39:26,DERMATOLOGIA,SEM_VAGA,0
2026-09-02T17:39:29,GASTROCLÍNICA,SEM_VAGA,0
2026-09-02T17:39:32,NUTRIÇÃO - DIETÉTICA,SEM_VAGA,0
2026-09-02T17:39:36,ORTOPEDIA,SEM_VAGA,0
2026-09-02T17:39:39,PROCTOLOGIA,SEM_VAGA,0
2026-09-02T17:44:47,CIRURGIA PLÁSTICA,SEM_VAGA,0
2026-09-02T17:44:50,CLÍNICA MÉDICA,SEM_VAGA,0
2026-09-02T17:44:53,CLÍNICA MÉDICA - HÍBRIDA,SEM_VAGA,0
2026-09-02T17:44:57,DERMATOLOGIA,SEM_VAGA,0
2026-09-02T17:45:00,GASTROCLÍNICA,SEM_VAGA,0
2026-09-02T17:45:03,NUTRIÇÃO - DIETÉTICA,SEM_VAGA,0
2026-09-02T17:45:06,ORTOPEDIA,SEM_VAGA,0
2026-09-02T17:45:10,PROCTOLOGIA,SEM_VAGA,0
2026-09-02T17:50:18,CIRURGIA PLÁSTICA,SEM_VAGA,0
2026-09-02T17:50:21,CLÍNICA MÉDICA,SEM_VAGA,0
2026-09-02T17:50:24,CLÍNICA MÉDICA - HÍBRIDA,SEM_VAGA,0
2026-09-02T17:50:28,DERMATOLOGIA,SEM_VAGA,0
2026-09-02T17:50:30,GASTROCLÍNICA,SEM_VAGA,0
2026-09-02T17:50:34,NUTRIÇÃO - DIETÉTICA,SEM_VAGA,0
2026-09-02T17:50:37,ORTOPEDIA,SEM_VAGA,0
2026-09-02T17:50:40,PROCTOLOGIA,SEM_VAGA,0
2026-09-02T17:55:48,CIRURGIA PLÁSTICA,SEM_VAGA,0
2026-09-02T17:55:52,CLÍNICA MÉDICA,SEM_VAGA,0
2026-09-02T17:55:55,CLÍNICA MÉDICA - HÍBRIDA,SEM_VAGA,0
2026-09-02T17:55:58,DERMATOLOGIA,SEM_VAGA,0
2026-09-02T17:56:01,GASTROCLÍNICA,SEM_VAGA,0
2026-09-02T17:56:05,NUTRIÇÃO - DIETÉTICA,SEM_VAGA,0
2026-09-02T17:56:08,ORTOPEDIA,SEM_VAGA,0
2026-09-02T17:56:11,PROCTOLOGIA,SEM_VAGA,0
2026-09-02T18:01:20,CIRURGIA PLÁSTICA,SEM_VAGA,0
2026-09-02T18:01:25,CLÍNICA MÉDICA,SEM_VAGA,0
2026-09-02T18:01:28,CLÍNICA MÉDICA - HÍBRIDA,SEM_VAGA,0
2026-09-02T18:01:35,DERMATOLOGIA,SEM_VAGA,0
2026-09-02T18:01:40,GASTROCLÍNICA,SEM_VAGA,0
2026-09-02T18:01:45,NUTRIÇÃO - DIETÉTICA,SEM_VAGA,0
2026-09-02T18:01:50,ORTOPEDIA,SEM_VAGA,0
2026-09-02T18:01:54,PROCTOLOGIA,SEM_VAGA,0
2026-09-02T18:07:03,CIRURGIA PLÁSTICA,SEM_VAGA,0
2026-09-02T18:07:07,CLÍNICA MÉDICA,SEM_VAGA,0
2026-09-02T18:07:10,CLÍNICA MÉDICA - HÍBRIDA,SEM_VAGA,0
2026-09-02T18:07:13,DERMATOLOGIA,SEM_VAGA,0
2026-09-02T18:07:16,GASTROCLÍNICA,SEM_VAGA,0
2026-09-02T18:07:20,NUTRIÇÃO - DIETÉTICA,SEM_VAGA,0
2026-09-02T18:07:24,ORTOPEDIA,SEM_VAGA,0
2026-09-02T18:07:27,PROCTOLOGIA,SEM_VAGA,0
2026-09-02T18:12:36,CIRURGIA PLÁSTICA,SEM_VAGA,0
2026-09-02T18:12:40,CLÍNICA MÉDICA,SEM_VAGA,0
2026-09-02T18:12:42,CLÍNICA MÉDICA - HÍBRIDA,SEM_VAGA,0
2026-09-02T18:12:46,DERMATOLOGIA,SEM_VAGA,0
2026-09-02T18:12:50,GASTROCLÍNICA,SEM_VAGA,0
2026-09-02T18:12:55,NUTRIÇÃO - DIETÉTICA,SEM_VAGA,0
2026-09-02T18:12:58,ORTOPEDIA,SEM_VAGA,0
2026-09-02T18:13:03,PROCTOLOGIA,SEM_VAGA,0
2026-09-02T18:18:11,CIRURGIA PLÁSTICA,SEM_VAGA,0
2026-09-02T18:18:15,CLÍNICA MÉDICA,SEM_VAGA,0
2026-09-02T18:18:18,CLÍNICA MÉDICA - HÍBRIDA,SEM_VAGA,0
2026-09-02T18:18:21,DERMATOLOGIA,SEM_VAGA,0
2026-09-02T18:18:25,GASTROCLÍNICA,SEM_VAGA,0
2026-09-02T18:18:28,NUTRIÇÃO - DIETÉTICA,SEM_VAGA,0
2026-09-02T18:18:31,ORTOPEDIA,SEM_VAGA,0
2026-09-02T18:18:35,PROCTOLOGIA,SEM_VAGA,0
2026-09-02T18:23:43,CIRURGIA PLÁSTICA,SEM_VAGA,0
2026-09-02T18:23:47,CLÍNICA MÉDICA,SEM_VAGA,0
2026-09-02T18:23:49,CLÍNICA MÉDICA - HÍBRIDA,SEM_VAGA,0
2026-09-02T18:23:52,DERMATOLOGIA,SEM_VAGA,0
2026-09-02T18:23:55,GASTROCLÍNICA,SEM_VAGA,0
2026-09-02T18:23:59,NUTRIÇÃO - DIETÉTICA,SEM_VAGA,0
2026-09-02T18:24:02,ORTOPEDIA,SEM_VAGA,0
2026-09-02T18:24:05,PROCTOLOGIA,SEM_VAGA,0
2026-09-02T18:29:13,CIRURGIA PLÁSTICA,SEM_VAGA,0
2026-09-02T18:29:16,CLÍNICA MÉDICA,SEM_VAGA,0
2026-09-02T18:29:19,CLÍNICA MÉDICA - HÍBRIDA,SEM_VAGA,0
2026-09-02T18:29:22,DERMATOLOGIA,SEM_VAGA,0
2026-09-02T18:29:26,GASTROCLÍNICA,SEM_VAGA,0
2026-09-02T18:29:29,NUTRIÇÃO - DIETÉTICA,SEM_VAGA,0
2026-09-02T18:29:32,ORTOPEDIA,SEM_VAGA,0
2026-09-02T18:29:36,PROCTOLOGIA,SEM_VAGA,0
2026-09-02T18:34:45,CIRURGIA PLÁSTICA,SEM_VAGA,0
2026-09-02T18:34:48,CLÍNICA MÉDICA,SEM_VAGA,0
2026-09-02T18:34:52,CLÍNICA MÉDICA - HÍBRIDA,SEM_VAGA,0
2026-09-02T18:34:54,DERMATOLOGIA,SEM_VAGA,0
2026-09-02T18:34:58,GASTROCLÍNICA,SEM_VAGA,0
2026-09-02T18:35:01,NUTRIÇÃO - DIETÉTICA,SEM_VAGA,0
2026-09-02T18:35:05,ORTOPEDIA,SEM_VAGA,0
2026-09-02T18:35:09,PROCTOLOGIA,SEM_VAGA,0
2026-09-02T18:40:18,CIRURGIA PLÁSTICA,SEM_VAGA,0
2026-09-02T18:40:21,CLÍNICA MÉDICA,SEM_VAGA,0
2026-09-02T18:40:24,CLÍNICA MÉDICA - HÍBRIDA,SEM_VAGA,0
2026-09-02T18:40:28,DERMATOLOGIA,SEM_VAGA,0
2026-09-02T18:40:31,GASTROCLÍNICA,SEM_VAGA,0
2026-09-02T18:40:34,NUTRIÇÃO - DIETÉTICA,SEM_VAGA,0
2026-09-02T18:40:37,ORTOPEDIA,SEM_VAGA,0
2026-09-02T18:40:40,PROCTOLOGIA,SEM_VAGA,0
2026-09-02T18:45:49,CIRURGIA PLÁSTICA,SEM_VAGA,0
2026-09-02T18:45:52,CLÍNICA MÉDICA,SEM_VAGA,0
2026-09-02T18:45:55,CLÍNICA MÉDICA - HÍBRIDA,SEM_VAGA,0
2026-09-02T18:45:58,DERMATOLOGIA,SEM_VAGA,0
2026-09-02T18:46:01,GASTROCLÍNICA,SEM_VAGA,0
2026-09-02T18:46:05,NUTRIÇÃO - DIETÉTICA,SEM_VAGA,0
2026-09-02T18:46:08,ORTOPEDIA,SEM_VAGA,0
2026-09-02T18:46:11,PROCTOLOGIA,SEM_VAGA,0
2026-09-02T18:51:19,CIRURGIA PLÁSTICA,SEM_VAGA,0
2026-09-02T18:51:23,CLÍNICA MÉDICA,SEM_VAGA,0
2026-09-02T18:51:26,CLÍNICA MÉDICA - HÍBRIDA,SEM_VAGA,0
2026-09-02T18:51:29,DERMATOLOGIA,SEM_VAGA,0
2026-09-02T18:51:32,GASTROCLÍNICA,SEM_VAGA,0
2026-09-02T18:51:36,NUTRIÇÃO - DIETÉTICA,SEM_VAGA,0
2026-09-02T18:51:39,ORTOPEDIA,SEM_VAGA,0
2026-09-02T18:51:42,PROCTOLOGIA,SEM_VAGA,0
2026-09-02T18:56:51,CIRURGIA PLÁSTICA,SEM_VAGA,0
2026-09-02T18:56:55,CLÍNICA MÉDICA,SEM_VAGA,0
2026-09-02T18:56:58,CLÍNICA MÉDICA - HÍBRIDA,SEM_VAGA,0
2026-09-02T18:57:02,DERMATOLOGIA,SEM_VAGA,0
2026-09-02T18:57:07,GASTROCLÍNICA,SEM_VAGA,0
2026-09-02T18:57:10,NUTRIÇÃO - DIETÉTICA,SEM_VAGA,0
2026-09-02T18:57:13,ORTOPEDIA,SEM_VAGA,0
2026-09-02T18:57:17,PROCTOLOGIA,SEM_VAGA,0
2026-09-02T19:02:25,CIRURGIA PLÁSTICA,SEM_VAGA,0
2026-09-02T19:02:28,CLÍNICA MÉDICA,SEM_VAGA,0
2026-09-02T19:02:31,CLÍNICA MÉDICA - HÍBRIDA,SEM_VAGA,0
2026-09-02T19:02:35,DERMATOLOGIA,SEM_VAGA,0
2026-09-02T19:02:38,GASTROCLÍNICA,SEM_VAGA,0
2026-09-02T19:02:41,NUTRIÇÃO - DIETÉTICA,SEM_VAGA,0
2026-09-02T19:02:44,ORTOPEDIA,SEM_VAGA,0
2026-09-02T19:02:47,PROCTOLOGIA,SEM_VAGA,0
2026-09-02T19:07:56,CIRURGIA PLÁSTICA,SEM_VAGA,0
2026-09-02T19:07:59,CLÍNICA MÉDICA,SEM_VAGA,0
2026-09-02T19:08:02,CLÍNICA MÉDICA - HÍBRIDA,SEM_VAGA,0
2026-09-02T19:08:05,DERMATOLOGIA,SEM_VAGA,0
2026-09-02T19:08:09,GASTROCLÍNICA,SEM_VAGA,0
2026-09-02T19:08:12,NUTRIÇÃO - DIETÉTICA,SEM_VAGA,0
2026-09-02T19:08:15,ORTOPEDIA,SEM_VAGA,0
2026-09-02T19:08:19,PROCTOLOGIA,SEM_VAGA,0
2026-09-02T19:13:28,CIRURGIA PLÁSTICA,SEM_VAGA,0
2026-09-02T19:13:32,CLÍNICA MÉDICA,SEM_VAGA,0
2026-09-02T19:13:34,CLÍNICA MÉDICA - HÍBRIDA,SEM_VAGA,0
2026-09-02T19:13:38,DERMATOLOGIA,SEM_VAGA,0
2026-09-02T19:13:41,GASTROCLÍNICA,SEM_VAGA,0
2026-09-02T19:13:44,NUTRIÇÃO - DIETÉTICA,SEM_VAGA,0
2026-09-02T19:13:47,ORTOPEDIA,SEM_VAGA,0
2026-09-02T19:13:50,PROCTOLOGIA,SEM_VAGA,0
2026-09-02T19:18:59,CIRURGIA PLÁSTICA,SEM_VAGA,0
2026-09-02T19:19:02,CLÍNICA MÉDICA,SEM_VAGA,0
2026-09-02T19:19:05,CLÍNICA MÉDICA - HÍBRIDA,SEM_VAGA,0
2026-09-02T19:19:08,DERMATOLOGIA,SEM_VAGA,0
2026-09-02T19:19:12,GASTROCLÍNICA,SEM_VAGA,0
2026-09-02T19:19:15,NUTRIÇÃO - DIETÉTICA,SEM_VAGA,0
2026-09-02T19:19:18,ORTOPEDIA,SEM_VAGA,0
2026-09-02T19:19:21,PROCTOLOGIA,SEM_VAGA,0
2026-09-02T19:24:30,CIRURGIA PLÁSTICA,SEM_VAGA,0
2026-09-02T19:24:33,CLÍNICA MÉDICA,SEM_VAGA,0
2026-09-02T19:24:36,CLÍNICA MÉDICA - HÍBRIDA,SEM_VAGA,0
2026-09-02T19:24:39,DERMATOLOGIA,SEM_VAGA,0
2026-09-02T19:24:42,GASTROCLÍNICA,SEM_VAGA,0
2026-09-02T19:24:46,NUTRIÇÃO - DIETÉTICA,SEM_VAGA,0
2026-09-02T19:24:49,ORTOPEDIA,SEM_VAGA,0
2026-09-02T19:24:52,PROCTOLOGIA,SEM_VAGA,0
2026-09-02T19:30:00,CIRURGIA PLÁSTICA,SEM_VAGA,0
2026-09-02T19:30:03,CLÍNICA MÉDICA,SEM_VAGA,0
2026-09-02T19:30:06,CLÍNICA MÉDICA - HÍBRIDA,SEM_VAGA,0
2026-09-02T19:30:09,DERMATOLOGIA,SEM_VAGA,0
2026-09-02T19:30:13,GASTROCLÍNICA,SEM_VAGA,0
2026-09-02T19:30:16,NUTRIÇÃO - DIETÉTICA,SEM_VAGA,0
2026-09-02T19:30:19,ORTOPEDIA,SEM_VAGA,0
2026-09-02T19:30:22,PROCTOLOGIA,SEM_VAGA,0
2026-09-02T19:35:31,CIRURGIA PLÁSTICA,SEM_VAGA,0
2026-09-02T19:35:34,CLÍNICA MÉDICA,SEM_VAGA,0
2026-09-02T19:35:37,CLÍNICA MÉDICA - HÍBRIDA,SEM_VAGA,0
2026-09-02T19:35:41,DERMATOLOGIA,SEM_VAGA,0
2026-09-02T19:35:44,GASTROCLÍNICA,SEM_VAGA,0
2026-09-02T19:35:47,NUTRIÇÃO - DIETÉTICA,SEM_VAGA,0
2026-09-02T19:35:51,ORTOPEDIA,SEM_VAGA,0
2026-09-02T19:35:54,PROCTOLOGIA,SEM_VAGA,0
2026-09-02T19:41:02,CIRURGIA PLÁSTICA,SEM_VAGA,0
2026-09-02T19:41:06,CLÍNICA MÉDICA,SEM_VAGA,0
2026-09-02T19:41:10,CLÍNICA MÉDICA - HÍBRIDA,SEM_VAGA,0
2026-09-02T19:41:14,DERMATOLOGIA,SEM_VAGA,0
2026-09-02T19:41:18,GASTROCLÍNICA,SEM_VAGA,0
2026-09-02T19:41:23,NUTRIÇÃO - DIETÉTICA,SEM_VAGA,0
2026-09-02T19:41:26,ORTOPEDIA,SEM_VAGA,0
2026-09-02T19:41:29,PROCTOLOGIA,SEM_VAGA,0
2026-09-02T19:46:38,CIRURGIA PLÁSTICA,SEM_VAGA,0
2026-09-02T19:46:41,CLÍNICA MÉDICA,SEM_VAGA,0
2026-09-02T19:46:45,CLÍNICA MÉDICA - HÍBRIDA,SEM_VAGA,0
2026-09-02T19:46:49,DERMATOLOGIA,SEM_VAGA,0
2026-09-02T19:46:54,GASTROCLÍNICA,SEM_VAGA,0
2026-09-02T19:46:58,NUTRIÇÃO - DIETÉTICA,SEM_VAGA,0
2026-09-02T19:47:03,ORTOPEDIA,SEM_VAGA,0
2026-09-02T19:47:06,PROCTOLOGIA,SEM_VAGA,0
2026-09-02T19:52:14,CIRURGIA PLÁSTICA,SEM_VAGA,0
2026-09-02T19:52:18,CLÍNICA MÉDICA,SEM_VAGA,0
2026-09-02T19:52:21,CLÍNICA MÉDICA - HÍBRIDA,SEM_VAGA,0
2026-09-02T19:52:24,DERMATOLOGIA,SEM_VAGA,0
2026-09-02T19:52:27,GASTROCLÍNICA,SEM_VAGA,0
2026-09-02T19:52:31,NUTRIÇÃO - DIETÉTICA,SEM_VAGA,0
2026-09-02T19:52:34,ORTOPEDIA,SEM_VAGA,0
2026-09-02T19:52:37,PROCTOLOGIA,SEM_VAGA,0
2026-09-02T19:57:46,CIRURGIA PLÁSTICA,SEM_VAGA,0
2026-09-02T19:57:49,CLÍNICA MÉDICA,SEM_VAGA,0
2026-09-02T19:57:52,CLÍNICA MÉDICA - HÍBRIDA,SEM_VAGA,0
2026-09-02T19:57:55,DERMATOLOGIA,SEM_VAGA,0
2026-09-02T19:57:59,GASTROCLÍNICA,SEM_VAGA,0
2026-09-02T19:58:02,NUTRIÇÃO - DIETÉTICA,SEM_VAGA,0
2026-09-02T19:58:05,ORTOPEDIA,SEM_VAGA,0
2026-09-02T19:58:08,PROCTOLOGIA,SEM_VAGA,0
2026-09-02T20:03:17,CIRURGIA PLÁSTICA,SEM_VAGA,0
2026-09-02T20:03:20,CLÍNICA MÉDICA,SEM_VAGA,0
2026-09-02T20:03:23,CLÍNICA MÉDICA - HÍBRIDA,SEM_VAGA,0
2026-09-02T20:03:26,DERMATOLOGIA,SEM_VAGA,0
2026-09-02T20:03:30,GASTROCLÍNICA,SEM_VAGA,0
2026-09-02T20:03:32,NUTRIÇÃO - DIETÉTICA,SEM_VAGA,0
2026-09-02T20:03:35,ORTOPEDIA,SEM_VAGA,0
2026-09-02T20:03:39,PROCTOLOGIA,SEM_VAGA,0
2026-09-02T20:08:49,CIRURGIA PLÁSTICA,SEM_VAGA,0
2026-09-02T20:08:54,CLÍNICA MÉDICA,SEM_VAGA,0
2026-09-02T20:08:58,CLÍNICA MÉDICA - HÍBRIDA,SEM_VAGA,0
2026-09-02T20:09:03,DERMATOLOGIA,SEM_VAGA,0
2026-09-02T20:09:05,GASTROCLÍNICA,SEM_VAGA,0
2026-09-02T20:09:10,NUTRIÇÃO - DIETÉTICA,SEM_VAGA,0
2026-09-02T20:09:14,ORTOPEDIA,SEM_VAGA,0
2026-09-02T20:09:18,PROCTOLOGIA,SEM_VAGA,0
2026-09-02T20:14:26,CIRURGIA PLÁSTICA,SEM_VAGA,0
2026-09-02T20:14:30,CLÍNICA MÉDICA,SEM_VAGA,0
2026-09-02T20:14:33,CLÍNICA MÉDICA - HÍBRIDA,SEM_VAGA,0
2026-09-02T20:14:36,DERMATOLOGIA,SEM_VAGA,0
2026-09-02T20:14:39,GASTROCLÍNICA,SEM_VAGA,0
2026-09-02T20:14:42,NUTRIÇÃO - DIETÉTICA,SEM_VAGA,0
2026-09-02T20:14:45,ORTOPEDIA,SEM_VAGA,0
2026-09-02T20:14:49,PROCTOLOGIA,SEM_VAGA,0
2026-09-02T20:19:57,CIRURGIA PLÁSTICA,SEM_VAGA,0
2026-09-02T20:20:00,CLÍNICA MÉDICA,SEM_VAGA,0
2026-09-02T20:20:03,CLÍNICA MÉDICA - HÍBRIDA,SEM_VAGA,0
2026-09-02T20:20:07,DERMATOLOGIA,SEM_VAGA,0
2026-09-02T20:20:10,GASTROCLÍNICA,SEM_VAGA,0
2026-09-02T20:20:13,NUTRIÇÃO - DIETÉTICA,SEM_VAGA,0
2026-09-02T20:20:16,ORTOPEDIA,SEM_VAGA,0
2026-09-02T20:20:19,PROCTOLOGIA,SEM_VAGA,0
2026-09-02T20:25:28,CIRURGIA PLÁSTICA,SEM_VAGA,0
2026-09-02T20:25:31,CLÍNICA MÉDICA,SEM_VAGA,0
2026-09-02T20:25:34,CLÍNICA MÉDICA - HÍBRIDA,SEM_VAGA,0
2026-09-02T20:25:37,DERMATOLOGIA,SEM_VAGA,0
2026-09-02T20:25:40,GASTROCLÍNICA,SEM_VAGA,0
2026-09-02T20:25:43,NUTRIÇÃO - DIETÉTICA,SEM_VAGA,0
2026-09-02T20:25:47,ORTOPEDIA,SEM_VAGA,0
2026-09-02T20:25:50,PROCTOLOGIA,SEM_VAGA,0
2026-09-02T20:30:58,CIRURGIA PLÁSTICA,SEM_VAGA,0
2026-09-02T20:31:01,CLÍNICA MÉDICA,SEM_VAGA,0
2026-09-02T20:31:04,CLÍNICA MÉDICA - HÍBRIDA,SEM_VAGA,0
2026-09-02T20:31:07,DERMATOLOGIA,SEM_VAGA,0
2026-09-02T20:31:10,GASTROCLÍNICA,SEM_VAGA,0
2026-09-02T20:31:13,NUTRIÇÃO - DIETÉTICA,SEM_VAGA,0
2026-09-02T20:31:16,ORTOPEDIA,SEM_VAGA,0
2026-09-02T20:31:20,PROCTOLOGIA,SEM_VAGA,0
2026-09-02T20:36:29,CIRURGIA PLÁSTICA,SEM_VAGA,0
2026-09-02T20:36:33,CLÍNICA MÉDICA,SEM_VAGA,0
2026-09-02T20:36:36,CLÍNICA MÉDICA - HÍBRIDA,SEM_VAGA,0
2026-09-02T20:36:39,DERMATOLOGIA,SEM_VAGA,0
2026-09-02T20:36:42,GASTROCLÍNICA,SEM_VAGA,0
2026-09-02T20:36:46,NUTRIÇÃO - DIETÉTICA,SEM_VAGA,0
2026-09-02T20:36:49,ORTOPEDIA,SEM_VAGA,0
2026-09-02T20:36:52,PROCTOLOGIA,SEM_VAGA,0
2026-09-02T20:42:01,CIRURGIA PLÁSTICA,SEM_VAGA,0
2026-09-02T20:42:04,CLÍNICA MÉDICA,SEM_VAGA,0
2026-09-02T20:42:07,CLÍNICA MÉDICA - HÍBRIDA,SEM_VAGA,0
2026-09-02T20:42:10,DERMATOLOGIA,SEM_VAGA,0
2026-09-02T20:42:13,GASTROCLÍNICA,SEM_VAGA,0
2026-09-02T20:42:17,NUTRIÇÃO - DIETÉTICA,SEM_VAGA,0
2026-09-02T20:42:20,ORTOPEDIA,SEM_VAGA,0
2026-09-02T20:42:23,PROCTOLOGIA,SEM_VAGA,0
2026-09-02T20:47:32,CIRURGIA PLÁSTICA,SEM_VAGA,0
2026-09-02T20:47:35,CLÍNICA MÉDICA,SEM_VAGA,0
2026-09-02T20:47:38,CLÍNICA MÉDICA - HÍBRIDA,SEM_VAGA,0
2026-09-02T20:47:41,DERMATOLOGIA,SEM_VAGA,0
2026-09-02T20:47:45,GASTROCLÍNICA,SEM_VAGA,0
2026-09-02T20:47:48,NUTRIÇÃO - DIETÉTICA,SEM_VAGA,0
2026-09-02T20:47:51,ORTOPEDIA,SEM_VAGA,0
2026-09-02T20:47:54,PROCTOLOGIA,SEM_VAGA,0
2026-09-02T20:53:03,CIRURGIA PLÁSTICA,SEM_VAGA,0
2026-09-02T20:53:06,CLÍNICA MÉDICA,SEM_VAGA,0
2026-09-02T20:53:09,CLÍNICA MÉDICA - HÍBRIDA,SEM_VAGA,0
2026-09-02T20:53:12,DERMATOLOGIA,SEM_VAGA,0
2026-09-02T20:53:16,GASTROCLÍNICA,SEM_VAGA,0
2026-09-02T20:53:20,NUTRIÇÃO - DIETÉTICA,SEM_VAGA,0
2026-09-02T20:53:23,ORTOPEDIA,SEM_VAGA,0
2026-09-02T20:53:26,PROCTOLOGIA,SEM_VAGA,0
2026-09-02T20:58:35,CIRURGIA PLÁSTICA,SEM_VAGA,0
2026-09-02T20:58:38,CLÍNICA MÉDICA,SEM_VAGA,0
2026-09-02T20:58:42,CLÍNICA MÉDICA - HÍBRIDA,SEM_VAGA,0
2026-09-02T20:58:46,DERMATOLOGIA,SEM_VAGA,0
2026-09-02T20:58:49,GASTROCLÍNICA,SEM_VAGA,0
2026-09-02T20:58:52,NUTRIÇÃO - DIETÉTICA,SEM_VAGA,0
2026-09-02T20:58:55,ORTOPEDIA,SEM_VAGA,0
2026-09-02T20:58:59,PROCTOLOGIA,SEM_VAGA,0
2026-09-02T21:04:07,CIRURGIA PLÁSTICA,SEM_VAGA,0
2026-09-02T21:04:10,CLÍNICA MÉDICA,SEM_VAGA,0
2026-09-02T21:04:13,CLÍNICA MÉDICA - HÍBRIDA,SEM_VAGA,0
2026-09-02T21:04:17,DERMATOLOGIA,SEM_VAGA,0
2026-09-02T21:04:21,GASTROCLÍNICA,SEM_VAGA,0
2026-09-02T21:04:24,NUTRIÇÃO - DIETÉTICA,SEM_VAGA,0
2026-09-02T21:04:27,ORTOPEDIA,SEM_VAGA,0
2026-09-02T21:04:30,PROCTOLOGIA,SEM_VAGA,0
2026-09-02T21:09:39,CIRURGIA PLÁSTICA,SEM_VAGA,0
2026-09-02T21:09:42,CLÍNICA MÉDICA,SEM_VAGA,0
2026-09-02T21:09:45,CLÍNICA MÉDICA - HÍBRIDA,SEM_VAGA,0
2026-09-02T21:09:49,DERMATOLOGIA,SEM_VAGA,0
2026-09-02T21:09:52,GASTROCLÍNICA,SEM_VAGA,0
2026-09-02T21:09:55,NUTRIÇÃO - DIETÉTICA,SEM_VAGA,0
2026-09-02T21:09:58,ORTOPEDIA,SEM_VAGA,0
2026-09-02T21:10:02,PROCTOLOGIA,SEM_VAGA,0
2026-09-02T21:15:10,CIRURGIA PLÁSTICA,SEM_VAGA,0
2026-09-02T21:15:13,CLÍNICA MÉDICA,SEM_VAGA,0
2026-09-02T21:15:16,CLÍNICA MÉDICA - HÍBRIDA,SEM_VAGA,0
2026-09-02T21:15:20,DERMATOLOGIA,SEM_VAGA,0
2026-09-02T21:15:23,GASTROCLÍNICA,SEM_VAGA,0
2026-09-02T21:15:26,NUTRIÇÃO - DIETÉTICA,SEM_VAGA,0
2026-09-02T21:15:29,ORTOPEDIA,SEM_VAGA,0
2026-09-02T21:15:32,PROCTOLOGIA,SEM_VAGA,0
2026-09-02T21:20:41,CIRURGIA PLÁSTICA,SEM_VAGA,0
2026-09-02T21:20:44,CLÍNICA MÉDICA,SEM_VAGA,0
2026-09-02T21:20:47,CLÍNICA MÉDICA - HÍBRIDA,SEM_VAGA,0
2026-09-02T21:20:50,DERMATOLOGIA,SEM_VAGA,0
2026-09-02T21:20:53,GASTROCLÍNICA,SEM_VAGA,0
2026-09-02T21:20:56,NUTRIÇÃO - DIETÉTICA,SEM_VAGA,0
2026-09-02T21:21:01,ORTOPEDIA,SEM_VAGA,0
2026-09-02T21:21:04,PROCTOLOGIA,SEM_VAGA,0
2026-09-02T21:26:14,CIRURGIA PLÁSTICA,SEM_VAGA,0
2026-09-02T21:26:18,CLÍNICA MÉDICA,SEM_VAGA,0
2026-09-02T21:26:21,CLÍNICA MÉDICA - HÍBRIDA,SEM_VAGA,0
2026-09-02T21:26:26,DERMATOLOGIA,SEM_VAGA,0
2026-09-02T21:26:29,GASTROCLÍNICA,SEM_VAGA,0
2026-09-02T21:26:32,NUTRIÇÃO - DIETÉTICA,SEM_VAGA,0
2026-09-02T21:26:36,ORTOPEDIA,SEM_VAGA,0
2026-09-02T21:26:39,PROCTOLOGIA,SEM_VAGA,0
2026-09-02T21:31:47,CIRURGIA PLÁSTICA,SEM_VAGA,0
2026-09-02T21:31:50,CLÍNICA MÉDICA,SEM_VAGA,0
2026-09-02T21:31:53,CLÍNICA MÉDICA - HÍBRIDA,SEM_VAGA,0
2026-09-02T21:31:57,DERMATOLOGIA,SEM_VAGA,0
2026-09-02T21:32:00,GASTROCLÍNICA,SEM_VAGA,0
2026-09-02T21:32:03,NUTRIÇÃO - DIETÉTICA,SEM_VAGA,0
2026-09-02T21:32:07,ORTOPEDIA,SEM_VAGA,0
2026-09-02T21:32:10,PROCTOLOGIA,SEM_VAGA,0
2026-09-02T21:37:18,CIRURGIA PLÁSTICA,SEM_VAGA,0
2026-09-02T21:37:22,CLÍNICA MÉDICA,SEM_VAGA,0
2026-09-02T21:37:25,CLÍNICA MÉDICA - HÍBRIDA,SEM_VAGA,0
2026-09-02T21:37:28,DERMATOLOGIA,SEM_VAGA,0
2026-09-02T21:37:31,GASTROCLÍNICA,SEM_VAGA,0
2026-09-02T21:37:34,NUTRIÇÃO - DIETÉTICA,SEM_VAGA,0
2026-09-02T21:37:38,ORTOPEDIA,SEM_VAGA,0
2026-09-02T21:37:41,PROCTOLOGIA,SEM_VAGA,0
2026-09-02T21:42:49,CIRURGIA PLÁSTICA,SEM_VAGA,0
2026-09-02T21:42:53,CLÍNICA MÉDICA,SEM_VAGA,0
2026-09-02T21:42:56,CLÍNICA MÉDICA - HÍBRIDA,SEM_VAGA,0
2026-09-02T21:42:59,DERMATOLOGIA,SEM_VAGA,0
2026-09-02T21:43:02,GASTROCLÍNICA,SEM_VAGA,0
2026-09-02T21:43:05,NUTRIÇÃO - DIETÉTICA,SEM_VAGA,0
2026-09-02T21:43:09,ORTOPEDIA,SEM_VAGA,0
2026-09-02T21:43:12,PROCTOLOGIA,SEM_VAGA,0
2026-09-02T21:48:20,CIRURGIA PLÁSTICA,SEM_VAGA,0
2026-09-02T21:48:24,CLÍNICA MÉDICA,SEM_VAGA,0
2026-09-02T21:48:27,CLÍNICA MÉDICA - HÍBRIDA,SEM_VAGA,0
2026-09-02T21:48:30,DERMATOLOGIA,SEM_VAGA,0
2026-09-02T21:48:33,GASTROCLÍNICA,SEM_VAGA,0
2026-09-02T21:48:36,NUTRIÇÃO - DIETÉTICA,SEM_VAGA,0
2026-09-02T21:48:40,ORTOPEDIA,SEM_VAGA,0
2026-09-02T21:48:43,PROCTOLOGIA,SEM_VAGA,0
2026-09-02T21:53:51,CIRURGIA PLÁSTICA,SEM_VAGA,0
2026-09-02T21:53:54,CLÍNICA MÉDICA,SEM_VAGA,0
2026-09-02T21:53:57,CLÍNICA MÉDICA - HÍBRIDA,SEM_VAGA,0
2026-09-02T21:54:01,DERMATOLOGIA,SEM_VAGA,0
2026-09-02T21:54:04,GASTROCLÍNICA,SEM_VAGA,0
2026-09-02T21:54:07,NUTRIÇÃO - DIETÉTICA,SEM_VAGA,0
2026-09-02T21:54:10,ORTOPEDIA,SEM_VAGA,0
2026-09-02T21:54:14,PROCTOLOGIA,SEM_VAGA,0
2026-09-02T21:59:22,CIRURGIA PLÁSTICA,SEM_VAGA,0
2026-09-02T21:59:25,CLÍNICA MÉDICA,SEM_VAGA,0
2026-09-02T21:59:28,CLÍNICA MÉDICA - HÍBRIDA,SEM_VAGA,0
2026-09-02T21:59:31,DERMATOLOGIA,SEM_VAGA,0
2026-09-02T21:59:34,GASTROCLÍNICA,SEM_VAGA,0
2026-09-02T21:59:38,NUTRIÇÃO - DIETÉTICA,SEM_VAGA,0
2026-09-02T21:59:41,ORTOPEDIA,SEM_VAGA,0
2026-09-02T21:59:44,PROCTOLOGIA,SEM_VAGA,0
2026-09-02T22:04:53,CIRURGIA PLÁSTICA,SEM_VAGA,0
2026-09-02T22:04:57,CLÍNICA MÉDICA,SEM_VAGA,0
2026-09-02T22:05:01,CLÍNICA MÉDICA - HÍBRIDA,SEM_VAGA,0
2026-09-02T22:05:05,DERMATOLOGIA,SEM_VAGA,0
2026-09-02T22:05:08,GASTROCLÍNICA,SEM_VAGA,0
2026-09-02T22:05:11,NUTRIÇÃO - DIETÉTICA,SEM_VAGA,0
2026-09-02T22:05:15,ORTOPEDIA,SEM_VAGA,0
2026-09-02T22:05:18,PROCTOLOGIA,SEM_VAGA,0
2026-09-02T22:10:26,CIRURGIA PLÁSTICA,SEM_VAGA,0
2026-09-02T22:10:30,CLÍNICA MÉDICA,SEM_VAGA,0
2026-09-02T22:10:33,CLÍNICA MÉDICA - HÍBRIDA,SEM_VAGA,0
2026-09-02T22:10:36,DERMATOLOGIA,SEM_VAGA,0
2026-09-02T22:10:39,GASTROCLÍNICA,SEM_VAGA,0
2026-09-02T22:10:42,NUTRIÇÃO - DIETÉTICA,SEM_VAGA,0
2026-09-02T22:10:46,ORTOPEDIA,SEM_VAGA,0
2026-09-02T22:10:49,PROCTOLOGIA,SEM_VAGA,0
2026-09-02T22:15:58,CIRURGIA PLÁSTICA,SEM_VAGA,0
2026-09-02T22:16:01,CLÍNICA MÉDICA,SEM_VAGA,0
2026-09-02T22:16:04,CLÍNICA MÉDICA - HÍBRIDA,SEM_VAGA,0
2026-09-02T22:16:07,DERMATOLOGIA,SEM_VAGA,0
2026-09-02T22:16:11,GASTROCLÍNICA,SEM_VAGA,0
2026-09-02T22:16:14,NUTRIÇÃO - DIETÉTICA,SEM_VAGA,0
2026-09-02T22:16:17,ORTOPEDIA,SEM_VAGA,0
2026-09-02T22:16:21,PROCTOLOGIA,SEM_VAGA,0
2026-09-02T22:21:29,CIRURGIA PLÁSTICA,SEM_VAGA,0
2026-09-02T22:21:32,CLÍNICA MÉDICA,SEM_VAGA,0
2026-09-02T22:21:35,CLÍNICA MÉDICA - HÍBRIDA,SEM_VAGA,0
2026-09-02T22:21:39,DERMATOLOGIA,SEM_VAGA,0
2026-09-02T22:21:42,GASTROCLÍNICA,SEM_VAGA,0
2026-09-02T22:21:45,NUTRIÇÃO - DIETÉTICA,SEM_VAGA,0
2026-09-02T22:21:48,ORTOPEDIA,SEM_VAGA,0
2026-09-02T22:21:52,PROCTOLOGIA,SEM_VAGA,0
2026-09-02T22:27:00,CIRURGIA PLÁSTICA,SEM_VAGA,0
2026-09-02T22:27:03,CLÍNICA MÉDICA,SEM_VAGA,0
2026-09-02T22:27:06,CLÍNICA MÉDICA - HÍBRIDA,SEM_VAGA,0
2026-09-02T22:27:09,DERMATOLOGIA,SEM_VAGA,0
2026-09-02T22:27:12,GASTROCLÍNICA,SEM_VAGA,0
2026-09-02T22:27:15,NUTRIÇÃO - DIETÉTICA,SEM_VAGA,0
2026-09-02T22:27:19,ORTOPEDIA,SEM_VAGA,0
2026-09-02T22:27:22,PROCTOLOGIA,SEM_VAGA,0
2026-09-02T22:32:30,CIRURGIA PLÁSTICA,SEM_VAGA,0
2026-09-02T22:32:33,CLÍNICA MÉDICA,SEM_VAGA,0
2026-09-02T22:32:36,CLÍNICA MÉDICA - HÍBRIDA,SEM_VAGA,0
2026-09-02T22:32:40,DERMATOLOGIA,SEM_VAGA,0
2026-09-02T22:32:43,GASTROCLÍNICA,SEM_VAGA,0
2026-09-02T22:32:46,NUTRIÇÃO - DIETÉTICA,SEM_VAGA,0
2026-09-02T22:32:49,ORTOPEDIA,SEM_VAGA,0
2026-09-02T22:32:53,PROCTOLOGIA,SEM_VAGA,0
2026-09-02T22:38:01,CIRURGIA PLÁSTICA,SEM_VAGA,0
2026-09-02T22:38:05,CLÍNICA MÉDICA,SEM_VAGA,0
2026-09-02T22:38:08,CLÍNICA MÉDICA - HÍBRIDA,SEM_VAGA,0
2026-09-02T22:38:11,DERMATOLOGIA,SEM_VAGA,0
2026-09-02T22:38:14,GASTROCLÍNICA,SEM_VAGA,0
2026-09-02T22:38:17,NUTRIÇÃO - DIETÉTICA,SEM_VAGA,0
2026-09-02T22:38:20,ORTOPEDIA,SEM_VAGA,0
2026-09-02T22:38:24,PROCTOLOGIA,SEM_VAGA,0
2026-09-02T22:43:32,CIRURGIA PLÁSTICA,SEM_VAGA,0
2026-09-02T22:43:36,CLÍNICA MÉDICA,SEM_VAGA,0
2026-09-02T22:43:39,CLÍNICA MÉDICA - HÍBRIDA,SEM_VAGA,0
2026-09-02T22:43:41,DERMATOLOGIA,SEM_VAGA,0
2026-09-02T22:43:45,GASTROCLÍNICA,SEM_VAGA,0
2026-09-02T22:43:48,NUTRIÇÃO - DIETÉTICA,SEM_VAGA,0
2026-09-02T22:43:51,ORTOPEDIA,SEM_VAGA,0
2026-09-02T22:43:54,PROCTOLOGIA,SEM_VAGA,0
2026-09-02T22:49:03,CIRURGIA PLÁSTICA,SEM_VAGA,0
2026-09-02T22:49:06,CLÍNICA MÉDICA,SEM_VAGA,0
2026-09-02T22:49:09,CLÍNICA MÉDICA - HÍBRIDA,SEM_VAGA,0
2026-09-02T22:49:12,DERMATOLOGIA,SEM_VAGA,0
2026-09-02T22:49:15,GASTROCLÍNICA,SEM_VAGA,0
2026-09-02T22:49:18,NUTRIÇÃO - DIETÉTICA,SEM_VAGA,0
2026-09-02T22:49:21,ORTOPEDIA,SEM_VAGA,0
2026-09-02T22:49:25,PROCTOLOGIA,SEM_VAGA,0
2026-09-02T22:54:33,CIRURGIA PLÁSTICA,SEM_VAGA,0
2026-09-02T22:54:36,CLÍNICA MÉDICA,SEM_VAGA,0
2026-09-02T22:54:39,CLÍNICA MÉDICA - HÍBRIDA,SEM_VAGA,0
2026-09-02T22:54:43,DERMATOLOGIA,SEM_VAGA,0
2026-09-02T22:54:46,GASTROCLÍNICA,SEM_VAGA,0
2026-09-02T22:54:49,NUTRIÇÃO - DIETÉTICA,SEM_VAGA,0
2026-09-02T22:54:52,ORTOPEDIA,SEM_VAGA,0
2026-09-02T22:54:56,PROCTOLOGIA,SEM_VAGA,0
2026-09-02T23:00:04,CIRURGIA PLÁSTICA,SEM_VAGA,0
2026-09-02T23:00:08,CLÍNICA MÉDICA,SEM_VAGA,0
2026-09-02T23:00:11,CLÍNICA MÉDICA - HÍBRIDA,SEM_VAGA,0
2026-09-02T23:00:14,DERMATOLOGIA,SEM_VAGA,0
2026-09-02T23:00:17,GASTROCLÍNICA,SEM_VAGA,0
2026-09-02T23:00:20,NUTRIÇÃO - DIETÉTICA,SEM_VAGA,0
2026-09-02T23:00:23,ORTOPEDIA,SEM_VAGA,0
2026-09-02T23:00:27,PROCTOLOGIA,SEM_VAGA,0
2026-09-02T23:05:35,CIRURGIA PLÁSTICA,SEM_VAGA,0
2026-09-02T23:05:38,CLÍNICA MÉDICA,SEM_VAGA,0
2026-09-02T23:05:41,CLÍNICA MÉDICA - HÍBRIDA,SEM_VAGA,0
2026-09-02T23:05:45,DERMATOLOGIA,SEM_VAGA,0
2026-09-02T23:05:48,GASTROCLÍNICA,SEM_VAGA,0
2026-09-02T23:05:51,NUTRIÇÃO - DIETÉTICA,SEM_VAGA,0
2026-09-02T23:05:54,ORTOPEDIA,SEM_VAGA,0
2026-09-02T23:05:57,PROCTOLOGIA,SEM_VAGA,0
2026-09-02T23:11:06,CIRURGIA PLÁSTICA,SEM_VAGA,0
2026-09-02T23:11:09,CLÍNICA MÉDICA,SEM_VAGA,0
2026-09-02T23:11:12,CLÍNICA MÉDICA - HÍBRIDA,SEM_VAGA,0
2026-09-02T23:11:15,DERMATOLOGIA,SEM_VAGA,0
2026-09-02T23:11:19,GASTROCLÍNICA,SEM_VAGA,0
2026-09-02T23:11:22,NUTRIÇÃO - DIETÉTICA,SEM_VAGA,0
2026-09-02T23:11:25,ORTOPEDIA,SEM_VAGA,0
2026-09-02T23:11:28,PROCTOLOGIA,SEM_VAGA,0
2026-09-02T23:16:36,CIRURGIA PLÁSTICA,SEM_VAGA,0
2026-09-02T23:16:40,CLÍNICA MÉDICA,SEM_VAGA,0
2026-09-02T23:16:43,CLÍNICA MÉDICA - HÍBRIDA,SEM_VAGA,0
2026-09-02T23:16:47,DERMATOLOGIA,SEM_VAGA,0
2026-09-02T23:16:50,GASTROCLÍNICA,SEM_VAGA,0
2026-09-02T23:16:53,NUTRIÇÃO - DIETÉTICA,SEM_VAGA,0
2026-09-02T23:16:57,ORTOPEDIA,SEM_VAGA,0
2026-09-02T23:17:00,PROCTOLOGIA,SEM_VAGA,0
2026-09-02T23:22:08,CIRURGIA PLÁSTICA,SEM_VAGA,0
2026-09-02T23:22:11,CLÍNICA MÉDICA,SEM_VAGA,0
2026-09-02T23:22:14,CLÍNICA MÉDICA - HÍBRIDA,SEM_VAGA,0
2026-09-02T23:22:18,DERMATOLOGIA,SEM_VAGA,0
2026-09-02T23:22:21,GASTROCLÍNICA,SEM_VAGA,0
2026-09-02T23:22:24,NUTRIÇÃO - DIETÉTICA,SEM_VAGA,0
2026-09-02T23:22:28,ORTOPEDIA,SEM_VAGA,0
2026-09-02T23:22:31,PROCTOLOGIA,SEM_VAGA,0
2026-09-02T23:27:39,CIRURGIA PLÁSTICA,SEM_VAGA,0
2026-09-02T23:35:51,CIRURGIA PLÁSTICA,SEM_VAGA,0
2026-09-02T23:35:54,CLÍNICA MÉDICA,SEM_VAGA,0
2026-09-02T23:35:57,CLÍNICA MÉDICA - HÍBRIDA,SEM_VAGA,0
2026-09-02T23:36:01,DERMATOLOGIA,SEM_VAGA,0
2026-09-02T23:36:04,GASTROCLÍNICA,SEM_VAGA,0
2026-09-02T23:36:07,NUTRIÇÃO - DIETÉTICA,SEM_VAGA,0
2026-09-02T23:36:10,ORTOPEDIA,SEM_VAGA,0
2026-09-02T23:36:14,PROCTOLOGIA,SEM_VAGA,0
2026-09-02T23:41:22,CIRURGIA PLÁSTICA,SEM_VAGA,0
2026-09-02T23:41:25,CLÍNICA MÉDICA,SEM_VAGA,0
2026-09-02T23:41:29,CLÍNICA MÉDICA - HÍBRIDA,SEM_VAGA,0
2026-09-02T23:41:32,DERMATOLOGIA,SEM_VAGA,0
2026-09-02T23:41:35,GASTROCLÍNICA,SEM_VAGA,0
2026-09-02T23:41:38,NUTRIÇÃO - DIETÉTICA,SEM_VAGA,0
2026-09-02T23:41:42,ORTOPEDIA,SEM_VAGA,0
2026-09-02T23:41:45,PROCTOLOGIA,SEM_VAGA,0
2026-09-02T23:46:53,CIRURGIA PLÁSTICA,SEM_VAGA,0
2026-09-02T23:46:56,CLÍNICA MÉDICA,SEM_VAGA,0
2026-09-02T23:46:59,CLÍNICA MÉDICA - HÍBRIDA,SEM_VAGA,0
2026-09-02T23:47:03,DERMATOLOGIA,SEM_VAGA,0
2026-09-02T23:47:06,GASTROCLÍNICA,SEM_VAGA,0
2026-09-02T23:47:09,NUTRIÇÃO - DIETÉTICA,SEM_VAGA,0
2026-09-02T23:47:12,ORTOPEDIA,SEM_VAGA,0
2026-09-02T23:47:16,PROCTOLOGIA,SEM_VAGA,0
2026-09-02T23:52:24,CIRURGIA PLÁSTICA,SEM_VAGA,0
2026-09-02T23:52:27,CLÍNICA MÉDICA,SEM_VAGA,0
2026-09-02T23:52:30,CLÍNICA MÉDICA - HÍBRIDA,SEM_VAGA,0
2026-09-02T23:52:33,DERMATOLOGIA,SEM_VAGA,0
2026-09-02T23:52:37,GASTROCLÍNICA,SEM_VAGA,0
2026-09-02T23:52:40,NUTRIÇÃO - DIETÉTICA,SEM_VAGA,0
2026-09-02T23:52:43,ORTOPEDIA,SEM_VAGA,0
2026-09-02T23:52:46,PROCTOLOGIA,SEM_VAGA,0
2026-09-02T23:57:55,CIRURGIA PLÁSTICA,SEM_VAGA,0
2026-09-02T23:57:58,CLÍNICA MÉDICA,SEM_VAGA,0
2026-09-02T23:58:01,CLÍNICA MÉDICA - HÍBRIDA,SEM_VAGA,0
2026-09-02T23:58:04,DERMATOLOGIA,SEM_VAGA,0
2026-09-02T23:58:07,GASTROCLÍNICA,SEM_VAGA,0
2026-09-02T23:58:11,NUTRIÇÃO - DIETÉTICA,SEM_VAGA,0
2026-09-02T23:58:14,ORTOPEDIA,SEM_VAGA,0
2026-09-02T23:58:17,PROCTOLOGIA,SEM_VAGA,0
2026-09-03T00:03:28,CIRURGIA PLÁSTICA,SEM_VAGA,0
2026-09-03T00:03:31,CLÍNICA MÉDICA,SEM_VAGA,0
2026-09-03T00:03:35,CLÍNICA MÉDICA - HÍBRIDA,SEM_VAGA,0
2026-09-03T00:03:38,DERMATOLOGIA,SEM_VAGA,0
2026-09-03T00:03:41,GASTROCLÍNICA,SEM_VAGA,0
2026-09-03T00:03:44,NUTRIÇÃO - DIETÉTICA,SEM_VAGA,0
2026-09-03T00:03:48,ORTOPEDIA,SEM_VAGA,0
2026-09-03T00:03:51,PROCTOLOGIA,SEM_VAGA,0
2026-09-03T00:08:59,CIRURGIA PLÁSTICA,SEM_VAGA,0
2026-09-03T00:09:03,CLÍNICA MÉDICA,SEM_VAGA,0
2026-09-03T00:09:05,CLÍNICA MÉDICA - HÍBRIDA,SEM_VAGA,0
2026-09-03T00:09:09,DERMATOLOGIA,SEM_VAGA,0
2026-09-03T00:09:12,GASTROCLÍNICA,SEM_VAGA,0
2026-09-03T00:09:15,NUTRIÇÃO - DIETÉTICA,SEM_VAGA,0
2026-09-03T00:09:18,ORTOPEDIA,SEM_VAGA,0
2026-09-03T00:09:22,PROCTOLOGIA,SEM_VAGA,0
2026-09-03T00:14:30,CIRURGIA PLÁSTICA,SEM_VAGA,0
2026-09-03T00:14:33,CLÍNICA MÉDICA,SEM_VAGA,0
2026-09-03T00:14:36,CLÍNICA MÉDICA - HÍBRIDA,SEM_VAGA,0
2026-09-03T00:14:39,DERMATOLOGIA,SEM_VAGA,0
2026-09-03T00:14:43,GASTROCLÍNICA,SEM_VAGA,0
2026-09-03T00:14:46,NUTRIÇÃO - DIETÉTICA,SEM_VAGA,0
2026-09-03T00:14:50,ORTOPEDIA,SEM_VAGA,0
2026-09-03T00:14:54,PROCTOLOGIA,SEM_VAGA,0
2026-09-03T00:20:02,CIRURGIA PLÁSTICA,SEM_VAGA,0
2026-09-03T00:20:06,CLÍNICA MÉDICA,SEM_VAGA,0
2026-09-03T00:20:09,CLÍNICA MÉDICA - HÍBRIDA,SEM_VAGA,0
2026-09-03T00:20:12,DERMATOLOGIA,SEM_VAGA,0
2026-09-03T00:20:15,GASTROCLÍNICA,SEM_VAGA,0
2026-09-03T00:20:18,NUTRIÇÃO - DIETÉTICA,SEM_VAGA,0
2026-09-03T00:20:22,ORTOPEDIA,SEM_VAGA,0
2026-09-03T00:20:25,PROCTOLOGIA,SEM_VAGA,0
2026-09-03T00:25:33,CIRURGIA PLÁSTICA,SEM_VAGA,0
2026-09-03T00:25:37,CLÍNICA MÉDICA,SEM_VAGA,0
2026-09-03T00:25:40,CLÍNICA MÉDICA - HÍBRIDA,SEM_VAGA,0
2026-09-03T00:25:42,DERMATOLOGIA,SEM_VAGA,0
2026-09-03T00:25:46,GASTROCLÍNICA,SEM_VAGA,0
2026-09-03T00:25:49,NUTRIÇÃO - DIETÉTICA,SEM_VAGA,0
2026-09-03T00:25:52,ORTOPEDIA,SEM_VAGA,0
2026-09-03T00:25:55,PROCTOLOGIA,SEM_VAGA,0
2026-09-03T00:31:04,CIRURGIA PLÁSTICA,SEM_VAGA,0
2026-09-03T00:31:07,CLÍNICA MÉDICA,SEM_VAGA,0
2026-09-03T00:31:10,CLÍNICA MÉDICA - HÍBRIDA,SEM_VAGA,0
2026-09-03T00:31:13,DERMATOLOGIA,SEM_VAGA,0
2026-09-03T00:31:16,GASTROCLÍNICA,SEM_VAGA,0
2026-09-03T00:31:19,NUTRIÇÃO - DIETÉTICA,SEM_VAGA,0
2026-09-03T00:31:23,ORTOPEDIA,SEM_VAGA,0
2026-09-03T00:31:25,PROCTOLOGIA,SEM_VAGA,0
2026-09-03T00:36:34,CIRURGIA PLÁSTICA,SEM_VAGA,0
2026-09-03T00:36:37,CLÍNICA MÉDICA,SEM_VAGA,0
2026-09-03T00:36:40,CLÍNICA MÉDICA - HÍBRIDA,SEM_VAGA,0
2026-09-03T00:36:43,DERMATOLOGIA,SEM_VAGA,0
2026-09-03T00:36:47,GASTROCLÍNICA,SEM_VAGA,0
2026-09-03T00:36:50,NUTRIÇÃO - DIETÉTICA,SEM_VAGA,0
2026-09-03T00:36:53,ORTOPEDIA,SEM_VAGA,0
2026-09-03T00:36:56,PROCTOLOGIA,SEM_VAGA,0
2026-09-03T10:49:20,CIRURGIA PLÁSTICA,SEM_VAGA,0
2026-09-03T10:49:23,CLÍNICA MÉDICA,SEM_VAGA,0
2026-09-03T10:49:26,CLÍNICA MÉDICA - HÍBRIDA,SEM_VAGA,0
2026-09-03T10:49:30,DERMATOLOGIA,SEM_VAGA,0
2026-09-03T10:49:33,GASTROCLÍNICA,SEM_VAGA,0
2026-09-03T10:49:36,NUTRIÇÃO - DIETÉTICA,SEM_VAGA,0
2026-09-03T10:49:40,ORTOPEDIA,SEM_VAGA,0
2026-09-03T10:49:43,PROCTOLOGIA,SEM_VAGA,0
2026-09-03T10:54:52,CIRURGIA PLÁSTICA,SEM_VAGA,0
2026-09-03T10:54:55,CLÍNICA MÉDICA,SEM_VAGA,0
2026-09-03T10:54:59,CLÍNICA MÉDICA - HÍBRIDA,SEM_VAGA,0
2026-09-03T10:55:03,DERMATOLOGIA,SEM_VAGA,0
2026-09-03T10:55:07,GASTROCLÍNICA,SEM_VAGA,0
2026-09-03T10:55:11,NUTRIÇÃO - DIETÉTICA,SEM_VAGA,0
2026-09-03T10:55:15,ORTOPEDIA,SEM_VAGA,0
2026-09-03T10:55:18,PROCTOLOGIA,SEM_VAGA,0
2026-09-03T11:00:27,CIRURGIA PLÁSTICA,SEM_VAGA,0
2026-09-03T11:00:31,CLÍNICA MÉDICA,SEM_VAGA,0
2026-09-03T11:00:35,CLÍNICA MÉDICA - HÍBRIDA,SEM_VAGA,0
2026-09-03T11:00:40,DERMATOLOGIA,SEM_VAGA,0
2026-09-03T11:00:44,GASTROCLÍNICA,SEM_VAGA,0
2026-09-03T11:00:47,NUTRIÇÃO - DIETÉTICA,SEM_VAGA,0
2026-09-03T11:00:50,ORTOPEDIA,SEM_VAGA,0
2026-09-03T11:00:53,PROCTOLOGIA,SEM_VAGA,0
2026-09-03T11:06:01,CIRURGIA PLÁSTICA,SEM_VAGA,0
2026-09-03T11:06:05,CLÍNICA MÉDICA,SEM_VAGA,0
2026-09-03T11:06:08,CLÍNICA MÉDICA - HÍBRIDA,SEM_VAGA,0
2026-09-03T11:06:13,DERMATOLOGIA,SEM_VAGA,0
2026-09-03T11:06:16,GASTROCLÍNICA,SEM_VAGA,0
2026-09-03T11:06:20,NUTRIÇÃO - DIETÉTICA,SEM_VAGA,0
2026-09-03T11:06:24,ORTOPEDIA,SEM_VAGA,0
2026-09-03T11:06:28,PROCTOLOGIA,SEM_VAGA,0
2026-09-03T11:11:36,CIRURGIA PLÁSTICA,SEM_VAGA,0
2026-09-03T11:11:39,CLÍNICA MÉDICA,SEM_VAGA,0
2026-09-03T11:11:42,CLÍNICA MÉDICA - HÍBRIDA,SEM_VAGA,0
2026-09-03T11:11:45,DERMATOLOGIA,SEM_VAGA,0
2026-09-03T11:11:51,GASTROCLÍNICA,SEM_VAGA,0
2026-09-03T11:11:55,NUTRIÇÃO - DIETÉTICA,SEM_VAGA,0
2026-09-03T11:12:00,ORTOPEDIA,SEM_VAGA,0
2026-09-03T11:12:04,PROCTOLOGIA,SEM_VAGA,0
2026-09-03T11:17:12,CIRURGIA PLÁSTICA,SEM_VAGA,0
2026-09-03T11:17:15,CLÍNICA MÉDICA,SEM_VAGA,0
2026-09-03T11:17:18,CLÍNICA MÉDICA - HÍBRIDA,SEM_VAGA,0
2026-09-03T11:17:21,DERMATOLOGIA,SEM_VAGA,0
2026-09-03T11:17:24,GASTROCLÍNICA,SEM_VAGA,0
2026-09-03T11:17:28,NUTRIÇÃO - DIETÉTICA,SEM_VAGA,0
2026-09-03T11:17:31,ORTOPEDIA,SEM_VAGA,0
2026-09-03T11:17:34,PROCTOLOGIA,SEM_VAGA,0
2026-09-03T11:22:42,CIRURGIA PLÁSTICA,SEM_VAGA,0
2026-09-03T11:22:45,CLÍNICA MÉDICA,SEM_VAGA,0
2026-09-03T11:22:49,CLÍNICA MÉDICA - HÍBRIDA,SEM_VAGA,0
2026-09-03T11:22:52,DERMATOLOGIA,SEM_VAGA,0
2026-09-03T11:22:55,GASTROCLÍNICA,SEM_VAGA,0
2026-09-03T11:22:58,NUTRIÇÃO - DIETÉTICA,SEM_VAGA,0
2026-09-03T11:23:01,ORTOPEDIA,SEM_VAGA,0
2026-09-03T11:23:04,PROCTOLOGIA,SEM_VAGA,0
2026-09-03T11:28:12,CIRURGIA PLÁSTICA,SEM_VAGA,0
2026-09-03T11:28:16,CLÍNICA MÉDICA,SEM_VAGA,0
2026-09-03T11:28:19,CLÍNICA MÉDICA - HÍBRIDA,SEM_VAGA,0
2026-09-03T11:28:22,DERMATOLOGIA,SEM_VAGA,0
2026-09-03T11:28:25,GASTROCLÍNICA,SEM_VAGA,0
2026-09-03T11:28:28,NUTRIÇÃO - DIETÉTICA,SEM_VAGA,0
2026-09-03T11:28:31,ORTOPEDIA,SEM_VAGA,0
2026-09-03T11:28:34,PROCTOLOGIA,SEM_VAGA,0
2026-09-03T11:33:43,CIRURGIA PLÁSTICA,SEM_VAGA,0
2026-09-03T11:33:46,CLÍNICA MÉDICA,SEM_VAGA,0
2026-09-03T11:33:49,CLÍNICA MÉDICA - HÍBRIDA,SEM_VAGA,0
2026-09-03T11:33:52,DERMATOLOGIA,SEM_VAGA,0
2026-09-03T11:33:55,GASTROCLÍNICA,SEM_VAGA,0
2026-09-03T11:33:58,NUTRIÇÃO - DIETÉTICA,SEM_VAGA,0
2026-09-03T11:34:01,ORTOPEDIA,SEM_VAGA,0
2026-09-03T11:34:05,PROCTOLOGIA,SEM_VAGA,0
2026-09-03T11:39:13,CIRURGIA PLÁSTICA,SEM_VAGA,0
2026-09-03T11:39:16,CLÍNICA MÉDICA,SEM_VAGA,0
2026-09-03T11:39:19,CLÍNICA MÉDICA - HÍBRIDA,SEM_VAGA,0
2026-09-03T11:39:22,DERMATOLOGIA,SEM_VAGA,0
2026-09-03T11:39:25,GASTROCLÍNICA,SEM_VAGA,0
2026-09-03T11:39:28,NUTRIÇÃO - DIETÉTICA,SEM_VAGA,0
2026-09-03T11:39:31,ORTOPEDIA,SEM_VAGA,0
2026-09-03T11:39:34,PROCTOLOGIA,SEM_VAGA,0
2026-09-03T11:44:42,CIRURGIA PLÁSTICA,SEM_VAGA,0
2026-09-03T11:44:46,CLÍNICA MÉDICA,SEM_VAGA,0
2026-09-03T11:44:49,CLÍNICA MÉDICA - HÍBRIDA,SEM_VAGA,0
2026-09-03T11:44:52,DERMATOLOGIA,SEM_VAGA,0
2026-09-03T11:44:56,GASTROCLÍNICA,SEM_VAGA,0
2026-09-03T11:45:00,NUTRIÇÃO - DIETÉTICA,SEM_VAGA,0
2026-09-03T11:45:03,ORTOPEDIA,SEM_VAGA,0
2026-09-03T11:45:06,PROCTOLOGIA,SEM_VAGA,0
2026-09-03T11:50:16,CIRURGIA PLÁSTICA,SEM_VAGA,0
2026-09-03T11:50:19,CLÍNICA MÉDICA,SEM_VAGA,0
2026-09-03T11:50:22,CLÍNICA MÉDICA - HÍBRIDA,SEM_VAGA,0
2026-09-03T11:50:25,DERMATOLOGIA,SEM_VAGA,0
2026-09-03T11:50:29,GASTROCLÍNICA,SEM_VAGA,0
2026-09-03T11:50:32,NUTRIÇÃO - DIETÉTICA,SEM_VAGA,0
2026-09-03T11:50:35,ORTOPEDIA,SEM_VAGA,0
2026-09-03T11:50:38,PROCTOLOGIA,SEM_VAGA,0
2026-09-03T11:55:47,CIRURGIA PLÁSTICA,SEM_VAGA,0
2026-09-03T11:55:50,CLÍNICA MÉDICA,SEM_VAGA,0
2026-09-03T11:55:53,CLÍNICA MÉDICA - HÍBRIDA,SEM_VAGA,0
2026-09-03T11:55:56,DERMATOLOGIA,SEM_VAGA,0
2026-09-03T11:55:59,GASTROCLÍNICA,SEM_VAGA,0
2026-09-03T11:56:02,NUTRIÇÃO - DIETÉTICA,SEM_VAGA,0
2026-09-03T11:56:05,ORTOPEDIA,SEM_VAGA,0
2026-09-03T11:56:08,PROCTOLOGIA,SEM_VAGA,0
2026-09-03T12:01:17,CIRURGIA PLÁSTICA,SEM_VAGA,0
2026-09-03T12:01:20,CLÍNICA MÉDICA,SEM_VAGA,0
2026-09-03T12:01:23,CLÍNICA MÉDICA - HÍBRIDA,SEM_VAGA,0
2026-09-03T12:01:26,DERMATOLOGIA,SEM_VAGA,0
2026-09-03T12:01:29,GASTROCLÍNICA,SEM_VAGA,0
2026-09-03T12:01:32,NUTRIÇÃO - DIETÉTICA,SEM_VAGA,0
2026-09-03T12:01:35,ORTOPEDIA,SEM_VAGA,0
2026-09-03T12:01:38,PROCTOLOGIA,SEM_VAGA,0
2026-09-03T12:06:47,CIRURGIA PLÁSTICA,SEM_VAGA,0
2026-09-03T12:06:50,CLÍNICA MÉDICA,SEM_VAGA,0
2026-09-03T12:06:53,CLÍNICA MÉDICA - HÍBRIDA,SEM_VAGA,0
2026-09-03T12:06:58,DERMATOLOGIA,SEM_VAGA,0
2026-09-03T12:07:01,GASTROCLÍNICA,SEM_VAGA,0
2026-09-03T12:07:06,NUTRIÇÃO - DIETÉTICA,SEM_VAGA,0
2026-09-03T12:07:10,ORTOPEDIA,SEM_VAGA,0
2026-09-03T12:07:15,PROCTOLOGIA,SEM_VAGA,0
2026-09-03T12:12:23,CIRURGIA PLÁSTICA,SEM_VAGA,0
2026-09-03T12:12:28,CLÍNICA MÉDICA,SEM_VAGA,0
2026-09-03T12:12:32,CLÍNICA MÉDICA - HÍBRIDA,SEM_VAGA,0
2026-09-03T12:12:37,DERMATOLOGIA,SEM_VAGA,0
2026-09-03T12:12:41,GASTROCLÍNICA,SEM_VAGA,0
2026-09-03T12:12:46,NUTRIÇÃO - DIETÉTICA,SEM_VAGA,0
2026-09-03T12:12:49,ORTOPEDIA,SEM_VAGA,0
2026-09-03T12:12:52,PROCTOLOGIA,SEM_VAGA,0
2026-09-03T12:18:01,CIRURGIA PLÁSTICA,SEM_VAGA,0
2026-09-03T12:18:04,CLÍNICA MÉDICA,SEM_VAGA,0
2026-09-03T12:18:07,CLÍNICA MÉDICA - HÍBRIDA,SEM_VAGA,0
2026-09-03T12:18:10,DERMATOLOGIA,SEM_VAGA,0
2026-09-03T12:18:13,GASTROCLÍNICA,SEM_VAGA,0
2026-09-03T12:18:16,NUTRIÇÃO - DIETÉTICA,SEM_VAGA,0
2026-09-03T12:18:19,ORTOPEDIA,SEM_VAGA,0
2026-09-03T12:18:23,PROCTOLOGIA,SEM_VAGA,0
2026-09-03T12:23:31,CIRURGIA PLÁSTICA,SEM_VAGA,0
2026-09-03T12:23:35,CLÍNICA MÉDICA,SEM_VAGA,0
2026-09-03T12:23:38,CLÍNICA MÉDICA - HÍBRIDA,SEM_VAGA,0
2026-09-03T12:23:41,DERMATOLOGIA,SEM_VAGA,0
2026-09-03T12:23:44,GASTROCLÍNICA,SEM_VAGA,0
2026-09-03T12:23:47,NUTRIÇÃO - DIETÉTICA,SEM_VAGA,0
2026-09-03T12:23:50,ORTOPEDIA,SEM_VAGA,0
2026-09-03T12:23:53,PROCTOLOGIA,SEM_VAGA,0
2026-09-03T12:29:02,CIRURGIA PLÁSTICA,SEM_VAGA,0
2026-09-03T12:29:05,CLÍNICA MÉDICA,SEM_VAGA,0
2026-09-03T12:29:08,CLÍNICA MÉDICA - HÍBRIDA,SEM_VAGA,0
2026-09-03T12:29:11,DERMATOLOGIA,SEM_VAGA,0
2026-09-03T12:29:15,GASTROCLÍNICA,SEM_VAGA,0
2026-09-03T12:29:17,NUTRIÇÃO - DIETÉTICA,SEM_VAGA,0
2026-09-03T12:29:21,ORTOPEDIA,SEM_VAGA,0
2026-09-03T12:29:26,PROCTOLOGIA,SEM_VAGA,0
2026-09-03T12:34:34,CIRURGIA PLÁSTICA,SEM_VAGA,0
2026-09-03T12:34:37,CLÍNICA MÉDICA,SEM_VAGA,0
2026-09-03T12:34:41,CLÍNICA MÉDICA - HÍBRIDA,SEM_VAGA,0
2026-09-03T12:34:45,DERMATOLOGIA,SEM_VAGA,0
2026-09-03T12:34:48,GASTROCLÍNICA,SEM_VAGA,0
2026-09-03T12:34:52,NUTRIÇÃO - DIETÉTICA,SEM_VAGA,0
2026-09-03T12:34:56,ORTOPEDIA,SEM_VAGA,0
2026-09-03T12:34:59,PROCTOLOGIA,SEM_VAGA,0
2026-09-03T12:40:07,CIRURGIA PLÁSTICA,SEM_VAGA,0
2026-09-03T12:40:10,CLÍNICA MÉDICA,SEM_VAGA,0
2026-09-03T12:40:14,CLÍNICA MÉDICA - HÍBRIDA,SEM_VAGA,0
2026-09-03T12:40:19,DERMATOLOGIA,SEM_VAGA,0
2026-09-03T12:40:23,GASTROCLÍNICA,SEM_VAGA,0
2026-09-03T12:40:28,NUTRIÇÃO - DIETÉTICA,SEM_VAGA,0
2026-09-03T12:40:31,ORTOPEDIA,SEM_VAGA,0
2026-09-03T12:40:34,PROCTOLOGIA,SEM_VAGA,0
2026-09-03T12:45:42,CIRURGIA PLÁSTICA,SEM_VAGA,0
2026-09-03T12:45:45,CLÍNICA MÉDICA,SEM_VAGA,0
2026-09-03T12:45:48,CLÍNICA MÉDICA - HÍBRIDA,SEM_VAGA,0
2026-09-03T12:45:51,DERMATOLOGIA,SEM_VAGA,0
2026-09-03T12:45:55,GASTROCLÍNICA,SEM_VAGA,0
2026-09-03T12:45:58,NUTRIÇÃO - DIETÉTICA,SEM_VAGA,0
2026-09-03T12:46:01,ORTOPEDIA,SEM_VAGA,0
2026-09-03T12:46:04,PROCTOLOGIA,SEM_VAGA,0
2026-09-03T12:51:13,CIRURGIA PLÁSTICA,SEM_VAGA,0
2026-09-03T12:51:16,CLÍNICA MÉDICA,SEM_VAGA,0
2026-09-03T12:51:19,CLÍNICA MÉDICA - HÍBRIDA,SEM_VAGA,0
2026-09-03T12:51:22,DERMATOLOGIA,SEM_VAGA,0
2026-09-03T12:51:25,GASTROCLÍNICA,SEM_VAGA,0
2026-09-03T12:51:29,NUTRIÇÃO - DIETÉTICA,SEM_VAGA,0
2026-09-03T12:51:32,ORTOPEDIA,SEM_VAGA,0
2026-09-03T12:51:36,PROCTOLOGIA,SEM_VAGA,0
2026-09-03T12:56:45,CIRURGIA PLÁSTICA,SEM_VAGA,0
2026-09-03T12:56:49,CLÍNICA MÉDICA,SEM_VAGA,0
2026-09-03T12:56:51,CLÍNICA MÉDICA - HÍBRIDA,SEM_VAGA,0
2026-09-03T12:56:55,DERMATOLOGIA,SEM_VAGA,0
2026-09-03T12:56:58,GASTROCLÍNICA,SEM_VAGA,0
2026-09-03T12:57:01,NUTRIÇÃO - DIETÉTICA,SEM_VAGA,0
2026-09-03T12:57:05,ORTOPEDIA,SEM_VAGA,0
2026-09-03T12:57:08,PROCTOLOGIA,SEM_VAGA,0
2026-09-03T13:02:17,CIRURGIA PLÁSTICA,SEM_VAGA,0
2026-09-03T13:02:20,CLÍNICA MÉDICA,SEM_VAGA,0
2026-09-03T13:02:24,CLÍNICA MÉDICA - HÍBRIDA,SEM_VAGA,0
2026-09-03T13:02:27,DERMATOLOGIA,SEM_VAGA,0
2026-09-03T13:02:31,GASTROCLÍNICA,SEM_VAGA,0
2026-09-03T13:02:34,NUTRIÇÃO - DIETÉTICA,SEM_VAGA,0
2026-09-03T13:02:37,ORTOPEDIA,SEM_VAGA,0
2026-09-03T13:02:40,PROCTOLOGIA,SEM_VAGA,0
2026-09-03T13:07:49,CIRURGIA PLÁSTICA,SEM_VAGA,0
2026-09-03T13:07:52,CLÍNICA MÉDICA,SEM_VAGA,0
2026-09-03T13:07:55,CLÍNICA MÉDICA - HÍBRIDA,SEM_VAGA,0
2026-09-03T13:07:59,DERMATOLOGIA,SEM_VAGA,0
2026-09-03T13:08:02,GASTROCLÍNICA,SEM_VAGA,0
2026-09-03T13:08:05,NUTRIÇÃO - DIETÉTICA,SEM_VAGA,0
2026-09-03T13:08:09,ORTOPEDIA,SEM_VAGA,0
2026-09-03T13:08:12,PROCTOLOGIA,SEM_VAGA,0
2026-09-03T13:13:20,CIRURGIA PLÁSTICA,SEM_VAGA,0
2026-09-03T13:13:23,CLÍNICA MÉDICA,SEM_VAGA,0
2026-09-03T13:13:28,CLÍNICA MÉDICA - HÍBRIDA,SEM_VAGA,0
2026-09-03T13:13:32,DERMATOLOGIA,SEM_VAGA,0
2026-09-03T13:13:36,GASTROCLÍNICA,SEM_VAGA,0
2026-09-03T13:13:41,NUTRIÇÃO - DIETÉTICA,SEM_VAGA,0
2026-09-03T13:13:46,ORTOPEDIA,SEM_VAGA,0
2026-09-03T13:13:51,PROCTOLOGIA,SEM_VAGA,0
2026-09-03T13:19:00,CIRURGIA PLÁSTICA,SEM_VAGA,0
2026-09-03T13:19:03,CLÍNICA MÉDICA,SEM_VAGA,0
2026-09-03T13:19:06,CLÍNICA MÉDICA - HÍBRIDA,SEM_VAGA,0
2026-09-03T13:19:09,DERMATOLOGIA,SEM_VAGA,0
2026-09-03T13:19:13,GASTROCLÍNICA,SEM_VAGA,0
2026-09-03T13:19:16,NUTRIÇÃO - DIETÉTICA,SEM_VAGA,0
2026-09-03T13:19:20,ORTOPEDIA,SEM_VAGA,0
2026-09-03T13:19:23,PROCTOLOGIA,SEM_VAGA,0
2026-09-03T13:24:31,CIRURGIA PLÁSTICA,SEM_VAGA,0
2026-09-03T13:24:35,CLÍNICA MÉDICA,SEM_VAGA,0
2026-09-03T13:24:38,CLÍNICA MÉDICA - HÍBRIDA,SEM_VAGA,0
2026-09-03T13:24:41,DERMATOLOGIA,SEM_VAGA,0
2026-09-03T13:24:44,GASTROCLÍNICA,SEM_VAGA,0
2026-09-03T13:24:47,NUTRIÇÃO - DIETÉTICA,SEM_VAGA,0
2026-09-03T13:24:51,ORTOPEDIA,SEM_VAGA,0
2026-09-03T13:24:54,PROCTOLOGIA,SEM_VAGA,0
2026-09-03T13:30:03,CIRURGIA PLÁSTICA,SEM_VAGA,0
2026-09-03T13:30:06,CLÍNICA MÉDICA,SEM_VAGA,0
2026-09-03T13:30:08,CLÍNICA MÉDICA - HÍBRIDA,SEM_VAGA,0
2026-09-03T13:30:12,DERMATOLOGIA,SEM_VAGA,0
2026-09-03T13:30:15,GASTROCLÍNICA,SEM_VAGA,0
2026-09-03T13:30:18,NUTRIÇÃO - DIETÉTICA,SEM_VAGA,0
2026-09-03T13:30:22,ORTOPEDIA,SEM_VAGA,0
2026-09-03T13:30:26,PROCTOLOGIA,SEM_VAGA,0
2026-09-03T13:35:34,CIRURGIA PLÁSTICA,SEM_VAGA,0
2026-09-03T13:35:37,CLÍNICA MÉDICA,SEM_VAGA,0
2026-09-03T13:35:40,CLÍNICA MÉDICA - HÍBRIDA,SEM_VAGA,0
2026-09-03T13:35:43,DERMATOLOGIA,SEM_VAGA,0
2026-09-03T13:35:47,GASTROCLÍNICA,SEM_VAGA,0
2026-09-03T13:35:50,NUTRIÇÃO - DIETÉTICA,SEM_VAGA,0
2026-09-03T13:35:53,ORTOPEDIA,SEM_VAGA,0
2026-09-03T13:35:56,PROCTOLOGIA,SEM_VAGA,0
2026-09-03T13:41:04,CIRURGIA PLÁSTICA,SEM_VAGA,0
2026-09-03T13:41:08,CLÍNICA MÉDICA,SEM_VAGA,0
2026-09-03T13:41:11,CLÍNICA MÉDICA - HÍBRIDA,SEM_VAGA,0
2026-09-03T13:41:14,DERMATOLOGIA,SEM_VAGA,0
2026-09-03T13:41:17,GASTROCLÍNICA,SEM_VAGA,0
2026-09-03T13:41:20,NUTRIÇÃO - DIETÉTICA,SEM_VAGA,0
2026-09-03T13:41:24,ORTOPEDIA,SEM_VAGA,0
2026-09-03T13:41:27,PROCTOLOGIA,SEM_VAGA,0
2026-09-03T13:46:35,CIRURGIA PLÁSTICA,SEM_VAGA,0
2026-09-03T13:46:39,CLÍNICA MÉDICA,SEM_VAGA,0
2026-09-03T13:46:42,CLÍNICA MÉDICA - HÍBRIDA,SEM_VAGA,0
2026-09-03T13:46:45,DERMATOLOGIA,SEM_VAGA,0
2026-09-03T13:46:48,GASTROCLÍNICA,SEM_VAGA,0
2026-09-03T13:46:52,NUTRIÇÃO - DIETÉTICA,SEM_VAGA,0
2026-09-03T13:46:55,ORTOPEDIA,SEM_VAGA,0
2026-09-03T13:46:58,PROCTOLOGIA,SEM_VAGA,0
2026-09-03T13:52:06,CIRURGIA PLÁSTICA,SEM_VAGA,0
2026-09-03T13:52:10,CLÍNICA MÉDICA,SEM_VAGA,0
2026-09-03T13:52:13,CLÍNICA MÉDICA - HÍBRIDA,SEM_VAGA,0
2026-09-03T13:52:16,DERMATOLOGIA,SEM_VAGA,0
2026-09-03T13:52:19,GASTROCLÍNICA,SEM_VAGA,0
2026-09-03T13:52:22,NUTRIÇÃO - DIETÉTICA,SEM_VAGA,0
2026-09-03T13:52:25,ORTOPEDIA,SEM_VAGA,0
2026-09-03T13:52:28,PROCTOLOGIA,SEM_VAGA,0
2026-09-03T13:57:38,CIRURGIA PLÁSTICA,SEM_VAGA,0
2026-09-03T13:57:41,CLÍNICA MÉDICA,SEM_VAGA,0
2026-09-03T13:57:44,CLÍNICA MÉDICA - HÍBRIDA,SEM_VAGA,0
2026-09-03T13:57:48,DERMATOLOGIA,SEM_VAGA,0
2026-09-03T13:57:51,GASTROCLÍNICA,SEM_VAGA,0
2026-09-03T13:57:54,NUTRIÇÃO - DIETÉTICA,SEM_VAGA,0
2026-09-03T13:57:58,ORTOPEDIA,SEM_VAGA,0
2026-09-03T13:58:02,PROCTOLOGIA,SEM_VAGA,0
2026-09-03T14:03:11,CIRURGIA PLÁSTICA,SEM_VAGA,0
2026-09-03T14:03:14,CLÍNICA MÉDICA,SEM_VAGA,0
2026-09-03T14:03:17,CLÍNICA MÉDICA - HÍBRIDA,SEM_VAGA,0
2026-09-03T14:03:21,DERMATOLOGIA,SEM_VAGA,0
2026-09-03T14:03:24,GASTROCLÍNICA,SEM_VAGA,0
2026-09-03T14:03:27,NUTRIÇÃO - DIETÉTICA,SEM_VAGA,0
2026-09-03T14:03:31,ORTOPEDIA,SEM_VAGA,0
2026-09-03T14:03:34,PROCTOLOGIA,SEM_VAGA,0
2026-09-03T14:08:43,CIRURGIA PLÁSTICA,SEM_VAGA,0
2026-09-03T14:08:47,CLÍNICA MÉDICA,SEM_VAGA,0
2026-09-03T14:08:51,CLÍNICA MÉDICA - HÍBRIDA,SEM_VAGA,0
2026-09-03T14:08:55,DERMATOLOGIA,SEM_VAGA,0
2026-09-03T14:08:58,GASTROCLÍNICA,SEM_VAGA,0
2026-09-03T14:09:00,NUTRIÇÃO - DIETÉTICA,SEM_VAGA,0
2026-09-03T14:09:04,ORTOPEDIA,SEM_VAGA,0
2026-09-03T14:09:07,PROCTOLOGIA,SEM_VAGA,0
2026-09-03T14:14:16,CIRURGIA PLÁSTICA,SEM_VAGA,0
2026-09-03T14:14:19,CLÍNICA MÉDICA,SEM_VAGA,0
2026-09-03T14:14:22,CLÍNICA MÉDICA - HÍBRIDA,SEM_VAGA,0
2026-09-03T14:14:26,DERMATOLOGIA,SEM_VAGA,0
2026-09-03T14:14:30,GASTROCLÍNICA,SEM_VAGA,0
2026-09-03T14:14:34,NUTRIÇÃO - DIETÉTICA,SEM_VAGA,0
2026-09-03T14:14:38,ORTOPEDIA,SEM_VAGA,0
2026-09-03T14:14:43,PROCTOLOGIA,SEM_VAGA,0
2026-09-03T14:19:53,CIRURGIA PLÁSTICA,SEM_VAGA,0
2026-09-03T14:19:56,CLÍNICA MÉDICA,SEM_VAGA,0
2026-09-03T14:20:00,CLÍNICA MÉDICA - HÍBRIDA,SEM_VAGA,0
2026-09-03T14:20:03,DERMATOLOGIA,SEM_VAGA,0
2026-09-03T14:20:07,GASTROCLÍNICA,SEM_VAGA,0
2026-09-03T14:20:10,NUTRIÇÃO - DIETÉTICA,SEM_VAGA,0
2026-09-03T14:20:13,ORTOPEDIA,SEM_VAGA,0
2026-09-03T14:20:16,PROCTOLOGIA,SEM_VAGA,0
2026-09-03T14:25:25,CIRURGIA PLÁSTICA,SEM_VAGA,0
2026-09-03T14:25:28,CLÍNICA MÉDICA,SEM_VAGA,0
2026-09-03T14:25:31,CLÍNICA MÉDICA - HÍBRIDA,SEM_VAGA,0
2026-09-03T14:25:34,DERMATOLOGIA,SEM_VAGA,0
2026-09-03T14:25:37,GASTROCLÍNICA,SEM_VAGA,0
2026-09-03T14:25:41,NUTRIÇÃO - DIETÉTICA,SEM_VAGA,0
2026-09-03T14:25:44,ORTOPEDIA,SEM_VAGA,0
2026-09-03T14:25:48,PROCTOLOGIA,SEM_VAGA,0
2026-09-03T14:30:56,CIRURGIA PLÁSTICA,SEM_VAGA,0
2026-09-03T14:31:00,CLÍNICA MÉDICA,SEM_VAGA,0
2026-09-03T14:31:03,CLÍNICA MÉDICA - HÍBRIDA,SEM_VAGA,0
2026-09-03T14:31:06,DERMATOLOGIA,SEM_VAGA,0
2026-09-03T14:31:10,GASTROCLÍNICA,SEM_VAGA,0
2026-09-03T14:31:13,NUTRIÇÃO - DIETÉTICA,SEM_VAGA,0
2026-09-03T14:31:16,ORTOPEDIA,SEM_VAGA,0
2026-09-03T14:31:20,PROCTOLOGIA,SEM_VAGA,0
2026-09-03T14:36:28,CIRURGIA PLÁSTICA,SEM_VAGA,0
2026-09-03T14:36:31,CLÍNICA MÉDICA,SEM_VAGA,0
2026-09-03T14:36:34,CLÍNICA MÉDICA - HÍBRIDA,SEM_VAGA,0
2026-09-03T14:36:37,DERMATOLOGIA,SEM_VAGA,0
2026-09-03T14:36:41,GASTROCLÍNICA,SEM_VAGA,0
2026-09-03T14:36:44,NUTRIÇÃO - DIETÉTICA,SEM_VAGA,0
2026-09-03T14:36:47,ORTOPEDIA,SEM_VAGA,0
2026-09-03T14:36:50,PROCTOLOGIA,SEM_VAGA,0
2026-09-03T14:41:59,CIRURGIA PLÁSTICA,SEM_VAGA,0
2026-09-03T14:42:02,CLÍNICA MÉDICA,SEM_VAGA,0
2026-09-03T14:42:05,CLÍNICA MÉDICA - HÍBRIDA,SEM_VAGA,0
2026-09-03T14:42:08,DERMATOLOGIA,SEM_VAGA,0
2026-09-03T14:42:11,GASTROCLÍNICA,SEM_VAGA,0
2026-09-03T14:42:15,NUTRIÇÃO - DIETÉTICA,SEM_VAGA,0
2026-09-03T14:42:18,ORTOPEDIA,SEM_VAGA,0
2026-09-03T14:42:22,PROCTOLOGIA,SEM_VAGA,0
2026-09-03T14:47:31,CIRURGIA PLÁSTICA,SEM_VAGA,0
2026-09-03T14:47:34,CLÍNICA MÉDICA,SEM_VAGA,0
2026-09-03T14:47:37,CLÍNICA MÉDICA - HÍBRIDA,SEM_VAGA,0
2026-09-03T14:47:40,DERMATOLOGIA,SEM_VAGA,0
2026-09-03T14:47:44,GASTROCLÍNICA,SEM_VAGA,0
2026-09-03T14:47:47,NUTRIÇÃO - DIETÉTICA,SEM_VAGA,0
2026-09-03T14:47:50,ORTOPEDIA,SEM_VAGA,0
2026-09-03T14:47:53,PROCTOLOGIA,SEM_VAGA,0
2026-09-03T14:53:02,CIRURGIA PLÁSTICA,SEM_VAGA,0
2026-09-03T14:53:05,CLÍNICA MÉDICA,SEM_VAGA,0
2026-09-03T14:53:08,CLÍNICA MÉDICA - HÍBRIDA,SEM_VAGA,0
2026-09-03T14:53:11,DERMATOLOGIA,SEM_VAGA,0
2026-09-03T14:53:14,GASTROCLÍNICA,SEM_VAGA,0
2026-09-03T14:53:18,NUTRIÇÃO - DIETÉTICA,SEM_VAGA,0
2026-09-03T14:53:21,ORTOPEDIA,SEM_VAGA,0
2026-09-03T14:53:24,PROCTOLOGIA,SEM_VAGA,0
2026-09-03T14:58:33,CIRURGIA PLÁSTICA,SEM_VAGA,0
2026-09-03T14:58:36,CLÍNICA MÉDICA,SEM_VAGA,0
2026-09-03T14:58:39,CLÍNICA MÉDICA - HÍBRIDA,SEM_VAGA,0
2026-09-03T14:58:42,DERMATOLOGIA,SEM_VAGA,0
2026-09-03T14:58:45,GASTROCLÍNICA,SEM_VAGA,0
2026-09-03T14:58:48,NUTRIÇÃO - DIETÉTICA,SEM_VAGA,0
2026-09-03T14:58:52,ORTOPEDIA,SEM_VAGA,0
2026-09-03T14:58:55,PROCTOLOGIA,SEM_VAGA,0
2026-09-03T15:04:03,CIRURGIA PLÁSTICA,SEM_VAGA,0
2026-09-03T15:04:07,CLÍNICA MÉDICA,SEM_VAGA,0
2026-09-03T15:04:09,CLÍNICA MÉDICA - HÍBRIDA,SEM_VAGA,0
2026-09-03T15:04:13,DERMATOLOGIA,SEM_VAGA,0
2026-09-03T15:04:17,GASTROCLÍNICA,SEM_VAGA,0
2026-09-03T15:04:21,NUTRIÇÃO - DIETÉTICA,SEM_VAGA,0
2026-09-03T15:04:25,ORTOPEDIA,SEM_VAGA,0
2026-09-03T15:04:29,PROCTOLOGIA,SEM_VAGA,0
2026-09-03T15:09:37,CIRURGIA PLÁSTICA,SEM_VAGA,0
2026-09-03T15:09:40,CLÍNICA MÉDICA,SEM_VAGA,0
2026-09-03T15:09:43,CLÍNICA MÉDICA - HÍBRIDA,SEM_VAGA,0
2026-09-03T15:09:50,DERMATOLOGIA,VAGA_ENCONTRADA,
2026-09-03T15:09:57,GASTROCLÍNICA,SEM_VAGA,0
2026-09-03T15:10:00,NUTRIÇÃO - DIETÉTICA,SEM_VAGA,0
2026-09-03T15:10:03,ORTOPEDIA,SEM_VAGA,0
2026-09-03T15:10:06,PROCTOLOGIA,SEM_VAGA,0
2026-09-03T15:15:15,CIRURGIA PLÁSTICA,SEM_VAGA,0
2026-09-03T15:15:18,CLÍNICA MÉDICA,SEM_VAGA,0
2026-09-03T15:15:23,CLÍNICA MÉDICA - HÍBRIDA,SEM_VAGA,0
2026-09-03T15:15:26,DERMATOLOGIA,SEM_VAGA,0
2026-09-03T15:15:29,GASTROCLÍNICA,SEM_VAGA,0
2026-09-03T15:15:32,NUTRIÇÃO - DIETÉTICA,SEM_VAGA,0
2026-09-03T15:15:35,ORTOPEDIA,SEM_VAGA,0
2026-09-03T15:15:38,PROCTOLOGIA,SEM_VAGA,0
2026-09-03T15:20:47,CIRURGIA PLÁSTICA,SEM_VAGA,0
2026-09-03T15:20:50,CLÍNICA MÉDICA,SEM_VAGA,0
2026-09-03T15:20:53,CLÍNICA MÉDICA - HÍBRIDA,SEM_VAGA,0
2026-09-03T15:20:56,DERMATOLOGIA,SEM_VAGA,0
2026-09-03T15:20:59,GASTROCLÍNICA,SEM_VAGA,0
2026-09-03T15:21:03,NUTRIÇÃO - DIETÉTICA,SEM_VAGA,0
2026-09-03T15:21:06,ORTOPEDIA,SEM_VAGA,0
2026-09-03T15:21:13,PROCTOLOGIA,VAGA_ENCONTRADA,
2026-09-03T15:26:24,CIRURGIA PLÁSTICA,SEM_VAGA,0
2026-09-03T15:26:28,CLÍNICA MÉDICA,SEM_VAGA,0
2026-09-03T15:26:31,CLÍNICA MÉDICA - HÍBRIDA,SEM_VAGA,0
2026-09-03T15:26:34,DERMATOLOGIA,SEM_VAGA,0
2026-09-03T15:26:37,GASTROCLÍNICA,SEM_VAGA,0
2026-09-03T15:26:40,NUTRIÇÃO - DIETÉTICA,SEM_VAGA,0
2026-09-03T15:26:44,ORTOPEDIA,SEM_VAGA,0
2026-09-03T15:26:51,PROCTOLOGIA,VAGA_ENCONTRADA,
2026-09-03T15:32:02,CIRURGIA PLÁSTICA,SEM_VAGA,0
2026-09-03T15:32:05,CLÍNICA MÉDICA,SEM_VAGA,0
2026-09-03T15:32:08,CLÍNICA MÉDICA - HÍBRIDA,SEM_VAGA,0
2026-09-03T15:32:11,DERMATOLOGIA,SEM_VAGA,0
2026-09-03T15:32:16,GASTROCLÍNICA,SEM_VAGA,0
2026-09-03T15:32:20,NUTRIÇÃO - DIETÉTICA,SEM_VAGA,0
2026-09-03T15:32:25,ORTOPEDIA,SEM_VAGA,0
2026-09-03T15:32:28,PROCTOLOGIA,SEM_VAGA,0
2026-09-03T15:37:38,CIRURGIA PLÁSTICA,SEM_VAGA,0
2026-09-03T15:37:42,CLÍNICA MÉDICA,SEM_VAGA,0
2026-09-03T15:37:47,CLÍNICA MÉDICA - HÍBRIDA,SEM_VAGA,0
2026-09-03T15:37:51,DERMATOLOGIA,SEM_VAGA,0
2026-09-03T15:37:54,GASTROCLÍNICA,SEM_VAGA,0
2026-09-03T15:37:58,NUTRIÇÃO - DIETÉTICA,SEM_VAGA,0
2026-09-03T15:38:01,ORTOPEDIA,SEM_VAGA,0
2026-09-03T15:38:04,PROCTOLOGIA,SEM_VAGA,0
2026-09-03T15:43:13,CIRURGIA PLÁSTICA,SEM_VAGA,0
2026-09-03T15:43:16,CLÍNICA MÉDICA,SEM_VAGA,0
2026-09-03T15:43:18,CLÍNICA MÉDICA - HÍBRIDA,SEM_VAGA,0
2026-09-03T15:43:22,DERMATOLOGIA,SEM_VAGA,0
2026-09-03T15:43:25,GASTROCLÍNICA,SEM_VAGA,0
2026-09-03T15:43:28,NUTRIÇÃO - DIETÉTICA,SEM_VAGA,0
2026-09-03T15:43:32,ORTOPEDIA,SEM_VAGA,0
2026-09-03T15:43:35,PROCTOLOGIA,SEM_VAGA,0
2026-09-03T15:48:44,CIRURGIA PLÁSTICA,SEM_VAGA,0
2026-09-03T15:48:47,CLÍNICA MÉDICA,SEM_VAGA,0
2026-09-03T15:48:51,CLÍNICA MÉDICA - HÍBRIDA,SEM_VAGA,0
2026-09-03T15:48:54,DERMATOLOGIA,SEM_VAGA,0
2026-09-03T15:48:57,GASTROCLÍNICA,SEM_VAGA,0
2026-09-03T15:49:00,NUTRIÇÃO - DIETÉTICA,SEM_VAGA,0
2026-09-03T15:49:04,ORTOPEDIA,SEM_VAGA,0
2026-09-03T15:49:07,PROCTOLOGIA,SEM_VAGA,0
2026-09-03T15:54:17,CIRURGIA PLÁSTICA,SEM_VAGA,0
2026-09-03T15:54:22,CLÍNICA MÉDICA,SEM_VAGA,0
2026-09-03T15:54:25,CLÍNICA MÉDICA - HÍBRIDA,SEM_VAGA,0
2026-09-03T15:54:30,DERMATOLOGIA,SEM_VAGA,0
2026-09-03T15:54:35,GASTROCLÍNICA,SEM_VAGA,0
2026-09-03T15:54:39,NUTRIÇÃO - DIETÉTICA,SEM_VAGA,0
2026-09-03T15:54:45,ORTOPEDIA,SEM_VAGA,0
2026-09-03T15:54:51,PROCTOLOGIA,SEM_VAGA,0
2026-09-03T15:59:59,CIRURGIA PLÁSTICA,SEM_VAGA,0
2026-09-03T16:00:03,CLÍNICA MÉDICA,SEM_VAGA,0
2026-09-03T16:00:06,CLÍNICA MÉDICA - HÍBRIDA,SEM_VAGA,0
2026-09-03T16:00:09,DERMATOLOGIA,SEM_VAGA,0
2026-09-03T16:00:13,GASTROCLÍNICA,SEM_VAGA,0
2026-09-03T16:00:16,NUTRIÇÃO - DIETÉTICA,SEM_VAGA,0
2026-09-03T16:00:19,ORTOPEDIA,SEM_VAGA,0
2026-09-03T16:00:23,PROCTOLOGIA,SEM_VAGA,0
2026-09-03T16:05:32,CIRURGIA PLÁSTICA,SEM_VAGA,0
2026-09-03T16:05:39,CLÍNICA MÉDICA,VAGA_ENCONTRADA,
2026-09-03T16:05:46,CLÍNICA MÉDICA - HÍBRIDA,SEM_VAGA,0
2026-09-03T16:05:49,DERMATOLOGIA,SEM_VAGA,0
2026-09-03T16:05:52,GASTROCLÍNICA,SEM_VAGA,0
2026-09-03T16:05:56,NUTRIÇÃO - DIETÉTICA,SEM_VAGA,0
2026-09-03T16:06:00,ORTOPEDIA,SEM_VAGA,0
2026-09-03T16:06:04,PROCTOLOGIA,SEM_VAGA,0
2026-09-03T16:11:13,CIRURGIA PLÁSTICA,SEM_VAGA,0
2026-09-03T16:11:21,CLÍNICA MÉDICA,VAGA_ENCONTRADA,
2026-09-03T16:11:27,CLÍNICA MÉDICA - HÍBRIDA,SEM_VAGA,0
2026-09-03T16:11:31,DERMATOLOGIA,SEM_VAGA,0
2026-09-03T16:11:37,GASTROCLÍNICA,SEM_VAGA,0
2026-09-03T16:11:41,NUTRIÇÃO - DIETÉTICA,SEM_VAGA,0
2026-09-03T16:11:47,ORTOPEDIA,SEM_VAGA,0
2026-09-03T16:11:51,PROCTOLOGIA,SEM_VAGA,0
2026-09-03T16:17:00,CIRURGIA PLÁSTICA,SEM_VAGA,0
2026-09-03T16:17:08,CLÍNICA MÉDICA,VAGA_ENCONTRADA,
2026-09-03T16:17:14,CLÍNICA MÉDICA - HÍBRIDA,SEM_VAGA,0
2026-09-03T16:17:17,DERMATOLOGIA,SEM_VAGA,0
2026-09-03T16:17:20,GASTROCLÍNICA,SEM_VAGA,0
2026-09-03T16:17:23,NUTRIÇÃO - DIETÉTICA,SEM_VAGA,0
2026-09-03T16:17:27,ORTOPEDIA,SEM_VAGA,0
2026-09-03T16:17:30,PROCTOLOGIA,SEM_VAGA,0
2026-09-03T16:22:38,CIRURGIA PLÁSTICA,SEM_VAGA,0
2026-09-03T16:22:42,CLÍNICA MÉDICA,SEM_VAGA,0
2026-09-03T16:22:45,CLÍNICA MÉDICA - HÍBRIDA,SEM_VAGA,0
2026-09-03T16:22:48,DERMATOLOGIA,SEM_VAGA,0
2026-09-03T16:22:51,GASTROCLÍNICA,SEM_VAGA,0
2026-09-03T16:22:54,NUTRIÇÃO - DIETÉTICA,SEM_VAGA,0
2026-09-03T16:22:58,ORTOPEDIA,SEM_VAGA,0
2026-09-03T16:23:01,PROCTOLOGIA,SEM_VAGA,0
2026-09-03T16:28:10,CIRURGIA PLÁSTICA,SEM_VAGA,0
2026-09-03T16:28:13,CLÍNICA MÉDICA,SEM_VAGA,0
2026-09-03T16:28:17,CLÍNICA MÉDICA - HÍBRIDA,SEM_VAGA,0
2026-09-03T16:28:20,DERMATOLOGIA,SEM_VAGA,0
2026-09-03T16:28:23,GASTROCLÍNICA,SEM_VAGA,0
2026-09-03T16:28:27,NUTRIÇÃO - DIETÉTICA,SEM_VAGA,0
2026-09-03T16:28:30,ORTOPEDIA,SEM_VAGA,0
2026-09-03T16:28:34,PROCTOLOGIA,SEM_VAGA,0
2026-09-03T16:33:42,CIRURGIA PLÁSTICA,SEM_VAGA,0
2026-09-03T16:33:45,CLÍNICA MÉDICA,SEM_VAGA,0
2026-09-03T16:33:48,CLÍNICA MÉDICA - HÍBRIDA,SEM_VAGA,0
2026-09-03T16:33:51,DERMATOLOGIA,SEM_VAGA,0
2026-09-03T16:33:55,GASTROCLÍNICA,SEM_VAGA,0
2026-09-03T16:33:58,NUTRIÇÃO - DIETÉTICA,SEM_VAGA,0
2026-09-03T16:34:01,ORTOPEDIA,SEM_VAGA,0
2026-09-03T16:34:04,PROCTOLOGIA,SEM_VAGA,0
2026-09-03T16:39:13,CIRURGIA PLÁSTICA,SEM_VAGA,0
2026-09-03T16:39:16,CLÍNICA MÉDICA,SEM_VAGA,0
2026-09-03T16:39:19,CLÍNICA MÉDICA - HÍBRIDA,SEM_VAGA,0
2026-09-03T16:39:22,DERMATOLOGIA,SEM_VAGA,0
2026-09-03T16:39:25,GASTROCLÍNICA,SEM_VAGA,0
2026-09-03T16:39:29,NUTRIÇÃO - DIETÉTICA,SEM_VAGA,0
2026-09-03T16:39:32,ORTOPEDIA,SEM_VAGA,0
2026-09-03T16:39:35,PROCTOLOGIA,SEM_VAGA,0
2026-09-03T16:44:43,CIRURGIA PLÁSTICA,SEM_VAGA,0
2026-09-03T16:52:25,CIRURGIA PLÁSTICA,SEM_VAGA,0
2026-09-03T16:52:28,CLÍNICA MÉDICA,SEM_VAGA,0
2026-09-03T16:52:31,CLÍNICA MÉDICA - HÍBRIDA,SEM_VAGA,0
2026-09-03T16:52:34,DERMATOLOGIA,SEM_VAGA,0
2026-09-03T16:52:37,GASTROCLÍNICA,SEM_VAGA,0
2026-09-03T16:52:40,NUTRIÇÃO - DIETÉTICA,SEM_VAGA,0
2026-09-03T16:52:43,ORTOPEDIA,SEM_VAGA,0
2026-09-03T16:52:47,PROCTOLOGIA,SEM_VAGA,0
2026-09-03T16:57:55,CIRURGIA PLÁSTICA,SEM_VAGA,0
2026-09-03T16:57:58,CLÍNICA MÉDICA,SEM_VAGA,0
2026-09-03T16:58:01,CLÍNICA MÉDICA - HÍBRIDA,SEM_VAGA,0
2026-09-03T16:58:05,DERMATOLOGIA,SEM_VAGA,0
2026-09-03T16:58:09,GASTROCLÍNICA,SEM_VAGA,0
2026-09-03T16:58:12,NUTRIÇÃO - DIETÉTICA,SEM_VAGA,0
2026-09-03T16:58:17,ORTOPEDIA,SEM_VAGA,0
2026-09-03T16:58:21,PROCTOLOGIA,SEM_VAGA,0
2026-09-03T17:03:30,CIRURGIA PLÁSTICA,SEM_VAGA,0
2026-09-03T17:03:33,CLÍNICA MÉDICA,SEM_VAGA,0
2026-09-03T17:03:36,CLÍNICA MÉDICA - HÍBRIDA,SEM_VAGA,0
2026-09-03T17:03:40,DERMATOLOGIA,SEM_VAGA,0
2026-09-03T17:03:43,GASTROCLÍNICA,SEM_VAGA,0
2026-09-03T17:03:46,NUTRIÇÃO - DIETÉTICA,SEM_VAGA,0
2026-09-03T17:03:49,ORTOPEDIA,SEM_VAGA,0
2026-09-03T17:03:53,PROCTOLOGIA,SEM_VAGA,0
2026-09-03T17:09:01,CIRURGIA PLÁSTICA,SEM_VAGA,0
2026-09-03T17:09:04,CLÍNICA MÉDICA,SEM_VAGA,0
2026-09-03T17:09:07,CLÍNICA MÉDICA - HÍBRIDA,SEM_VAGA,0
2026-09-03T17:09:10,DERMATOLOGIA,SEM_VAGA,0
2026-09-03T17:09:13,GASTROCLÍNICA,SEM_VAGA,0
2026-09-03T17:09:17,NUTRIÇÃO - DIETÉTICA,SEM_VAGA,0
2026-09-03T17:09:20,ORTOPEDIA,SEM_VAGA,0
2026-09-03T17:09:23,PROCTOLOGIA,SEM_VAGA,0
2026-09-03T17:14:33,CIRURGIA PLÁSTICA,SEM_VAGA,0
2026-09-03T17:14:36,CLÍNICA MÉDICA,SEM_VAGA,0
2026-09-03T17:14:39,CLÍNICA MÉDICA - HÍBRIDA,SEM_VAGA,0
2026-09-03T17:14:42,DERMATOLOGIA,SEM_VAGA,0
2026-09-03T17:14:45,GASTROCLÍNICA,SEM_VAGA,0
2026-09-03T17:14:48,NUTRIÇÃO - DIETÉTICA,SEM_VAGA,0
2026-09-03T17:14:52,ORTOPEDIA,SEM_VAGA,0
2026-09-03T17:14:55,PROCTOLOGIA,SEM_VAGA,0
2026-09-03T17:20:06,CIRURGIA PLÁSTICA,SEM_VAGA,0
2026-09-03T17:20:10,CLÍNICA MÉDICA,SEM_VAGA,0
2026-09-03T17:20:14,CLÍNICA MÉDICA - HÍBRIDA,SEM_VAGA,0
2026-09-03T17:20:18,DERMATOLOGIA,SEM_VAGA,0
2026-09-03T17:20:22,GASTROCLÍNICA,SEM_VAGA,0
2026-09-03T17:20:25,NUTRIÇÃO - DIETÉTICA,SEM_VAGA,0
2026-09-03T17:20:29,ORTOPEDIA,SEM_VAGA,0
2026-09-03T17:20:32,PROCTOLOGIA,SEM_VAGA,0
2026-09-03T17:25:40,CIRURGIA PLÁSTICA,SEM_VAGA,0
2026-09-03T17:25:44,CLÍNICA MÉDICA,SEM_VAGA,0
2026-09-03T17:25:47,CLÍNICA MÉDICA - HÍBRIDA,SEM_VAGA,0
2026-09-03T17:25:50,DERMATOLOGIA,SEM_VAGA,0
2026-09-03T17:25:53,GASTROCLÍNICA,SEM_VAGA,0
2026-09-03T17:25:56,NUTRIÇÃO - DIETÉTICA,SEM_VAGA,0
2026-09-03T17:26:00,ORTOPEDIA,SEM_VAGA,0
2026-09-03T17:26:03,PROCTOLOGIA,SEM_VAGA,0
2026-09-03T17:31:12,CIRURGIA PLÁSTICA,SEM_VAGA,0
2026-09-03T17:31:15,CLÍNICA MÉDICA,SEM_VAGA,0
2026-09-03T17:31:18,CLÍNICA MÉDICA - HÍBRIDA,SEM_VAGA,0
2026-09-03T17:31:21,DERMATOLOGIA,SEM_VAGA,0
2026-09-03T17:31:24,GASTROCLÍNICA,SEM_VAGA,0
2026-09-03T17:31:27,NUTRIÇÃO - DIETÉTICA,SEM_VAGA,0
2026-09-03T17:31:31,ORTOPEDIA,SEM_VAGA,0
2026-09-03T17:31:34,PROCTOLOGIA,SEM_VAGA,0
2026-09-03T17:36:42,CIRURGIA PLÁSTICA,SEM_VAGA,0
2026-09-03T17:36:46,CLÍNICA MÉDICA,SEM_VAGA,0
2026-09-03T17:36:49,CLÍNICA MÉDICA - HÍBRIDA,SEM_VAGA,0
2026-09-03T17:36:52,DERMATOLOGIA,SEM_VAGA,0
2026-09-03T17:36:55,GASTROCLÍNICA,SEM_VAGA,0
2026-09-03T17:36:59,NUTRIÇÃO - DIETÉTICA,SEM_VAGA,0
2026-09-03T17:37:02,ORTOPEDIA,SEM_VAGA,0
2026-09-03T17:37:06,PROCTOLOGIA,SEM_VAGA,0
2026-09-03T17:42:15,CIRURGIA PLÁSTICA,SEM_VAGA,0
2026-09-03T17:42:18,CLÍNICA MÉDICA,SEM_VAGA,0
2026-09-03T17:42:23,CLÍNICA MÉDICA - HÍBRIDA,SEM_VAGA,0
2026-09-03T17:42:28,DERMATOLOGIA,SEM_VAGA,0
2026-09-03T17:42:32,GASTROCLÍNICA,SEM_VAGA,0
2026-09-03T17:42:36,NUTRIÇÃO - DIETÉTICA,SEM_VAGA,0
2026-09-03T17:42:39,ORTOPEDIA,SEM_VAGA,0
2026-09-03T17:42:43,PROCTOLOGIA,SEM_VAGA,0
2026-09-03T17:47:52,CIRURGIA PLÁSTICA,SEM_VAGA,0
2026-09-03T17:47:55,CLÍNICA MÉDICA,SEM_VAGA,0
2026-09-03T17:47:58,CLÍNICA MÉDICA - HÍBRIDA,SEM_VAGA,0
2026-09-03T17:48:01,DERMATOLOGIA,SEM_VAGA,0
2026-09-03T17:48:05,GASTROCLÍNICA,SEM_VAGA,0
2026-09-03T17:48:08,NUTRIÇÃO - DIETÉTICA,SEM_VAGA,0
2026-09-03T17:48:12,ORTOPEDIA,SEM_VAGA,0
2026-09-03T17:48:16,PROCTOLOGIA,SEM_VAGA,0
2026-09-03T17:53:24,CIRURGIA PLÁSTICA,SEM_VAGA,0
2026-09-03T17:53:27,CLÍNICA MÉDICA,SEM_VAGA,0
2026-09-03T17:53:30,CLÍNICA MÉDICA - HÍBRIDA,SEM_VAGA,0
2026-09-03T17:53:33,DERMATOLOGIA,SEM_VAGA,0
2026-09-03T17:53:37,GASTROCLÍNICA,SEM_VAGA,0
2026-09-03T17:53:40,NUTRIÇÃO - DIETÉTICA,SEM_VAGA,0
2026-09-03T17:53:43,ORTOPEDIA,SEM_VAGA,0
2026-09-03T17:53:46,PROCTOLOGIA,SEM_VAGA,0
2026-09-03T17:58:55,CIRURGIA PLÁSTICA,SEM_VAGA,0
2026-09-03T17:58:58,CLÍNICA MÉDICA,SEM_VAGA,0
2026-09-03T17:59:05,CLÍNICA MÉDICA - HÍBRIDA,VAGA_ENCONTRADA,
2026-09-03T17:59:12,DERMATOLOGIA,SEM_VAGA,0
2026-09-03T17:59:15,GASTROCLÍNICA,SEM_VAGA,0
2026-09-03T17:59:18,NUTRIÇÃO - DIETÉTICA,SEM_VAGA,0
2026-09-03T17:59:21,ORTOPEDIA,SEM_VAGA,0
2026-09-03T17:59:25,PROCTOLOGIA,SEM_VAGA,0
2026-09-03T18:04:34,CIRURGIA PLÁSTICA,SEM_VAGA,0
2026-09-03T18:04:37,CLÍNICA MÉDICA,SEM_VAGA,0
2026-09-03T18:04:41,CLÍNICA MÉDICA - HÍBRIDA,SEM_VAGA,0
2026-09-03T18:04:44,DERMATOLOGIA,SEM_VAGA,0
2026-09-03T18:04:47,GASTROCLÍNICA,SEM_VAGA,0
2026-09-03T18:04:50,NUTRIÇÃO - DIETÉTICA,SEM_VAGA,0
2026-09-03T18:04:53,ORTOPEDIA,SEM_VAGA,0
2026-09-03T18:04:57,PROCTOLOGIA,SEM_VAGA,0
2026-09-03T18:10:07,CIRURGIA PLÁSTICA,SEM_VAGA,0
2026-09-03T18:10:12,CLÍNICA MÉDICA,SEM_VAGA,0
2026-09-03T18:10:16,CLÍNICA MÉDICA - HÍBRIDA,SEM_VAGA,0
2026-09-03T18:10:21,DERMATOLOGIA,SEM_VAGA,0
2026-09-03T18:10:26,GASTROCLÍNICA,SEM_VAGA,0
2026-09-03T18:10:31,NUTRIÇÃO - DIETÉTICA,SEM_VAGA,0
2026-09-03T18:10:35,ORTOPEDIA,SEM_VAGA,0
2026-09-03T18:10:40,PROCTOLOGIA,SEM_VAGA,0
2026-09-03T18:15:49,CIRURGIA PLÁSTICA,SEM_VAGA,0
2026-09-03T18:15:52,CLÍNICA MÉDICA,SEM_VAGA,0
2026-09-03T18:15:57,CLÍNICA MÉDICA - HÍBRIDA,SEM_VAGA,0
2026-09-03T18:16:02,DERMATOLOGIA,SEM_VAGA,0
2026-09-03T18:16:07,GASTROCLÍNICA,SEM_VAGA,0
2026-09-03T18:16:12,NUTRIÇÃO - DIETÉTICA,SEM_VAGA,0
2026-09-03T18:16:16,ORTOPEDIA,SEM_VAGA,0
2026-09-03T18:16:20,PROCTOLOGIA,SEM_VAGA,0
2026-09-03T18:21:29,CIRURGIA PLÁSTICA,SEM_VAGA,0
2026-09-03T18:21:34,CLÍNICA MÉDICA,SEM_VAGA,0
2026-09-03T18:21:37,CLÍNICA MÉDICA - HÍBRIDA,SEM_VAGA,0
2026-09-03T18:21:40,DERMATOLOGIA,SEM_VAGA,0
2026-09-03T18:21:44,GASTROCLÍNICA,SEM_VAGA,0
2026-09-03T18:21:47,NUTRIÇÃO - DIETÉTICA,SEM_VAGA,0
2026-09-03T18:21:50,ORTOPEDIA,SEM_VAGA,0
2026-09-03T18:21:53,PROCTOLOGIA,SEM_VAGA,0
2026-09-03T18:27:01,CIRURGIA PLÁSTICA,SEM_VAGA,0
2026-09-03T18:27:05,CLÍNICA MÉDICA,SEM_VAGA,0
2026-09-03T18:27:08,CLÍNICA MÉDICA - HÍBRIDA,SEM_VAGA,0
2026-09-03T18:27:11,DERMATOLOGIA,SEM_VAGA,0
2026-09-03T18:27:14,GASTROCLÍNICA,SEM_VAGA,0
2026-09-03T18:27:19,NUTRIÇÃO - DIETÉTICA,SEM_VAGA,0
2026-09-03T18:27:22,ORTOPEDIA,SEM_VAGA,0
2026-09-03T18:27:25,PROCTOLOGIA,SEM_VAGA,0
2026-09-03T18:32:34,CIRURGIA PLÁSTICA,SEM_VAGA,0
2026-09-03T18:32:38,CLÍNICA MÉDICA,SEM_VAGA,0
2026-09-03T18:32:41,CLÍNICA MÉDICA - HÍBRIDA,SEM_VAGA,0
2026-09-03T18:32:44,DERMATOLOGIA,SEM_VAGA,0
2026-09-03T18:32:47,GASTROCLÍNICA,SEM_VAGA,0
2026-09-03T18:32:50,NUTRIÇÃO - DIETÉTICA,SEM_VAGA,0
2026-09-03T18:32:54,ORTOPEDIA,SEM_VAGA,0
2026-09-03T18:32:57,PROCTOLOGIA,SEM_VAGA,0
2026-09-03T18:38:05,CIRURGIA PLÁSTICA,SEM_VAGA,0
2026-09-03T18:38:08,CLÍNICA MÉDICA,SEM_VAGA,0
2026-09-03T18:38:11,CLÍNICA MÉDICA - HÍBRIDA,SEM_VAGA,0
2026-09-03T18:38:15,DERMATOLOGIA,SEM_VAGA,0
2026-09-03T18:38:18,GASTROCLÍNICA,SEM_VAGA,0
2026-09-03T18:38:21,NUTRIÇÃO - DIETÉTICA,SEM_VAGA,0
2026-09-03T18:38:24,ORTOPEDIA,SEM_VAGA,0
2026-09-03T18:38:28,PROCTOLOGIA,SEM_VAGA,0
2026-09-03T18:43:36,CIRURGIA PLÁSTICA,SEM_VAGA,0
2026-09-03T18:43:39,CLÍNICA MÉDICA,SEM_VAGA,0
2026-09-03T18:43:44,CLÍNICA MÉDICA - HÍBRIDA,SEM_VAGA,0
2026-09-03T18:43:49,DERMATOLOGIA,SEM_VAGA,0
2026-09-03T18:43:54,GASTROCLÍNICA,SEM_VAGA,0
2026-09-03T18:43:59,NUTRIÇÃO - DIETÉTICA,SEM_VAGA,0
2026-09-03T18:44:03,ORTOPEDIA,SEM_VAGA,0
2026-09-03T18:44:08,PROCTOLOGIA,SEM_VAGA,0
2026-09-03T18:49:16,CIRURGIA PLÁSTICA,SEM_VAGA,0
2026-09-03T18:49:20,CLÍNICA MÉDICA,SEM_VAGA,0
2026-09-03T18:49:24,CLÍNICA MÉDICA - HÍBRIDA,SEM_VAGA,0
2026-09-03T18:49:28,DERMATOLOGIA,SEM_VAGA,0
2026-09-03T18:49:32,GASTROCLÍNICA,SEM_VAGA,0
2026-09-03T18:49:35,NUTRIÇÃO - DIETÉTICA,SEM_VAGA,0
2026-09-03T18:49:41,ORTOPEDIA,SEM_VAGA,0
2026-09-03T18:49:45,PROCTOLOGIA,SEM_VAGA,0
2026-09-03T18:54:54,CIRURGIA PLÁSTICA,SEM_VAGA,0
2026-09-03T18:55:01,CLÍNICA MÉDICA,VAGA_ENCONTRADA,
2026-09-03T18:55:07,CLÍNICA MÉDICA - HÍBRIDA,SEM_VAGA,0
2026-09-03T18:55:11,DERMATOLOGIA,SEM_VAGA,0
2026-09-03T18:55:14,GASTROCLÍNICA,SEM_VAGA,0
2026-09-03T18:55:19,NUTRIÇÃO - DIETÉTICA,SEM_VAGA,0
2026-09-03T18:55:23,ORTOPEDIA,SEM_VAGA,0
2026-09-03T18:55:26,PROCTOLOGIA,SEM_VAGA,0
2026-09-03T19:00:34,CIRURGIA PLÁSTICA,SEM_VAGA,0
2026-09-03T19:00:38,CLÍNICA MÉDICA,SEM_VAGA,0
2026-09-03T19:00:40,CLÍNICA MÉDICA - HÍBRIDA,SEM_VAGA,0
2026-09-03T19:00:43,DERMATOLOGIA,SEM_VAGA,0
2026-09-03T19:00:47,GASTROCLÍNICA,SEM_VAGA,0
2026-09-03T19:00:50,NUTRIÇÃO - DIETÉTICA,SEM_VAGA,0
2026-09-03T19:00:53,ORTOPEDIA,SEM_VAGA,0
2026-09-03T19:00:57,PROCTOLOGIA,SEM_VAGA,0
2026-09-03T19:06:05,CIRURGIA PLÁSTICA,SEM_VAGA,0
2026-09-03T19:06:08,CLÍNICA MÉDICA,SEM_VAGA,0
2026-09-03T19:06:11,CLÍNICA MÉDICA - HÍBRIDA,SEM_VAGA,0
2026-09-03T19:06:14,DERMATOLOGIA,SEM_VAGA,0
2026-09-03T19:06:17,GASTROCLÍNICA,SEM_VAGA,0
2026-09-03T19:06:21,NUTRIÇÃO - DIETÉTICA,SEM_VAGA,0
2026-09-03T19:06:24,ORTOPEDIA,SEM_VAGA,0
2026-09-03T19:06:27,PROCTOLOGIA,SEM_VAGA,0
2026-09-03T19:11:36,CIRURGIA PLÁSTICA,SEM_VAGA,0
2026-09-03T19:11:39,CLÍNICA MÉDICA,SEM_VAGA,0
2026-09-03T19:11:42,CLÍNICA MÉDICA - HÍBRIDA,SEM_VAGA,0
2026-09-03T19:11:45,DERMATOLOGIA,SEM_VAGA,0
2026-09-03T19:11:49,GASTROCLÍNICA,SEM_VAGA,0
2026-09-03T19:11:53,NUTRIÇÃO - DIETÉTICA,SEM_VAGA,0
2026-09-03T19:11:58,ORTOPEDIA,SEM_VAGA,0
2026-09-03T19:12:02,PROCTOLOGIA,SEM_VAGA,0
2026-09-03T19:17:12,CIRURGIA PLÁSTICA,SEM_VAGA,0
2026-09-03T19:17:15,CLÍNICA MÉDICA,SEM_VAGA,0
2026-09-03T19:17:19,CLÍNICA MÉDICA - HÍBRIDA,SEM_VAGA,0
2026-09-03T19:17:22,DERMATOLOGIA,SEM_VAGA,0
2026-09-03T19:17:25,GASTROCLÍNICA,SEM_VAGA,0
2026-09-03T19:17:28,NUTRIÇÃO - DIETÉTICA,SEM_VAGA,0
2026-09-03T19:17:31,ORTOPEDIA,SEM_VAGA,0
2026-09-03T19:17:35,PROCTOLOGIA,SEM_VAGA,0
2026-09-03T19:22:43,CIRURGIA PLÁSTICA,SEM_VAGA,0
2026-09-03T19:22:47,CLÍNICA MÉDICA,SEM_VAGA,0
2026-09-03T19:22:51,CLÍNICA MÉDICA - HÍBRIDA,SEM_VAGA,0
2026-09-03T19:22:56,DERMATOLOGIA,SEM_VAGA,0
2026-09-03T19:23:00,GASTROCLÍNICA,SEM_VAGA,0
2026-09-03T19:23:06,NUTRIÇÃO - DIETÉTICA,SEM_VAGA,0
2026-09-03T19:23:09,ORTOPEDIA,SEM_VAGA,0
2026-09-03T19:23:12,PROCTOLOGIA,SEM_VAGA,0
2026-09-03T19:28:21,CIRURGIA PLÁSTICA,SEM_VAGA,0
2026-09-03T19:28:24,CLÍNICA MÉDICA,SEM_VAGA,0
2026-09-03T19:28:27,CLÍNICA MÉDICA - HÍBRIDA,SEM_VAGA,0
2026-09-03T19:28:30,DERMATOLOGIA,SEM_VAGA,0
2026-09-03T19:28:33,GASTROCLÍNICA,SEM_VAGA,0
2026-09-03T19:28:37,NUTRIÇÃO - DIETÉTICA,SEM_VAGA,0
2026-09-03T19:28:40,ORTOPEDIA,SEM_VAGA,0
2026-09-03T19:28:43,PROCTOLOGIA,SEM_VAGA,0
2026-09-03T19:33:52,CIRURGIA PLÁSTICA,SEM_VAGA,0
2026-09-03T19:33:55,CLÍNICA MÉDICA,SEM_VAGA,0
2026-09-03T19:33:58,CLÍNICA MÉDICA - HÍBRIDA,SEM_VAGA,0
2026-09-03T19:34:01,DERMATOLOGIA,SEM_VAGA,0
2026-09-03T19:34:04,GASTROCLÍNICA,SEM_VAGA,0
2026-09-03T19:34:07,NUTRIÇÃO - DIETÉTICA,SEM_VAGA,0
2026-09-03T19:34:11,ORTOPEDIA,SEM_VAGA,0
2026-09-03T19:34:14,PROCTOLOGIA,SEM_VAGA,0
2026-09-03T19:39:22,CIRURGIA PLÁSTICA,SEM_VAGA,0
2026-09-03T19:39:26,CLÍNICA MÉDICA,SEM_VAGA,0
2026-09-03T19:39:29,CLÍNICA MÉDICA - HÍBRIDA,SEM_VAGA,0
2026-09-03T19:39:32,DERMATOLOGIA,SEM_VAGA,0
2026-09-03T19:39:36,GASTROCLÍNICA,SEM_VAGA,0
2026-09-03T19:39:40,NUTRIÇÃO - DIETÉTICA,SEM_VAGA,0
2026-09-03T19:39:44,ORTOPEDIA,SEM_VAGA,0
2026-09-03T19:39:48,PROCTOLOGIA,SEM_VAGA,0
2026-09-03T19:44:57,CIRURGIA PLÁSTICA,SEM_VAGA,0
2026-09-03T19:45:00,CLÍNICA MÉDICA,SEM_VAGA,0
2026-09-03T19:45:03,CLÍNICA MÉDICA - HÍBRIDA,SEM_VAGA,0
2026-09-03T19:45:06,DERMATOLOGIA,SEM_VAGA,0
2026-09-03T19:45:09,GASTROCLÍNICA,SEM_VAGA,0
2026-09-03T19:45:13,NUTRIÇÃO - DIETÉTICA,SEM_VAGA,0
2026-09-03T19:45:17,ORTOPEDIA,SEM_VAGA,0
2026-09-03T19:45:21,PROCTOLOGIA,SEM_VAGA,0
2026-09-03T19:50:29,CIRURGIA PLÁSTICA,SEM_VAGA,0
2026-09-03T19:50:32,CLÍNICA MÉDICA,SEM_VAGA,0
2026-09-03T19:50:35,CLÍNICA MÉDICA - HÍBRIDA,SEM_VAGA,0
2026-09-03T19:50:39,DERMATOLOGIA,SEM_VAGA,0
2026-09-03T19:50:42,GASTROCLÍNICA,SEM_VAGA,0
2026-09-03T19:50:45,NUTRIÇÃO - DIETÉTICA,SEM_VAGA,0
2026-09-03T19:50:49,ORTOPEDIA,SEM_VAGA,0
2026-09-03T19:50:52,PROCTOLOGIA,SEM_VAGA,0
2026-09-03T19:56:00,CIRURGIA PLÁSTICA,SEM_VAGA,0
2026-09-03T19:56:04,CLÍNICA MÉDICA,SEM_VAGA,0
2026-09-03T19:56:07,CLÍNICA MÉDICA - HÍBRIDA,SEM_VAGA,0
2026-09-03T19:56:10,DERMATOLOGIA,SEM_VAGA,0
2026-09-03T19:56:13,GASTROCLÍNICA,SEM_VAGA,0
2026-09-03T19:56:16,NUTRIÇÃO - DIETÉTICA,SEM_VAGA,0
2026-09-03T19:56:19,ORTOPEDIA,SEM_VAGA,0
2026-09-03T19:56:22,PROCTOLOGIA,SEM_VAGA,0
2026-09-03T20:01:30,CIRURGIA PLÁSTICA,SEM_VAGA,0
2026-09-03T20:01:33,CLÍNICA MÉDICA,SEM_VAGA,0
2026-09-03T20:01:36,CLÍNICA MÉDICA - HÍBRIDA,SEM_VAGA,0
2026-09-03T20:01:39,DERMATOLOGIA,SEM_VAGA,0
2026-09-03T20:01:43,GASTROCLÍNICA,SEM_VAGA,0
2026-09-03T20:01:46,NUTRIÇÃO - DIETÉTICA,SEM_VAGA,0
2026-09-03T20:01:49,ORTOPEDIA,SEM_VAGA,0
2026-09-03T20:01:52,PROCTOLOGIA,SEM_VAGA,0
2026-09-03T20:07:01,CIRURGIA PLÁSTICA,SEM_VAGA,0
2026-09-03T20:07:04,CLÍNICA MÉDICA,SEM_VAGA,0
2026-09-03T20:07:07,CLÍNICA MÉDICA - HÍBRIDA,SEM_VAGA,0
2026-09-03T20:07:10,DERMATOLOGIA,SEM_VAGA,0
2026-09-03T20:07:14,GASTROCLÍNICA,SEM_VAGA,0
2026-09-03T20:07:17,NUTRIÇÃO - DIETÉTICA,SEM_VAGA,0
2026-09-03T20:07:20,ORTOPEDIA,SEM_VAGA,0
2026-09-03T20:07:24,PROCTOLOGIA,SEM_VAGA,0
2026-09-03T20:12:32,CIRURGIA PLÁSTICA,SEM_VAGA,0
2026-09-03T20:12:35,CLÍNICA MÉDICA,SEM_VAGA,0
2026-09-03T20:12:38,CLÍNICA MÉDICA - HÍBRIDA,SEM_VAGA,0
2026-09-03T20:12:41,DERMATOLOGIA,SEM_VAGA,0
2026-09-03T20:12:44,GASTROCLÍNICA,SEM_VAGA,0
2026-09-03T20:12:48,NUTRIÇÃO - DIETÉTICA,SEM_VAGA,0
2026-09-03T20:12:52,ORTOPEDIA,SEM_VAGA,0
2026-09-03T20:12:57,PROCTOLOGIA,SEM_VAGA,0
2026-09-03T20:18:05,CIRURGIA PLÁSTICA,SEM_VAGA,0
2026-09-03T20:18:09,CLÍNICA MÉDICA,SEM_VAGA,0
2026-09-03T20:18:13,CLÍNICA MÉDICA - HÍBRIDA,SEM_VAGA,0
2026-09-03T20:18:17,DERMATOLOGIA,SEM_VAGA,0
2026-09-03T20:18:21,GASTROCLÍNICA,SEM_VAGA,0
2026-09-03T20:18:26,NUTRIÇÃO - DIETÉTICA,SEM_VAGA,0
2026-09-03T20:18:29,ORTOPEDIA,SEM_VAGA,0
2026-09-03T20:18:33,PROCTOLOGIA,SEM_VAGA,0
2026-09-03T20:23:41,CIRURGIA PLÁSTICA,SEM_VAGA,0
2026-09-03T20:23:44,CLÍNICA MÉDICA,SEM_VAGA,0
2026-09-03T20:23:47,CLÍNICA MÉDICA - HÍBRIDA,SEM_VAGA,0
2026-09-03T20:23:50,DERMATOLOGIA,SEM_VAGA,0
2026-09-03T20:23:53,GASTROCLÍNICA,SEM_VAGA,0
2026-09-03T20:23:56,NUTRIÇÃO - DIETÉTICA,SEM_VAGA,0
2026-09-03T20:24:00,ORTOPEDIA,SEM_VAGA,0
2026-09-03T20:24:02,PROCTOLOGIA,SEM_VAGA,0
2026-09-03T20:29:11,CIRURGIA PLÁSTICA,SEM_VAGA,0
2026-09-03T20:29:14,CLÍNICA MÉDICA,SEM_VAGA,0
2026-09-03T20:29:17,CLÍNICA MÉDICA - HÍBRIDA,SEM_VAGA,0
2026-09-03T20:29:20,DERMATOLOGIA,SEM_VAGA,0
2026-09-03T20:29:24,GASTROCLÍNICA,SEM_VAGA,0
2026-09-03T20:29:26,NUTRIÇÃO - DIETÉTICA,SEM_VAGA,0
2026-09-03T20:29:30,ORTOPEDIA,SEM_VAGA,0
2026-09-03T20:29:33,PROCTOLOGIA,SEM_VAGA,0
2026-09-03T20:34:41,CIRURGIA PLÁSTICA,SEM_VAGA,0
2026-09-03T20:34:44,CLÍNICA MÉDICA,SEM_VAGA,0
2026-09-03T20:34:47,CLÍNICA MÉDICA - HÍBRIDA,SEM_VAGA,0
2026-09-03T20:34:51,DERMATOLOGIA,SEM_VAGA,0
2026-09-03T20:34:54,GASTROCLÍNICA,SEM_VAGA,0
2026-09-03T20:34:57,NUTRIÇÃO - DIETÉTICA,SEM_VAGA,0
2026-09-03T20:35:00,ORTOPEDIA,SEM_VAGA,0
2026-09-03T20:35:03,PROCTOLOGIA,SEM_VAGA,0
2026-09-03T20:40:11,CIRURGIA PLÁSTICA,SEM_VAGA,0
2026-09-03T20:40:15,CLÍNICA MÉDICA,SEM_VAGA,0
2026-09-03T20:40:18,CLÍNICA MÉDICA - HÍBRIDA,SEM_VAGA,0
2026-09-03T20:40:21,DERMATOLOGIA,SEM_VAGA,0
2026-09-03T20:40:24,GASTROCLÍNICA,SEM_VAGA,0
2026-09-03T20:40:27,NUTRIÇÃO - DIETÉTICA,SEM_VAGA,0
2026-09-03T20:40:30,ORTOPEDIA,SEM_VAGA,0
2026-09-03T20:40:33,PROCTOLOGIA,SEM_VAGA,0
2026-09-03T20:45:42,CIRURGIA PLÁSTICA,SEM_VAGA,0
2026-09-03T20:45:45,CLÍNICA MÉDICA,SEM_VAGA,0
2026-09-03T20:45:48,CLÍNICA MÉDICA - HÍBRIDA,SEM_VAGA,0
2026-09-03T20:45:51,DERMATOLOGIA,SEM_VAGA,0
2026-09-03T20:45:54,GASTROCLÍNICA,SEM_VAGA,0
2026-09-03T20:45:57,NUTRIÇÃO - DIETÉTICA,SEM_VAGA,0
2026-09-03T20:46:01,ORTOPEDIA,SEM_VAGA,0
2026-09-03T20:46:04,PROCTOLOGIA,SEM_VAGA,0
2026-09-03T20:51:13,CIRURGIA PLÁSTICA,SEM_VAGA,0
2026-09-03T20:51:15,CLÍNICA MÉDICA,SEM_VAGA,0
2026-09-03T20:51:19,CLÍNICA MÉDICA - HÍBRIDA,SEM_VAGA,0
2026-09-03T20:51:23,DERMATOLOGIA,SEM_VAGA,0
2026-09-03T20:51:28,GASTROCLÍNICA,SEM_VAGA,0
2026-09-03T20:51:32,NUTRIÇÃO - DIETÉTICA,SEM_VAGA,0
2026-09-03T20:51:37,ORTOPEDIA,SEM_VAGA,0
2026-09-03T20:51:42,PROCTOLOGIA,SEM_VAGA,0
2026-09-03T20:56:51,CIRURGIA PLÁSTICA,SEM_VAGA,0
2026-09-03T20:56:55,CLÍNICA MÉDICA,SEM_VAGA,0
2026-09-03T20:56:59,CLÍNICA MÉDICA - HÍBRIDA,SEM_VAGA,0
2026-09-03T20:57:03,DERMATOLOGIA,SEM_VAGA,0
2026-09-03T20:57:06,GASTROCLÍNICA,SEM_VAGA,0
2026-09-03T20:57:09,NUTRIÇÃO - DIETÉTICA,SEM_VAGA,0
2026-09-03T20:57:12,ORTOPEDIA,SEM_VAGA,0
2026-09-03T20:57:16,PROCTOLOGIA,SEM_VAGA,0
2026-09-03T21:02:24,CIRURGIA PLÁSTICA,SEM_VAGA,0
2026-09-03T21:02:27,CLÍNICA MÉDICA,SEM_VAGA,0
2026-09-03T21:02:30,CLÍNICA MÉDICA - HÍBRIDA,SEM_VAGA,0
2026-09-03T21:02:33,DERMATOLOGIA,SEM_VAGA,0
2026-09-03T21:02:37,GASTROCLÍNICA,SEM_VAGA,0
2026-09-03T21:02:40,NUTRIÇÃO - DIETÉTICA,SEM_VAGA,0
2026-09-03T21:02:43,ORTOPEDIA,SEM_VAGA,0
2026-09-03T21:02:46,PROCTOLOGIA,SEM_VAGA,0
2026-09-03T21:07:55,CIRURGIA PLÁSTICA,SEM_VAGA,0
2026-09-03T21:07:59,CLÍNICA MÉDICA,SEM_VAGA,0
2026-09-03T21:08:02,CLÍNICA MÉDICA - HÍBRIDA,SEM_VAGA,0
2026-09-03T21:08:05,DERMATOLOGIA,SEM_VAGA,0
2026-09-03T21:08:08,GASTROCLÍNICA,SEM_VAGA,0
2026-09-03T21:08:11,NUTRIÇÃO - DIETÉTICA,SEM_VAGA,0
2026-09-03T21:08:14,ORTOPEDIA,SEM_VAGA,0
2026-09-03T21:08:17,PROCTOLOGIA,SEM_VAGA,0
2026-09-03T21:13:26,CIRURGIA PLÁSTICA,SEM_VAGA,0
2026-09-03T21:13:29,CLÍNICA MÉDICA,SEM_VAGA,0
2026-09-03T21:13:32,CLÍNICA MÉDICA - HÍBRIDA,SEM_VAGA,0
2026-09-03T21:13:35,DERMATOLOGIA,SEM_VAGA,0
2026-09-03T21:13:38,GASTROCLÍNICA,SEM_VAGA,0
2026-09-03T21:13:42,NUTRIÇÃO - DIETÉTICA,SEM_VAGA,0
2026-09-03T21:13:45,ORTOPEDIA,SEM_VAGA,0
2026-09-03T21:13:48,PROCTOLOGIA,SEM_VAGA,0
2026-09-03T21:18:56,CIRURGIA PLÁSTICA,SEM_VAGA,0
2026-09-03T21:18:59,CLÍNICA MÉDICA,SEM_VAGA,0
2026-09-03T21:19:02,CLÍNICA MÉDICA - HÍBRIDA,SEM_VAGA,0
2026-09-03T21:19:06,DERMATOLOGIA,SEM_VAGA,0
2026-09-03T21:19:09,GASTROCLÍNICA,SEM_VAGA,0
2026-09-03T21:19:12,NUTRIÇÃO - DIETÉTICA,SEM_VAGA,0
2026-09-03T21:19:15,ORTOPEDIA,SEM_VAGA,0
2026-09-03T21:19:19,PROCTOLOGIA,SEM_VAGA,0
2026-09-03T21:24:28,CIRURGIA PLÁSTICA,SEM_VAGA,0
2026-09-03T21:24:32,CLÍNICA MÉDICA,SEM_VAGA,0
2026-09-03T21:24:35,CLÍNICA MÉDICA - HÍBRIDA,SEM_VAGA,0
2026-09-03T21:24:38,DERMATOLOGIA,SEM_VAGA,0
2026-09-03T21:24:41,GASTROCLÍNICA,SEM_VAGA,0
2026-09-03T21:24:44,NUTRIÇÃO - DIETÉTICA,SEM_VAGA,0
2026-09-03T21:24:48,ORTOPEDIA,SEM_VAGA,0
2026-09-03T21:24:55,PROCTOLOGIA,VAGA_ENCONTRADA,
2026-09-03T21:30:06,CIRURGIA PLÁSTICA,SEM_VAGA,0
2026-09-03T21:30:09,CLÍNICA MÉDICA,SEM_VAGA,0
2026-09-03T21:30:12,CLÍNICA MÉDICA - HÍBRIDA,SEM_VAGA,0
2026-09-03T21:30:15,DERMATOLOGIA,SEM_VAGA,0
2026-09-03T21:30:18,GASTROCLÍNICA,SEM_VAGA,0
2026-09-03T21:30:21,NUTRIÇÃO - DIETÉTICA,SEM_VAGA,0
2026-09-03T21:30:25,ORTOPEDIA,SEM_VAGA,0
2026-09-03T21:30:32,PROCTOLOGIA,VAGA_ENCONTRADA,
2026-09-03T21:35:43,CIRURGIA PLÁSTICA,SEM_VAGA,0
2026-09-03T21:35:46,CLÍNICA MÉDICA,SEM_VAGA,0
2026-09-03T21:35:48,CLÍNICA MÉDICA - HÍBRIDA,SEM_VAGA,0
2026-09-03T21:35:51,DERMATOLOGIA,SEM_VAGA,0
2026-09-03T21:35:55,GASTROCLÍNICA,SEM_VAGA,0
2026-09-03T21:35:58,NUTRIÇÃO - DIETÉTICA,SEM_VAGA,0
2026-09-03T21:36:01,ORTOPEDIA,SEM_VAGA,0
2026-09-03T21:36:08,PROCTOLOGIA,VAGA_ENCONTRADA,
2026-09-03T21:41:20,CIRURGIA PLÁSTICA,SEM_VAGA,0
2026-09-03T21:41:24,CLÍNICA MÉDICA,SEM_VAGA,0
2026-09-03T21:41:27,CLÍNICA MÉDICA - HÍBRIDA,SEM_VAGA,0
2026-09-03T21:41:31,DERMATOLOGIA,SEM_VAGA,0
2026-09-03T21:41:35,GASTROCLÍNICA,SEM_VAGA,0
2026-09-03T21:41:38,NUTRIÇÃO - DIETÉTICA,SEM_VAGA,0
2026-09-03T21:41:41,ORTOPEDIA,SEM_VAGA,0
2026-09-03T21:41:48,PROCTOLOGIA,VAGA_ENCONTRADA,
2026-09-03T21:47:10,CIRURGIA PLÁSTICA,SEM_VAGA,0
2026-09-03T21:47:13,CLÍNICA MÉDICA,SEM_VAGA,0
2026-09-03T21:47:16,CLÍNICA MÉDICA - HÍBRIDA,SEM_VAGA,0
2026-09-03T21:47:19,DERMATOLOGIA,SEM_VAGA,0
2026-09-03T21:47:23,GASTROCLÍNICA,SEM_VAGA,0
2026-09-03T21:47:26,NUTRIÇÃO - DIETÉTICA,SEM_VAGA,0
2026-09-03T21:47:29,ORTOPEDIA,SEM_VAGA,0
2026-09-03T21:47:36,PROCTOLOGIA,VAGA_ENCONTRADA,
2026-09-03T21:52:57,CIRURGIA PLÁSTICA,SEM_VAGA,0
2026-09-03T21:53:00,CLÍNICA MÉDICA,SEM_VAGA,0
2026-09-03T21:53:03,CLÍNICA MÉDICA - HÍBRIDA,SEM_VAGA,0
2026-09-03T21:53:07,DERMATOLOGIA,SEM_VAGA,0
2026-09-03T21:53:10,GASTROCLÍNICA,SEM_VAGA,0
2026-09-03T21:53:13,NUTRIÇÃO - DIETÉTICA,SEM_VAGA,0
2026-09-03T21:53:16,ORTOPEDIA,SEM_VAGA,0
2026-09-03T21:53:23,PROCTOLOGIA,VAGA_ENCONTRADA,
2026-09-03T21:58:44,CIRURGIA PLÁSTICA,SEM_VAGA,0
2026-09-03T21:58:47,CLÍNICA MÉDICA,SEM_VAGA,0
2026-09-03T21:58:50,CLÍNICA MÉDICA - HÍBRIDA,SEM_VAGA,0
2026-09-03T21:58:53,DERMATOLOGIA,SEM_VAGA,0
2026-09-03T21:58:57,GASTROCLÍNICA,SEM_VAGA,0
2026-09-03T21:59:00,NUTRIÇÃO - DIETÉTICA,SEM_VAGA,0
2026-09-03T21:59:03,ORTOPEDIA,SEM_VAGA,0
2026-09-03T21:59:10,PROCTOLOGIA,VAGA_ENCONTRADA,
2026-09-03T22:04:31,CIRURGIA PLÁSTICA,SEM_VAGA,0
2026-09-03T22:04:34,CLÍNICA MÉDICA,SEM_VAGA,0
2026-09-03T22:04:37,CLÍNICA MÉDICA - HÍBRIDA,SEM_VAGA,0
2026-09-03T22:04:40,DERMATOLOGIA,SEM_VAGA,0
2026-09-03T22:04:44,GASTROCLÍNICA,SEM_VAGA,0
2026-09-03T22:04:47,NUTRIÇÃO - DIETÉTICA,SEM_VAGA,0
2026-09-03T22:04:50,ORTOPEDIA,SEM_VAGA,0
2026-09-03T22:04:57,PROCTOLOGIA,VAGA_ENCONTRADA,
2026-09-03T22:10:19,CIRURGIA PLÁSTICA,SEM_VAGA,0
2026-09-03T22:10:23,CLÍNICA MÉDICA,SEM_VAGA,0
2026-09-03T22:10:28,CLÍNICA MÉDICA - HÍBRIDA,SEM_VAGA,0
2026-09-03T22:10:31,DERMATOLOGIA,SEM_VAGA,0
2026-09-03T22:10:34,GASTROCLÍNICA,SEM_VAGA,0
2026-09-03T22:10:37,NUTRIÇÃO - DIETÉTICA,SEM_VAGA,0
2026-09-03T22:10:40,ORTOPEDIA,SEM_VAGA,0
2026-09-03T22:10:44,PROCTOLOGIA,SEM_VAGA,0
2026-09-03T22:15:52,CIRURGIA PLÁSTICA,SEM_VAGA,0
2026-09-03T22:15:55,CLÍNICA MÉDICA,SEM_VAGA,0
2026-09-03T22:15:58,CLÍNICA MÉDICA - HÍBRIDA,SEM_VAGA,0
2026-09-03T22:16:01,DERMATOLOGIA,SEM_VAGA,0
2026-09-03T22:16:04,GASTROCLÍNICA,SEM_VAGA,0
2026-09-03T22:16:07,NUTRIÇÃO - DIETÉTICA,SEM_VAGA,0
2026-09-03T22:16:10,ORTOPEDIA,SEM_VAGA,0
2026-09-03T22:16:14,PROCTOLOGIA,SEM_VAGA,0
2026-09-03T22:21:23,CIRURGIA PLÁSTICA,SEM_VAGA,0
2026-09-03T22:21:26,CLÍNICA MÉDICA,SEM_VAGA,0
2026-09-03T22:21:31,CLÍNICA MÉDICA - HÍBRIDA,SEM_VAGA,0
2026-09-03T22:21:35,DERMATOLOGIA,SEM_VAGA,0
2026-09-03T22:21:38,GASTROCLÍNICA,SEM_VAGA,0
2026-09-03T22:21:42,NUTRIÇÃO - DIETÉTICA,SEM_VAGA,0
2026-09-03T22:21:45,ORTOPEDIA,SEM_VAGA,0
2026-09-03T22:21:48,PROCTOLOGIA,SEM_VAGA,0
2026-09-03T22:26:56,CIRURGIA PLÁSTICA,SEM_VAGA,0
2026-09-03T22:27:00,CLÍNICA MÉDICA,SEM_VAGA,0
2026-09-03T22:27:02,CLÍNICA MÉDICA - HÍBRIDA,SEM_VAGA,0
2026-09-03T22:27:06,DERMATOLOGIA,SEM_VAGA,0
2026-09-03T22:27:09,GASTROCLÍNICA,SEM_VAGA,0
2026-09-03T22:27:12,NUTRIÇÃO - DIETÉTICA,SEM_VAGA,0
2026-09-03T22:27:15,ORTOPEDIA,SEM_VAGA,0
2026-09-03T22:27:18,PROCTOLOGIA,SEM_VAGA,0
2026-09-03T22:32:27,CIRURGIA PLÁSTICA,SEM_VAGA,0
2026-09-03T22:32:30,CLÍNICA MÉDICA,SEM_VAGA,0
2026-09-03T22:32:33,CLÍNICA MÉDICA - HÍBRIDA,SEM_VAGA,0
2026-09-03T22:32:36,DERMATOLOGIA,SEM_VAGA,0
2026-09-03T22:32:39,GASTROCLÍNICA,SEM_VAGA,0
2026-09-03T22:32:43,NUTRIÇÃO - DIETÉTICA,SEM_VAGA,0
2026-09-03T22:32:46,ORTOPEDIA,SEM_VAGA,0
2026-09-03T22:32:49,PROCTOLOGIA,SEM_VAGA,0
2026-09-03T22:37:58,CIRURGIA PLÁSTICA,SEM_VAGA,0
2026-09-03T22:38:01,CLÍNICA MÉDICA,SEM_VAGA,0
2026-09-03T22:38:04,CLÍNICA MÉDICA - HÍBRIDA,SEM_VAGA,0
2026-09-03T22:40:09,CIRURGIA PLÁSTICA,SEM_VAGA,0
2026-09-03T22:40:12,DERMATOLOGIA,SEM_VAGA,0
2026-09-03T22:40:15,GASTROCLÍNICA,SEM_VAGA,0
2026-09-03T22:40:18,NUTRIÇÃO - DIETÉTICA,SEM_VAGA,0
2026-09-03T22:40:21,ODONTOLOGIA - DENTÍSTICA,SEM_VAGA,0
2026-09-03T22:40:24,ORTOPEDIA,SEM_VAGA,0
2026-09-03T22:40:28,PROCTOLOGIA,SEM_VAGA,0
2026-09-03T22:45:35,CIRURGIA PLÁSTICA,SEM_VAGA,0
2026-09-03T23:00:15,CIRURGIA PLÁSTICA,SEM_VAGA,0
2026-09-03T23:00:18,DERMATOLOGIA,SEM_VAGA,0
2026-09-03T23:00:21,GASTROCLÍNICA,SEM_VAGA,0
2026-09-03T23:00:25,NUTRIÇÃO - DIETÉTICA,SEM_VAGA,0
2026-09-03T23:00:28,ODONTOLOGIA - DENTÍSTICA,SEM_VAGA,0
2026-09-03T23:00:31,ORTOPEDIA,SEM_VAGA,0
2026-09-03T23:00:34,PROCTOLOGIA,SEM_VAGA,0
2026-09-03T23:05:43,CIRURGIA PLÁSTICA,SEM_VAGA,0
2026-09-03T23:05:46,DERMATOLOGIA,SEM_VAGA,0
2026-09-03T23:05:49,GASTROCLÍNICA,SEM_VAGA,0
2026-09-03T23:05:53,NUTRIÇÃO - DIETÉTICA,SEM_VAGA,0
2026-09-03T23:05:56,ODONTOLOGIA - DENTÍSTICA,SEM_VAGA,0
2026-09-03T23:05:59,ORTOPEDIA,SEM_VAGA,0
2026-09-03T23:06:03,PROCTOLOGIA,SEM_VAGA,0
2026-09-03T23:11:12,CIRURGIA PLÁSTICA,SEM_VAGA,0
2026-09-03T23:11:15,DERMATOLOGIA,SEM_VAGA,0
2026-09-03T23:11:18,GASTROCLÍNICA,SEM_VAGA,0
2026-09-03T23:11:21,NUTRIÇÃO - DIETÉTICA,SEM_VAGA,0
2026-09-03T23:11:24,ODONTOLOGIA - DENTÍSTICA,SEM_VAGA,0
2026-09-03T23:11:28,ORTOPEDIA,SEM_VAGA,0
2026-09-03T23:11:31,PROCTOLOGIA,SEM_VAGA,0
2026-09-03T23:16:40,CIRURGIA PLÁSTICA,SEM_VAGA,0
2026-09-03T23:16:44,DERMATOLOGIA,SEM_VAGA,0
2026-09-03T23:16:47,GASTROCLÍNICA,SEM_VAGA,0
2026-09-03T23:16:50,NUTRIÇÃO - DIETÉTICA,SEM_VAGA,0
2026-09-03T23:16:55,ODONTOLOGIA - DENTÍSTICA,SEM_VAGA,0
2026-09-03T23:16:58,ORTOPEDIA,SEM_VAGA,0
2026-09-03T23:17:02,PROCTOLOGIA,SEM_VAGA,0
2026-09-03T23:22:10,CIRURGIA PLÁSTICA,SEM_VAGA,0
2026-09-03T23:22:14,DERMATOLOGIA,SEM_VAGA,0
2026-09-03T23:22:17,GASTROCLÍNICA,SEM_VAGA,0
2026-09-03T23:22:20,NUTRIÇÃO - DIETÉTICA,SEM_VAGA,0
2026-09-03T23:22:23,ODONTOLOGIA - DENTÍSTICA,SEM_VAGA,0
2026-09-03T23:22:26,ORTOPEDIA,SEM_VAGA,0
2026-09-03T23:22:30,PROCTOLOGIA,SEM_VAGA,0
2026-09-03T23:27:38,CIRURGIA PLÁSTICA,SEM_VAGA,0
2026-09-03T23:27:41,DERMATOLOGIA,SEM_VAGA,0
2026-09-03T23:27:45,GASTROCLÍNICA,SEM_VAGA,0
2026-09-03T23:27:48,NUTRIÇÃO - DIETÉTICA,SEM_VAGA,0
2026-09-03T23:27:51,ODONTOLOGIA - DENTÍSTICA,SEM_VAGA,0
2026-09-03T23:27:54,ORTOPEDIA,SEM_VAGA,0
2026-09-03T23:27:58,PROCTOLOGIA,SEM_VAGA,0
2026-09-03T23:33:06,CIRURGIA PLÁSTICA,SEM_VAGA,0
2026-09-03T23:33:09,DERMATOLOGIA,SEM_VAGA,0
2026-09-03T23:33:12,GASTROCLÍNICA,SEM_VAGA,0
2026-09-03T23:33:15,NUTRIÇÃO - DIETÉTICA,SEM_VAGA,0
2026-09-03T23:33:19,ODONTOLOGIA - DENTÍSTICA,SEM_VAGA,0
2026-09-03T23:33:22,ORTOPEDIA,SEM_VAGA,0
2026-09-03T23:33:25,PROCTOLOGIA,SEM_VAGA,0
2026-09-06T23:45:22,CIRURGIA PLÁSTICA,SEM_VAGA,0
2026-09-06T23:45:25,DERMATOLOGIA,SEM_VAGA,0
2026-09-06T23:45:29,GASTROCLÍNICA,SEM_VAGA,0
2026-09-06T23:45:32,NUTRIÇÃO - DIETÉTICA,SEM_VAGA,0
2026-09-06T23:45:36,ODONTOLOGIA - DENTÍSTICA,SEM_VAGA,0
2026-09-06T23:45:39,ORTOPEDIA,SEM_VAGA,0
2026-09-06T23:45:43,PROCTOLOGIA,SEM_VAGA,0
2026-09-07T00:07:58,ACUPUNTURA,SEM_VAGA,0
2026-09-07T00:08:02,ALERGIA E IMUNOLOGIA - TELECONSULTA,SEM_VAGA,0
2026-09-07T00:08:05,CARDIOLOGIA - HÍBRIDA,SEM_VAGA,0
2026-09-07T00:08:12,CIRURGIA CABEÇA E PESCOÇO,VAGA_ENCONTRADA,
2026-09-07T00:08:32,CIRURGIA DA MÃO,VAGA_ENCONTRADA,
2026-09-07T00:08:49,CIRURGIA PLÁSTICA,SEM_VAGA,0
2026-09-07T00:08:53,CIRURGIA VASCULAR,SEM_VAGA,0
2026-09-07T00:08:57,CLÍNICA MÉDICA,SEM_VAGA,0
2026-09-07T00:09:00,CLÍNICA MÉDICA - HÍBRIDA,SEM_VAGA,0
2026-09-07T00:09:03,DERMATOLOGIA,SEM_VAGA,0
2026-09-07T00:09:07,DERMATOLOGIA - TRIAGEM,SEM_VAGA,0
2026-09-07T00:09:11,DERMATOLOGIA - TRICOLOGIA,SEM_VAGA,0
2026-09-07T00:09:14,ENDOCRINOLOGIA - HÍBRIDA,SEM_VAGA,0
2026-09-07T00:09:17,FISIOTERAPIA COLUNA CERVICAL,SEM_VAGA,0
2026-09-07T00:09:21,FISIOTERAPIA COLUNA LOMBAR,SEM_VAGA,0
2026-09-07T00:09:25,FISIOTERAPIA MEMBROS INFERIORES,SEM_VAGA,0
2026-09-07T00:09:28,FISIOTERAPIA MEMBROS INFERIORES,SEM_VAGA,0
2026-09-07T00:15:10,ACUPUNTURA,SEM_VAGA,0
2026-09-07T00:15:13,ALERGIA E IMUNOLOGIA - TELECONSULTA,SEM_VAGA,0
2026-09-07T00:15:17,CARDIOLOGIA - HÍBRIDA,SEM_VAGA,0
2026-09-07T00:15:24,CIRURGIA CABEÇA E PESCOÇO,VAGA_ENCONTRADA,
2026-09-07T00:15:44,CIRURGIA DA MÃO,VAGA_ENCONTRADA,
2026-09-07T00:16:00,CIRURGIA PLÁSTICA,SEM_VAGA,0
2026-09-07T00:16:04,CIRURGIA VASCULAR,SEM_VAGA,0
2026-09-07T00:16:08,CLÍNICA MÉDICA,SEM_VAGA,0
2026-09-07T00:16:11,CLÍNICA MÉDICA - HÍBRIDA,SEM_VAGA,0
2026-09-07T00:16:15,DERMATOLOGIA,SEM_VAGA,0
2026-09-07T00:16:18,DERMATOLOGIA - TRIAGEM,SEM_VAGA,0
2026-09-07T00:16:22,DERMATOLOGIA - TRICOLOGIA,SEM_VAGA,0
2026-09-07T00:16:25,ENDOCRINOLOGIA - HÍBRIDA,SEM_VAGA,0
2026-09-07T00:16:29,FISIOTERAPIA COLUNA CERVICAL,SEM_VAGA,0
2026-09-07T00:16:32,FISIOTERAPIA COLUNA LOMBAR,SEM_VAGA,0
2026-09-07T00:16:36,FISIOTERAPIA MEMBROS INFERIORES,SEM_VAGA,0
2026-09-07T00:16:39,FISIOTERAPIA MEMBROS INFERIORES,SEM_VAGA,0
2026-09-07T00:16:43,GASTROCIRURGIA,SEM_VAGA,0
2026-09-07T00:16:47,GASTROCLÍNICA,SEM_VAGA,0
2026-09-07T00:16:50,GASTROENTEROLOGIA - HÍBRIDA,SEM_VAGA,0
2026-09-07T00:16:54,GINECOLOGIA-OBSTETRÍCIA,SEM_VAGA,0
2026-09-07T00:17:02,GINECOLOGIA-OBSTETRÍCIA - PRE NATAL (GESTANTE),VAGA_ENCONTRADA,
2026-09-07T00:17:25,INFECTOLOGIA,VAGA_ENCONTRADA,
2026-09-07T00:17:44,NEFROLOGIA,VAGA_ENCONTRADA,
2026-09-07T00:18:00,NEUROLOGIA,SEM_VAGA,0
2026-09-07T00:18:04,NUTRIÇÃO - DIETÉTICA,SEM_VAGA,0
2026-09-07T00:18:07,ODONTOLOGIA - ACUPUNTURA,SEM_VAGA,0
2026-09-07T00:18:11,ODONTOLOGIA - ATM,SEM_VAGA,0
2026-09-07T00:18:15,ODONTOLOGIA - DENTÍSTICA,SEM_VAGA,0
2026-09-07T00:18:18,ODONTOLOGIA - ENDODONTIA,SEM_VAGA,0
2026-09-07T00:18:22,ODONTOLOGIA - PERIODONTIA,SEM_VAGA,0
2026-09-07T00:18:26,OFTALMOLOGIA,SEM_VAGA,0
2026-09-07T00:18:29,OFTALMOLOGIA - FUNDO DE OLHO,SEM_VAGA,0
2026-09-07T00:18:33,OFTALMOLOGIA - GLAUCOMA,SEM_VAGA,0
2026-09-07T00:18:37,ORTOPEDIA,SEM_VAGA,0
2026-09-07T00:18:40,OTORRINOLARINGOLOGIA,SEM_VAGA,0
2026-09-07T00:18:47,PNEUMOLOGIA,VAGA_ENCONTRADA,
2026-09-07T00:19:04,PROCTOLOGIA,SEM_VAGA,0
2026-09-07T00:19:08,PSIQUIATRIA - HÍBRIDA,SEM_VAGA,0
2026-09-07T00:19:11,REUMATOLOGIA,SEM_VAGA,0
2026-09-07T00:19:15,UROLOGIA,SEM_VAGA,0
2026-09-07T00:19:29,CIRURGIA PLÁSTICA,SEM_VAGA,0
2026-09-07T00:19:33,DERMATOLOGIA,SEM_VAGA,0
2026-09-07T00:19:36,GASTROCLÍNICA,SEM_VAGA,0
2026-09-07T00:19:40,NUTRIÇÃO - DIETÉTICA,SEM_VAGA,0
2026-09-07T00:19:43,ODONTOLOGIA - DENTÍSTICA,SEM_VAGA,0
2026-09-07T00:19:47,ORTOPEDIA,SEM_VAGA,0
2026-09-07T00:19:50,PROCTOLOGIA,SEM_VAGA,0
2026-09-07T00:23:45,CIRURGIA PLÁSTICA,SEM_VAGA,0
2026-09-07T00:23:49,DERMATOLOGIA,SEM_VAGA,0
2026-09-07T00:23:53,GASTROCLÍNICA,SEM_VAGA,0
2026-09-07T00:23:57,NUTRIÇÃO - DIETÉTICA,SEM_VAGA,0
2026-09-07T00:24:01,ODONTOLOGIA - DENTÍSTICA,SEM_VAGA,0
2026-09-07T00:24:05,ORTOPEDIA,SEM_VAGA,0
2026-09-07T00:24:09,PROCTOLOGIA,SEM_VAGA,0
2026-09-07T00:24:39,ACUPUNTURA,SEM_VAGA,0
2026-09-07T00:24:43,ALERGIA E IMUNOLOGIA - TELECONSULTA,SEM_VAGA,0
2026-09-07T00:24:46,CARDIOLOGIA - HÍBRIDA,SEM_VAGA,0
2026-09-07T00:24:54,CIRURGIA CABEÇA E PESCOÇO,VAGA_ENCONTRADA,
2026-09-07T00:25:14,CIRURGIA DA MÃO,VAGA_ENCONTRADA,
2026-09-07T00:28:18,CIRURGIA PLÁSTICA,SEM_VAGA,0
2026-09-07T00:28:22,DERMATOLOGIA,SEM_VAGA,0
2026-09-07T00:28:25,GASTROCLÍNICA,SEM_VAGA,0
2026-09-07T00:28:28,NUTRIÇÃO - DIETÉTICA,SEM_VAGA,0
2026-09-07T00:28:32,ODONTOLOGIA - DENTÍSTICA,SEM_VAGA,0
2026-09-07T00:28:35,PROCTOLOGIA,SEM_VAGA,0
2026-09-07T00:31:14,CIRURGIA PLÁSTICA,SEM_VAGA,0
2026-09-07T00:31:17,DERMATOLOGIA,SEM_VAGA,0
2026-09-07T00:31:21,GASTROCLÍNICA,SEM_VAGA,0
2026-09-07T00:31:24,NUTRIÇÃO - DIETÉTICA,SEM_VAGA,0
2026-09-07T00:31:28,ODONTOLOGIA - DENTÍSTICA,SEM_VAGA,0
2026-09-07T00:31:31,PROCTOLOGIA,SEM_VAGA,0
2026-09-07T00:36:40,CIRURGIA PLÁSTICA,SEM_VAGA,0
2026-09-07T00:36:43,DERMATOLOGIA,SEM_VAGA,0
2026-09-07T00:36:46,GASTROCLÍNICA,SEM_VAGA,0
2026-09-07T00:36:50,NUTRIÇÃO - DIETÉTICA,SEM_VAGA,0
2026-09-07T00:36:53,ODONTOLOGIA - DENTÍSTICA,SEM_VAGA,0
2026-09-07T00:36:57,PROCTOLOGIA,SEM_VAGA,0
2026-09-07T00:42:05,CIRURGIA PLÁSTICA,SEM_VAGA,0
2026-09-07T00:42:09,DERMATOLOGIA,SEM_VAGA,0
2026-09-07T00:42:12,GASTROCLÍNICA,SEM_VAGA,0
2026-09-07T00:42:15,NUTRIÇÃO - DIETÉTICA,SEM_VAGA,0
2026-09-07T00:42:19,ODONTOLOGIA - DENTÍSTICA,SEM_VAGA,0
2026-09-07T00:42:22,PROCTOLOGIA,SEM_VAGA,0
2026-09-07T00:47:31,CIRURGIA PLÁSTICA,SEM_VAGA,0
2026-09-07T00:47:34,DERMATOLOGIA,SEM_VAGA,0
2026-09-07T00:47:37,GASTROCLÍNICA,SEM_VAGA,0
2026-09-07T00:47:41,NUTRIÇÃO - DIETÉTICA,SEM_VAGA,0
2026-09-07T00:47:44,ODONTOLOGIA - DENTÍSTICA,SEM_VAGA,0
2026-09-07T00:47:48,PROCTOLOGIA,SEM_VAGA,0
2026-09-07T00:52:42,CIRURGIA PLÁSTICA,SEM_VAGA,0
2026-09-07T00:52:45,DERMATOLOGIA,SEM_VAGA,0
2026-09-07T00:52:48,GASTROCLÍNICA,SEM_VAGA,0
2026-09-07T00:52:52,NUTRIÇÃO - DIETÉTICA,SEM_VAGA,0
2026-09-07T00:52:55,ODONTOLOGIA - DENTÍSTICA,SEM_VAGA,0
2026-09-07T00:52:59,PROCTOLOGIA,SEM_VAGA,0
2026-09-07T00:53:13,CIRURGIA PLÁSTICA,SEM_VAGA,0
2026-09-07T00:53:17,DERMATOLOGIA,SEM_VAGA,0
2026-09-07T00:53:20,GASTROCLÍNICA,SEM_VAGA,0
2026-09-07T00:53:23,NUTRIÇÃO - DIETÉTICA,SEM_VAGA,0
2026-09-07T00:53:27,ODONTOLOGIA - DENTÍSTICA,SEM_VAGA,0
2026-09-07T00:53:30,PROCTOLOGIA,SEM_VAGA,0
2026-09-07T00:58:39,CIRURGIA PLÁSTICA,SEM_VAGA,0
2026-09-07T00:58:42,DERMATOLOGIA,SEM_VAGA,0
2026-09-07T00:58:46,GASTROCLÍNICA,SEM_VAGA,0
2026-09-07T00:58:49,NUTRIÇÃO - DIETÉTICA,SEM_VAGA,0
2026-09-07T00:58:52,ODONTOLOGIA - DENTÍSTICA,SEM_VAGA,0
2026-09-07T00:58:56,PROCTOLOGIA,SEM_VAGA,0
2026-09-07T00:59:08,CIRURGIA PLÁSTICA,SEM_VAGA,0
2026-09-07T00:59:11,DERMATOLOGIA,SEM_VAGA,0
2026-09-07T00:59:15,GASTROCLÍNICA,SEM_VAGA,0
2026-09-07T00:59:18,NUTRIÇÃO - DIETÉTICA,SEM_VAGA,0
2026-09-07T00:59:21,ODONTOLOGIA - DENTÍSTICA,SEM_VAGA,0
2026-09-07T00:59:25,PROCTOLOGIA,SEM_VAGA,0
2026-09-07T01:04:33,CIRURGIA PLÁSTICA,SEM_VAGA,0
2026-09-07T01:04:36,DERMATOLOGIA,SEM_VAGA,0
2026-09-07T01:04:40,GASTROCLÍNICA,SEM_VAGA,0
2026-09-07T01:04:43,NUTRIÇÃO - DIETÉTICA,SEM_VAGA,0
2026-09-07T01:04:47,ODONTOLOGIA - DENTÍSTICA,SEM_VAGA,0
2026-09-07T01:04:50,PROCTOLOGIA,SEM_VAGA,0
2026-09-07T01:09:58,CIRURGIA PLÁSTICA,SEM_VAGA,0
2026-09-07T01:10:02,DERMATOLOGIA,SEM_VAGA,0
2026-09-07T01:10:05,GASTROCLÍNICA,SEM_VAGA,0
2026-09-07T01:10:08,NUTRIÇÃO - DIETÉTICA,SEM_VAGA,0
2026-09-07T01:10:12,ODONTOLOGIA - DENTÍSTICA,SEM_VAGA,0
2026-09-07T01:10:15,PROCTOLOGIA,SEM_VAGA,0
2026-09-07T01:15:22,CIRURGIA PLÁSTICA,SEM_VAGA,0
2026-09-07T01:15:26,DERMATOLOGIA,SEM_VAGA,0
2026-09-07T01:15:30,GASTROCLÍNICA,SEM_VAGA,0
2026-09-07T01:15:33,NUTRIÇÃO - DIETÉTICA,SEM_VAGA,0
2026-09-07T01:15:37,ODONTOLOGIA - DENTÍSTICA,SEM_VAGA,0
2026-09-07T01:15:40,PROCTOLOGIA,SEM_VAGA,0
2026-09-07T01:20:48,CIRURGIA PLÁSTICA,SEM_VAGA,0
2026-09-07T01:20:52,DERMATOLOGIA,SEM_VAGA,0
2026-09-07T01:20:55,GASTROCLÍNICA,SEM_VAGA,0
2026-09-07T01:20:59,NUTRIÇÃO - DIETÉTICA,SEM_VAGA,0
2026-09-07T01:21:02,ODONTOLOGIA - DENTÍSTICA,SEM_VAGA,0
2026-09-07T01:21:05,PROCTOLOGIA,SEM_VAGA,0
2026-09-07T01:28:03,CIRURGIA PLÁSTICA,SEM_VAGA,0
2026-09-07T01:28:06,DERMATOLOGIA,SEM_VAGA,0
2026-09-07T01:28:10,GASTROCLÍNICA,SEM_VAGA,0
2026-09-07T01:28:13,NUTRIÇÃO - DIETÉTICA,SEM_VAGA,0
2026-09-07T01:28:17,ODONTOLOGIA - DENTÍSTICA,SEM_VAGA,0
2026-09-07T01:28:20,PROCTOLOGIA,SEM_VAGA,0
2026-09-07T01:28:40,CIRURGIA PLÁSTICA,SEM_VAGA,0
2026-09-07T01:28:43,DERMATOLOGIA,SEM_VAGA,0
2026-09-07T01:28:46,GASTROCLÍNICA,SEM_VAGA,0
2026-09-07T01:28:50,NUTRIÇÃO - DIETÉTICA,SEM_VAGA,0
2026-09-07T01:28:53,ODONTOLOGIA - DENTÍSTICA,SEM_VAGA,0
2026-09-07T01:28:56,PROCTOLOGIA,SEM_VAGA,0
2026-09-07T01:31:28,CIRURGIA PLÁSTICA,SEM_VAGA,0
2026-09-07T01:31:31,DERMATOLOGIA,SEM_VAGA,0
2026-09-07T01:31:34,GASTROCLÍNICA,SEM_VAGA,0
2026-09-07T01:31:38,NUTRIÇÃO - DIETÉTICA,SEM_VAGA,0
2026-09-07T01:31:41,ODONTOLOGIA - DENTÍSTICA,SEM_VAGA,0
2026-09-07T01:31:45,PROCTOLOGIA,SEM_VAGA,0
2026-09-07T01:32:05,CIRURGIA PLÁSTICA,SEM_VAGA,0
2026-09-07T01:32:09,DERMATOLOGIA,SEM_VAGA,0
2026-09-07T01:32:12,GASTROCLÍNICA,SEM_VAGA,0
2026-09-07T01:32:15,NUTRIÇÃO - DIETÉTICA,SEM_VAGA,0
2026-09-07T01:32:19,ODONTOLOGIA - DENTÍSTICA,SEM_VAGA,0
2026-09-07T01:32:22,PROCTOLOGIA,SEM_VAGA,0
2026-09-07T01:37:31,CIRURGIA PLÁSTICA,SEM_VAGA,0
2026-09-07T01:37:35,DERMATOLOGIA,SEM_VAGA,0
2026-09-07T01:37:38,GASTROCLÍNICA,SEM_VAGA,0
2026-09-07T01:37:41,NUTRIÇÃO - DIETÉTICA,SEM_VAGA,0
2026-09-07T01:37:45,ODONTOLOGIA - DENTÍSTICA,SEM_VAGA,0
2026-09-07T01:37:48,PROCTOLOGIA,SEM_VAGA,0
2026-09-08T10:38:49,CIRURGIA PLÁSTICA,SEM_VAGA,0
2026-09-08T10:38:52,DERMATOLOGIA,SEM_VAGA,0
2026-09-08T10:38:56,GASTROCLÍNICA,SEM_VAGA,0
2026-09-08T10:38:59,NUTRIÇÃO - DIETÉTICA,SEM_VAGA,0
2026-09-08T10:39:03,ODONTOLOGIA - DENTÍSTICA,SEM_VAGA,0
2026-09-08T10:39:06,PROCTOLOGIA,SEM_VAGA,0
2026-09-08T10:44:14,CIRURGIA PLÁSTICA,SEM_VAGA,0
2026-09-08T10:44:18,DERMATOLOGIA,SEM_VAGA,0
2026-09-08T10:44:21,GASTROCLÍNICA,SEM_VAGA,0
2026-09-08T10:44:24,NUTRIÇÃO - DIETÉTICA,SEM_VAGA,0
2026-09-08T10:44:27,ODONTOLOGIA - DENTÍSTICA,SEM_VAGA,0
2026-09-08T10:44:31,PROCTOLOGIA,SEM_VAGA,0
2026-09-08T10:49:39,CIRURGIA PLÁSTICA,SEM_VAGA,0
2026-09-08T10:49:42,DERMATOLOGIA,SEM_VAGA,0
2026-09-08T10:49:46,GASTROCLÍNICA,SEM_VAGA,0
2026-09-08T10:49:50,NUTRIÇÃO - DIETÉTICA,SEM_VAGA,0
2026-09-08T10:49:53,ODONTOLOGIA - DENTÍSTICA,SEM_VAGA,0
2026-09-08T10:49:56,PROCTOLOGIA,SEM_VAGA,0
2026-09-08T10:55:04,CIRURGIA PLÁSTICA,SEM_VAGA,0
2026-09-08T10:55:08,DERMATOLOGIA,SEM_VAGA,0
2026-09-08T10:55:11,GASTROCLÍNICA,SEM_VAGA,0
2026-09-08T10:55:15,NUTRIÇÃO - DIETÉTICA,SEM_VAGA,0
2026-09-08T10:55:18,ODONTOLOGIA - DENTÍSTICA,SEM_VAGA,0
2026-09-08T10:55:23,PROCTOLOGIA,SEM_VAGA,0
2026-09-08T11:00:31,CIRURGIA PLÁSTICA,SEM_VAGA,0
2026-09-08T11:00:34,DERMATOLOGIA,SEM_VAGA,0
2026-09-08T11:00:37,GASTROCLÍNICA,SEM_VAGA,0
2026-09-08T11:00:41,NUTRIÇÃO - DIETÉTICA,SEM_VAGA,0
2026-09-08T11:00:45,ODONTOLOGIA - DENTÍSTICA,SEM_VAGA,0
2026-09-08T11:00:48,PROCTOLOGIA,SEM_VAGA,0
2026-09-08T11:05:57,CIRURGIA PLÁSTICA,SEM_VAGA,0
2026-09-08T11:06:00,DERMATOLOGIA,SEM_VAGA,0
2026-09-08T11:06:03,GASTROCLÍNICA,SEM_VAGA,0
2026-09-08T11:06:06,NUTRIÇÃO - DIETÉTICA,SEM_VAGA,0
2026-09-08T11:06:10,ODONTOLOGIA - DENTÍSTICA,SEM_VAGA,0
2026-09-08T11:06:13,PROCTOLOGIA,SEM_VAGA,0
2026-09-08T11:11:21,CIRURGIA PLÁSTICA,SEM_VAGA,0
2026-09-08T11:11:25,DERMATOLOGIA,SEM_VAGA,0
2026-09-08T11:11:28,GASTROCLÍNICA,SEM_VAGA,0
2026-09-08T11:11:31,NUTRIÇÃO - DIETÉTICA,SEM_VAGA,0
2026-09-08T11:11:35,ODONTOLOGIA - DENTÍSTICA,SEM_VAGA,0
2026-09-08T11:11:38,PROCTOLOGIA,SEM_VAGA,0
2026-09-08T11:16:46,CIRURGIA PLÁSTICA,SEM_VAGA,0
2026-09-08T11:16:50,DERMATOLOGIA,SEM_VAGA,0
2026-09-08T11:16:53,GASTROCLÍNICA,SEM_VAGA,0
2026-09-08T11:16:56,NUTRIÇÃO - DIETÉTICA,SEM_VAGA,0
2026-09-08T11:17:00,ODONTOLOGIA - DENTÍSTICA,SEM_VAGA,0
2026-09-08T11:17:03,PROCTOLOGIA,SEM_VAGA,0
2026-09-08T11:22:12,CIRURGIA PLÁSTICA,SEM_VAGA,0
2026-09-08T11:22:15,DERMATOLOGIA,SEM_VAGA,0
2026-09-08T11:22:18,GASTROCLÍNICA,SEM_VAGA,0
2026-09-08T11:22:22,NUTRIÇÃO - DIETÉTICA,SEM_VAGA,0
2026-09-08T11:22:26,ODONTOLOGIA - DENTÍSTICA,SEM_VAGA,0
2026-09-08T11:22:29,PROCTOLOGIA,SEM_VAGA,0
2026-09-08T11:27:39,CIRURGIA PLÁSTICA,SEM_VAGA,0
2026-09-08T11:39:56,CIRURGIA PLÁSTICA,SEM_VAGA,0
2026-09-08T11:40:01,DERMATOLOGIA,SEM_VAGA,0
2026-09-08T11:40:07,GASTROCLÍNICA,SEM_VAGA,0
2026-09-08T11:40:12,NUTRIÇÃO - DIETÉTICA,SEM_VAGA,0
2026-09-08T11:40:16,ODONTOLOGIA - DENTÍSTICA,SEM_VAGA,0
2026-09-08T11:40:20,PROCTOLOGIA,SEM_VAGA,0
2026-09-08T11:45:29,CIRURGIA PLÁSTICA,SEM_VAGA,0
2026-09-08T11:45:33,DERMATOLOGIA,SEM_VAGA,0
2026-09-08T11:45:38,GASTROCLÍNICA,SEM_VAGA,0
2026-09-08T11:45:43,NUTRIÇÃO - DIETÉTICA,SEM_VAGA,0
2026-09-08T11:45:48,ODONTOLOGIA - DENTÍSTICA,SEM_VAGA,0
2026-09-08T11:45:51,PROCTOLOGIA,SEM_VAGA,0
2026-09-08T11:51:00,CIRURGIA PLÁSTICA,SEM_VAGA,0
2026-09-08T11:51:03,DERMATOLOGIA,SEM_VAGA,0
2026-09-08T11:51:06,GASTROCLÍNICA,SEM_VAGA,0
2026-09-08T11:51:09,NUTRIÇÃO - DIETÉTICA,SEM_VAGA,0
2026-09-08T11:51:13,ODONTOLOGIA - DENTÍSTICA,SEM_VAGA,0
2026-09-08T11:51:16,PROCTOLOGIA,SEM_VAGA,0
2026-09-08T11:56:25,CIRURGIA PLÁSTICA,SEM_VAGA,0
2026-09-08T11:56:28,DERMATOLOGIA,SEM_VAGA,0
2026-09-08T11:56:31,GASTROCLÍNICA,SEM_VAGA,0
2026-09-08T11:56:35,NUTRIÇÃO - DIETÉTICA,SEM_VAGA,0
2026-09-08T11:56:38,ODONTOLOGIA - DENTÍSTICA,SEM_VAGA,0
2026-09-08T11:56:41,PROCTOLOGIA,SEM_VAGA,0
2026-09-08T12:01:50,CIRURGIA PLÁSTICA,SEM_VAGA,0
2026-09-08T12:01:53,DERMATOLOGIA,SEM_VAGA,0
2026-09-08T12:01:56,GASTROCLÍNICA,SEM_VAGA,0
2026-09-08T12:01:59,NUTRIÇÃO - DIETÉTICA,SEM_VAGA,0
2026-09-08T12:02:02,ODONTOLOGIA - DENTÍSTICA,SEM_VAGA,0
2026-09-08T12:02:06,PROCTOLOGIA,SEM_VAGA,0
2026-09-08T12:07:14,CIRURGIA PLÁSTICA,SEM_VAGA,0
2026-09-08T12:07:18,DERMATOLOGIA,SEM_VAGA,0
2026-09-08T12:07:22,GASTROCLÍNICA,SEM_VAGA,0
2026-09-08T12:07:26,NUTRIÇÃO - DIETÉTICA,SEM_VAGA,0
2026-09-08T12:07:30,ODONTOLOGIA - DENTÍSTICA,SEM_VAGA,0
2026-09-08T12:07:35,PROCTOLOGIA,SEM_VAGA,0
2026-09-08T12:12:43,CIRURGIA PLÁSTICA,SEM_VAGA,0
2026-09-08T12:12:47,DERMATOLOGIA,SEM_VAGA,0
2026-09-08T12:12:50,GASTROCLÍNICA,SEM_VAGA,0
2026-09-08T12:12:53,NUTRIÇÃO - DIETÉTICA,SEM_VAGA,0
2026-09-08T12:12:57,ODONTOLOGIA - DENTÍSTICA,SEM_VAGA,0
2026-09-08T12:13:00,PROCTOLOGIA,SEM_VAGA,0
2026-09-08T12:18:08,CIRURGIA PLÁSTICA,SEM_VAGA,0
2026-09-08T12:18:11,DERMATOLOGIA,SEM_VAGA,0
2026-09-08T12:18:15,GASTROCLÍNICA,SEM_VAGA,0
2026-09-08T12:18:18,NUTRIÇÃO - DIETÉTICA,SEM_VAGA,0
2026-09-08T12:18:21,ODONTOLOGIA - DENTÍSTICA,SEM_VAGA,0
2026-09-08T12:18:24,PROCTOLOGIA,SEM_VAGA,0
2026-09-08T12:23:35,CIRURGIA PLÁSTICA,SEM_VAGA,0
2026-09-08T12:23:39,DERMATOLOGIA,SEM_VAGA,0
2026-09-08T12:23:44,GASTROCLÍNICA,SEM_VAGA,0
2026-09-08T12:23:47,NUTRIÇÃO - DIETÉTICA,SEM_VAGA,0
2026-09-08T12:23:51,ODONTOLOGIA - DENTÍSTICA,SEM_VAGA,0
2026-09-08T12:23:54,PROCTOLOGIA,SEM_VAGA,0
2026-09-08T12:29:03,CIRURGIA PLÁSTICA,SEM_VAGA,0
2026-09-08T12:29:06,DERMATOLOGIA,SEM_VAGA,0
2026-09-08T12:29:09,GASTROCLÍNICA,SEM_VAGA,0
2026-09-08T12:29:12,NUTRIÇÃO - DIETÉTICA,SEM_VAGA,0
2026-09-08T12:29:16,ODONTOLOGIA - DENTÍSTICA,SEM_VAGA,0
2026-09-08T12:29:19,PROCTOLOGIA,SEM_VAGA,0
2026-09-08T12:34:27,CIRURGIA PLÁSTICA,SEM_VAGA,0
2026-09-08T12:34:30,DERMATOLOGIA,SEM_VAGA,0
2026-09-08T12:34:34,GASTROCLÍNICA,SEM_VAGA,0
2026-09-08T12:34:37,NUTRIÇÃO - DIETÉTICA,SEM_VAGA,0
2026-09-08T12:34:41,ODONTOLOGIA - DENTÍSTICA,SEM_VAGA,0
2026-09-08T12:34:45,PROCTOLOGIA,SEM_VAGA,0
2026-09-08T12:39:56,CIRURGIA PLÁSTICA,SEM_VAGA,0
2026-09-08T12:40:00,DERMATOLOGIA,SEM_VAGA,0
2026-09-08T12:40:05,GASTROCLÍNICA,SEM_VAGA,0
2026-09-08T12:40:09,NUTRIÇÃO - DIETÉTICA,SEM_VAGA,0
2026-09-08T12:40:14,ODONTOLOGIA - DENTÍSTICA,SEM_VAGA,0
2026-09-08T12:40:18,PROCTOLOGIA,SEM_VAGA,0
2026-09-08T12:45:27,CIRURGIA PLÁSTICA,SEM_VAGA,0
2026-09-08T12:45:32,DERMATOLOGIA,SEM_VAGA,0
2026-09-08T12:45:36,GASTROCLÍNICA,SEM_VAGA,0
2026-09-08T12:45:40,NUTRIÇÃO - DIETÉTICA,SEM_VAGA,0
2026-09-08T12:45:44,ODONTOLOGIA - DENTÍSTICA,SEM_VAGA,0
2026-09-08T12:45:47,PROCTOLOGIA,SEM_VAGA,0
2026-09-08T12:50:56,CIRURGIA PLÁSTICA,SEM_VAGA,0
2026-09-08T12:51:00,DERMATOLOGIA,SEM_VAGA,0
2026-09-08T12:51:03,GASTROCLÍNICA,SEM_VAGA,0
2026-09-08T12:51:08,NUTRIÇÃO - DIETÉTICA,SEM_VAGA,0
2026-09-08T12:51:13,ODONTOLOGIA - DENTÍSTICA,SEM_VAGA,0
2026-09-08T12:51:18,PROCTOLOGIA,SEM_VAGA,0
2026-09-08T12:56:26,CIRURGIA PLÁSTICA,SEM_VAGA,0
2026-09-08T12:56:29,DERMATOLOGIA,SEM_VAGA,0
2026-09-08T12:56:32,GASTROCLÍNICA,SEM_VAGA,0
2026-09-08T12:56:36,NUTRIÇÃO - DIETÉTICA,SEM_VAGA,0
2026-09-08T12:56:39,ODONTOLOGIA - DENTÍSTICA,SEM_VAGA,0
2026-09-08T12:56:42,PROCTOLOGIA,SEM_VAGA,0
2026-09-08T13:01:53,CIRURGIA PLÁSTICA,SEM_VAGA,0
2026-09-08T13:01:57,DERMATOLOGIA,SEM_VAGA,0
2026-09-08T13:02:02,GASTROCLÍNICA,SEM_VAGA,0
2026-09-08T13:02:05,NUTRIÇÃO - DIETÉTICA,SEM_VAGA,0
2026-09-08T13:02:09,ODONTOLOGIA - DENTÍSTICA,SEM_VAGA,0
2026-09-08T13:02:12,PROCTOLOGIA,SEM_VAGA,0
2026-09-08T13:07:22,CIRURGIA PLÁSTICA,SEM_VAGA,0
2026-09-08T13:07:27,DERMATOLOGIA,SEM_VAGA,0
2026-09-08T13:07:32,GASTROCLÍNICA,SEM_VAGA,0
2026-09-08T13:07:37,NUTRIÇÃO - DIETÉTICA,SEM_VAGA,0
2026-09-08T13:07:42,ODONTOLOGIA - DENTÍSTICA,SEM_VAGA,0
2026-09-08T13:07:47,PROCTOLOGIA,SEM_VAGA,0
2026-09-08T13:12:58,CIRURGIA PLÁSTICA,SEM_VAGA,0
2026-09-08T13:13:02,DERMATOLOGIA,SEM_VAGA,0
2026-09-08T13:13:06,GASTROCLÍNICA,SEM_VAGA,0
2026-09-08T13:13:10,NUTRIÇÃO - DIETÉTICA,SEM_VAGA,0
2026-09-08T13:13:14,ODONTOLOGIA - DENTÍSTICA,SEM_VAGA,0
2026-09-08T13:13:17,PROCTOLOGIA,SEM_VAGA,0
2026-09-08T13:18:27,CIRURGIA PLÁSTICA,SEM_VAGA,0
2026-09-08T13:18:32,DERMATOLOGIA,SEM_VAGA,0
2026-09-08T13:18:36,GASTROCLÍNICA,SEM_VAGA,0
2026-09-08T13:18:40,NUTRIÇÃO - DIETÉTICA,SEM_VAGA,0
2026-09-08T13:18:45,ODONTOLOGIA - DENTÍSTICA,SEM_VAGA,0
2026-09-08T13:18:48,PROCTOLOGIA,SEM_VAGA,0
2026-09-08T13:23:56,CIRURGIA PLÁSTICA,SEM_VAGA,0
2026-09-08T13:24:00,DERMATOLOGIA,SEM_VAGA,0
2026-09-08T13:24:03,GASTROCLÍNICA,SEM_VAGA,0
2026-09-08T13:24:06,NUTRIÇÃO - DIETÉTICA,SEM_VAGA,0
2026-09-08T13:24:13,ODONTOLOGIA - DENTÍSTICA,VAGA_ENCONTRADA,
2026-09-08T13:24:20,PROCTOLOGIA,SEM_VAGA,0
2026-09-08T13:29:29,CIRURGIA PLÁSTICA,SEM_VAGA,0
2026-09-08T13:29:32,DERMATOLOGIA,SEM_VAGA,0
2026-09-08T13:29:37,GASTROCLÍNICA,SEM_VAGA,0
2026-09-08T13:29:42,NUTRIÇÃO - DIETÉTICA,SEM_VAGA,0
2026-09-08T13:29:46,ODONTOLOGIA - DENTÍSTICA,SEM_VAGA,0
2026-09-08T13:29:49,PROCTOLOGIA,SEM_VAGA,0
2026-09-08T13:34:58,CIRURGIA PLÁSTICA,SEM_VAGA,0
2026-09-08T13:35:01,DERMATOLOGIA,SEM_VAGA,0
2026-09-08T13:35:05,GASTROCLÍNICA,SEM_VAGA,0
2026-09-08T13:35:08,NUTRIÇÃO - DIETÉTICA,SEM_VAGA,0
2026-09-08T13:35:13,ODONTOLOGIA - DENTÍSTICA,SEM_VAGA,0
2026-09-08T13:35:17,PROCTOLOGIA,SEM_VAGA,0
2026-09-08T13:40:26,CIRURGIA PLÁSTICA,SEM_VAGA,0
2026-09-08T13:40:29,DERMATOLOGIA,SEM_VAGA,0
2026-09-08T13:40:32,GASTROCLÍNICA,SEM_VAGA,0
2026-09-08T13:40:36,NUTRIÇÃO - DIETÉTICA,SEM_VAGA,0
2026-09-08T13:40:40,ODONTOLOGIA - DENTÍSTICA,SEM_VAGA,0
2026-09-08T13:40:45,PROCTOLOGIA,SEM_VAGA,0
2026-09-08T13:45:53,CIRURGIA PLÁSTICA,SEM_VAGA,0
2026-09-08T13:45:57,DERMATOLOGIA,SEM_VAGA,0
2026-09-08T13:46:00,GASTROCLÍNICA,SEM_VAGA,0
2026-09-08T13:46:03,NUTRIÇÃO - DIETÉTICA,SEM_VAGA,0
2026-09-08T13:46:10,ODONTOLOGIA - DENTÍSTICA,VAGA_ENCONTRADA,
2026-09-08T13:46:17,PROCTOLOGIA,SEM_VAGA,0
2026-09-08T13:51:25,CIRURGIA PLÁSTICA,SEM_VAGA,0
2026-09-08T13:51:29,DERMATOLOGIA,SEM_VAGA,0
2026-09-08T13:51:32,GASTROCLÍNICA,SEM_VAGA,0
2026-09-08T13:51:35,NUTRIÇÃO - DIETÉTICA,SEM_VAGA,0
2026-09-08T13:51:42,ODONTOLOGIA - DENTÍSTICA,VAGA_ENCONTRADA,
2026-09-08T13:51:49,PROCTOLOGIA,SEM_VAGA,0
2026-09-08T13:56:58,CIRURGIA PLÁSTICA,SEM_VAGA,0
2026-09-08T13:57:01,DERMATOLOGIA,SEM_VAGA,0
2026-09-08T13:57:04,GASTROCLÍNICA,SEM_VAGA,0
2026-09-08T13:57:08,NUTRIÇÃO - DIETÉTICA,SEM_VAGA,0
2026-09-08T13:57:11,ODONTOLOGIA - DENTÍSTICA,SEM_VAGA,0
2026-09-08T13:57:14,PROCTOLOGIA,SEM_VAGA,0
2026-09-08T14:02:24,CIRURGIA PLÁSTICA,SEM_VAGA,0
2026-09-08T14:02:27,DERMATOLOGIA,SEM_VAGA,0
2026-09-08T14:02:32,GASTROCLÍNICA,SEM_VAGA,0
2026-09-08T14:02:35,NUTRIÇÃO - DIETÉTICA,SEM_VAGA,0
2026-09-08T14:02:38,ODONTOLOGIA - DENTÍSTICA,SEM_VAGA,0
2026-09-08T14:02:41,PROCTOLOGIA,SEM_VAGA,0
2026-09-08T14:07:51,CIRURGIA PLÁSTICA,SEM_VAGA,0
2026-09-08T14:07:54,DERMATOLOGIA,SEM_VAGA,0
2026-09-08T14:07:57,GASTROCLÍNICA,SEM_VAGA,0
2026-09-08T14:08:01,NUTRIÇÃO - DIETÉTICA,SEM_VAGA,0
2026-09-08T14:08:05,ODONTOLOGIA - DENTÍSTICA,SEM_VAGA,0
2026-09-08T14:08:08,PROCTOLOGIA,SEM_VAGA,0
2026-09-08T14:13:17,CIRURGIA PLÁSTICA,SEM_VAGA,0
2026-09-08T14:13:20,DERMATOLOGIA,SEM_VAGA,0
2026-09-08T14:13:23,GASTROCLÍNICA,SEM_VAGA,0
2026-09-08T14:13:28,NUTRIÇÃO - DIETÉTICA,SEM_VAGA,0
2026-09-08T14:13:33,ODONTOLOGIA - DENTÍSTICA,SEM_VAGA,0
2026-09-08T14:13:37,PROCTOLOGIA,SEM_VAGA,0
2026-09-08T14:18:46,CIRURGIA PLÁSTICA,SEM_VAGA,0
2026-09-08T14:18:49,DERMATOLOGIA,SEM_VAGA,0
2026-09-08T14:18:54,GASTROCLÍNICA,SEM_VAGA,0
2026-09-08T14:18:59,NUTRIÇÃO - DIETÉTICA,SEM_VAGA,0
2026-09-08T14:19:05,ODONTOLOGIA - DENTÍSTICA,SEM_VAGA,0
2026-09-08T14:19:10,PROCTOLOGIA,SEM_VAGA,0
2026-09-08T14:24:20,CIRURGIA PLÁSTICA,SEM_VAGA,0
2026-09-08T14:24:25,DERMATOLOGIA,SEM_VAGA,0
2026-09-08T14:24:30,GASTROCLÍNICA,SEM_VAGA,0
2026-09-08T14:24:34,NUTRIÇÃO - DIETÉTICA,SEM_VAGA,0
2026-09-08T14:24:39,ODONTOLOGIA - DENTÍSTICA,SEM_VAGA,0
2026-09-08T14:24:44,PROCTOLOGIA,SEM_VAGA,0
2026-09-08T14:29:52,CIRURGIA PLÁSTICA,SEM_VAGA,0
2026-09-08T14:29:55,DERMATOLOGIA,SEM_VAGA,0
2026-09-08T14:29:59,GASTROCLÍNICA,SEM_VAGA,0
2026-09-08T14:30:02,NUTRIÇÃO - DIETÉTICA,SEM_VAGA,0
2026-09-08T14:30:05,ODONTOLOGIA - DENTÍSTICA,SEM_VAGA,0
2026-09-08T14:30:09,PROCTOLOGIA,SEM_VAGA,0
2026-09-08T14:35:19,CIRURGIA PLÁSTICA,SEM_VAGA,0
2026-09-08T14:35:23,DERMATOLOGIA,SEM_VAGA,0
2026-09-08T14:35:27,GASTROCLÍNICA,SEM_VAGA,0
2026-09-08T14:35:31,NUTRIÇÃO - DIETÉTICA,SEM_VAGA,0
2026-09-08T14:35:36,ODONTOLOGIA - DENTÍSTICA,SEM_VAGA,0
2026-09-08T14:35:41,PROCTOLOGIA,SEM_VAGA,0
2026-09-08T14:40:49,CIRURGIA PLÁSTICA,SEM_VAGA,0
2026-09-08T14:40:52,DERMATOLOGIA,SEM_VAGA,0
2026-09-08T14:40:56,GASTROCLÍNICA,SEM_VAGA,0
2026-09-08T14:40:59,NUTRIÇÃO - DIETÉTICA,SEM_VAGA,0
2026-09-08T14:41:02,ODONTOLOGIA - DENTÍSTICA,SEM_VAGA,0
2026-09-08T14:41:05,PROCTOLOGIA,SEM_VAGA,0
2026-09-08T14:46:14,CIRURGIA PLÁSTICA,SEM_VAGA,0
2026-09-08T14:46:17,DERMATOLOGIA,SEM_VAGA,0
2026-09-08T14:46:20,GASTROCLÍNICA,SEM_VAGA,0
2026-09-08T14:46:23,NUTRIÇÃO - DIETÉTICA,SEM_VAGA,0
2026-09-08T14:46:27,ODONTOLOGIA - DENTÍSTICA,SEM_VAGA,0
2026-09-08T14:46:30,PROCTOLOGIA,SEM_VAGA,0
2026-09-08T14:51:38,CIRURGIA PLÁSTICA,SEM_VAGA,0
2026-09-08T14:51:42,DERMATOLOGIA,SEM_VAGA,0
2026-09-08T14:51:45,GASTROCLÍNICA,SEM_VAGA,0
2026-09-08T14:51:49,NUTRIÇÃO - DIETÉTICA,SEM_VAGA,0
2026-09-08T14:51:51,ODONTOLOGIA - DENTÍSTICA,SEM_VAGA,0
2026-09-08T14:51:56,PROCTOLOGIA,SEM_VAGA,0
2026-09-08T14:57:04,CIRURGIA PLÁSTICA,SEM_VAGA,0
2026-09-08T14:57:07,DERMATOLOGIA,SEM_VAGA,0
2026-09-08T14:57:11,GASTROCLÍNICA,SEM_VAGA,0
2026-09-08T14:57:14,NUTRIÇÃO - DIETÉTICA,SEM_VAGA,0
2026-09-08T14:57:18,ODONTOLOGIA - DENTÍSTICA,SEM_VAGA,0
2026-09-08T14:57:22,PROCTOLOGIA,SEM_VAGA,0
2026-09-08T15:02:32,CIRURGIA PLÁSTICA,SEM_VAGA,0
2026-09-08T15:02:36,DERMATOLOGIA,SEM_VAGA,0
2026-09-08T15:02:41,GASTROCLÍNICA,SEM_VAGA,0
2026-09-08T15:02:45,NUTRIÇÃO - DIETÉTICA,SEM_VAGA,0
2026-09-08T15:02:50,ODONTOLOGIA - DENTÍSTICA,SEM_VAGA,0
2026-09-08T15:02:55,PROCTOLOGIA,SEM_VAGA,0
2026-09-08T15:08:03,CIRURGIA PLÁSTICA,SEM_VAGA,0
2026-09-08T15:08:07,DERMATOLOGIA,SEM_VAGA,0
2026-09-08T15:08:09,GASTROCLÍNICA,SEM_VAGA,0
2026-09-08T15:08:13,NUTRIÇÃO - DIETÉTICA,SEM_VAGA,0
2026-09-08T15:08:17,ODONTOLOGIA - DENTÍSTICA,SEM_VAGA,0
2026-09-08T15:08:20,PROCTOLOGIA,SEM_VAGA,0
2026-09-08T15:13:30,CIRURGIA PLÁSTICA,SEM_VAGA,0
2026-09-08T15:13:33,DERMATOLOGIA,SEM_VAGA,0
2026-09-08T15:13:36,GASTROCLÍNICA,SEM_VAGA,0
2026-09-08T15:13:40,NUTRIÇÃO - DIETÉTICA,SEM_VAGA,0
2026-09-08T15:13:43,ODONTOLOGIA - DENTÍSTICA,SEM_VAGA,0
2026-09-08T15:13:46,PROCTOLOGIA,SEM_VAGA,0
2026-09-08T15:18:54,CIRURGIA PLÁSTICA,SEM_VAGA,0
2026-09-08T15:18:58,DERMATOLOGIA,SEM_VAGA,0
2026-09-08T15:19:01,GASTROCLÍNICA,SEM_VAGA,0
2026-09-08T15:19:05,NUTRIÇÃO - DIETÉTICA,SEM_VAGA,0
2026-09-08T15:19:08,ODONTOLOGIA - DENTÍSTICA,SEM_VAGA,0
2026-09-08T15:19:11,PROCTOLOGIA,SEM_VAGA,0
2026-09-08T15:24:22,CIRURGIA PLÁSTICA,SEM_VAGA,0
2026-09-08T15:24:26,DERMATOLOGIA,SEM_VAGA,0
2026-09-08T15:24:31,GASTROCLÍNICA,SEM_VAGA,0
2026-09-08T15:24:35,NUTRIÇÃO - DIETÉTICA,SEM_VAGA,0
2026-09-08T15:24:40,ODONTOLOGIA - DENTÍSTICA,SEM_VAGA,0
2026-09-08T15:24:44,PROCTOLOGIA,SEM_VAGA,0
2026-09-08T15:29:53,CIRURGIA PLÁSTICA,SEM_VAGA,0
2026-09-08T15:29:57,DERMATOLOGIA,SEM_VAGA,0
2026-09-08T15:30:01,GASTROCLÍNICA,SEM_VAGA,0
2026-09-08T15:30:05,NUTRIÇÃO - DIETÉTICA,SEM_VAGA,0
2026-09-08T15:30:08,ODONTOLOGIA - DENTÍSTICA,SEM_VAGA,0
2026-09-08T15:30:12,PROCTOLOGIA,SEM_VAGA,0
2026-09-08T15:35:21,CIRURGIA PLÁSTICA,SEM_VAGA,0
2026-09-08T15:35:24,DERMATOLOGIA,SEM_VAGA,0
2026-09-08T15:35:28,GASTROCLÍNICA,SEM_VAGA,0
2026-09-08T15:35:31,NUTRIÇÃO - DIETÉTICA,SEM_VAGA,0
2026-09-08T15:35:34,ODONTOLOGIA - DENTÍSTICA,SEM_VAGA,0
2026-09-08T15:35:37,PROCTOLOGIA,SEM_VAGA,0
2026-09-08T15:40:46,CIRURGIA PLÁSTICA,SEM_VAGA,0
2026-09-08T15:40:49,DERMATOLOGIA,SEM_VAGA,0
2026-09-08T15:40:53,GASTROCLÍNICA,SEM_VAGA,0
2026-09-08T15:40:56,NUTRIÇÃO - DIETÉTICA,SEM_VAGA,0
2026-09-08T15:41:00,ODONTOLOGIA - DENTÍSTICA,SEM_VAGA,0
2026-09-08T15:41:03,PROCTOLOGIA,SEM_VAGA,0
2026-09-08T15:46:11,CIRURGIA PLÁSTICA,SEM_VAGA,0
2026-09-08T15:46:15,DERMATOLOGIA,SEM_VAGA,0
2026-09-08T15:46:18,GASTROCLÍNICA,SEM_VAGA,0
2026-09-08T15:46:22,NUTRIÇÃO - DIETÉTICA,SEM_VAGA,0
2026-09-08T15:46:25,ODONTOLOGIA - DENTÍSTICA,SEM_VAGA,0
2026-09-08T15:46:28,PROCTOLOGIA,SEM_VAGA,0
2026-09-08T15:51:39,CIRURGIA PLÁSTICA,SEM_VAGA,0
2026-09-08T15:51:44,DERMATOLOGIA,SEM_VAGA,0
2026-09-08T15:51:48,GASTROCLÍNICA,SEM_VAGA,0
2026-09-08T15:51:51,NUTRIÇÃO - DIETÉTICA,SEM_VAGA,0
2026-09-08T15:51:55,ODONTOLOGIA - DENTÍSTICA,SEM_VAGA,0
2026-09-08T15:51:59,PROCTOLOGIA,SEM_VAGA,0
2026-09-08T15:57:07,CIRURGIA PLÁSTICA,SEM_VAGA,0
2026-09-08T15:57:11,DERMATOLOGIA,SEM_VAGA,0
2026-09-08T15:57:15,GASTROCLÍNICA,SEM_VAGA,0
2026-09-08T15:57:20,NUTRIÇÃO - DIETÉTICA,SEM_VAGA,0
2026-09-08T15:57:25,ODONTOLOGIA - DENTÍSTICA,SEM_VAGA,0
2026-09-08T15:57:28,PROCTOLOGIA,SEM_VAGA,0
2026-09-08T16:02:38,CIRURGIA PLÁSTICA,SEM_VAGA,0
2026-09-08T16:02:43,DERMATOLOGIA,SEM_VAGA,0
2026-09-08T16:02:48,GASTROCLÍNICA,SEM_VAGA,0
2026-09-08T16:02:52,NUTRIÇÃO - DIETÉTICA,SEM_VAGA,0
2026-09-08T16:02:58,ODONTOLOGIA - DENTÍSTICA,SEM_VAGA,0
2026-09-08T16:03:02,PROCTOLOGIA,SEM_VAGA,0
2026-09-08T16:08:11,CIRURGIA PLÁSTICA,SEM_VAGA,0
2026-09-08T16:08:14,DERMATOLOGIA,SEM_VAGA,0
2026-09-08T16:08:17,GASTROCLÍNICA,SEM_VAGA,0
2026-09-08T16:08:20,NUTRIÇÃO - DIETÉTICA,SEM_VAGA,0
2026-09-08T16:08:24,ODONTOLOGIA - DENTÍSTICA,SEM_VAGA,0
2026-09-08T16:08:27,PROCTOLOGIA,SEM_VAGA,0
2026-09-08T16:13:36,CIRURGIA PLÁSTICA,SEM_VAGA,0
2026-09-08T16:13:39,DERMATOLOGIA,SEM_VAGA,0
2026-09-08T16:13:43,GASTROCLÍNICA,SEM_VAGA,0
2026-09-08T16:13:48,NUTRIÇÃO - DIETÉTICA,SEM_VAGA,0
2026-09-08T16:13:54,ODONTOLOGIA - DENTÍSTICA,SEM_VAGA,0
2026-09-08T16:13:59,PROCTOLOGIA,SEM_VAGA,0
2026-09-08T16:19:07,CIRURGIA PLÁSTICA,SEM_VAGA,0
2026-09-08T16:19:10,DERMATOLOGIA,SEM_VAGA,0
2026-09-08T16:19:13,GASTROCLÍNICA,SEM_VAGA,0
2026-09-08T16:19:17,NUTRIÇÃO - DIETÉTICA,SEM_VAGA,0
2026-09-08T16:19:20,ODONTOLOGIA - DENTÍSTICA,SEM_VAGA,0
2026-09-08T16:19:27,PROCTOLOGIA,VAGA_ENCONTRADA,
2026-09-08T16:24:45,CIRURGIA PLÁSTICA,SEM_VAGA,0
2026-09-08T16:24:48,DERMATOLOGIA,SEM_VAGA,0
2026-09-08T16:24:51,GASTROCLÍNICA,SEM_VAGA,0
2026-09-08T16:24:55,NUTRIÇÃO - DIETÉTICA,SEM_VAGA,0
2026-09-08T16:24:58,ODONTOLOGIA - DENTÍSTICA,SEM_VAGA,0
2026-09-08T16:25:01,PROCTOLOGIA,SEM_VAGA,0
2026-09-08T16:30:11,CIRURGIA PLÁSTICA,SEM_VAGA,0
2026-09-08T16:30:15,DERMATOLOGIA,SEM_VAGA,0
2026-09-08T16:30:20,GASTROCLÍNICA,SEM_VAGA,0
2026-09-08T16:30:23,NUTRIÇÃO - DIETÉTICA,SEM_VAGA,0
2026-09-08T16:30:26,ODONTOLOGIA - DENTÍSTICA,SEM_VAGA,0
2026-09-08T16:30:30,PROCTOLOGIA,SEM_VAGA,0
2026-09-08T16:35:38,CIRURGIA PLÁSTICA,SEM_VAGA,0
2026-09-08T16:35:41,DERMATOLOGIA,SEM_VAGA,0
2026-09-08T16:35:48,GASTROCLÍNICA,VAGA_ENCONTRADA,
2026-09-08T16:35:55,NUTRIÇÃO - DIETÉTICA,SEM_VAGA,0
2026-09-08T16:35:58,ODONTOLOGIA - DENTÍSTICA,SEM_VAGA,0
2026-09-08T16:36:03,PROCTOLOGIA,SEM_VAGA,0
2026-09-08T16:41:11,CIRURGIA PLÁSTICA,SEM_VAGA,0
2026-09-08T16:41:15,DERMATOLOGIA,SEM_VAGA,0
2026-09-08T16:41:18,GASTROCLÍNICA,SEM_VAGA,0
2026-09-08T16:41:21,NUTRIÇÃO - DIETÉTICA,SEM_VAGA,0
2026-09-08T16:41:24,ODONTOLOGIA - DENTÍSTICA,SEM_VAGA,0
2026-09-08T16:41:31,PROCTOLOGIA,VAGA_ENCONTRADA,
2026-09-08T16:46:43,CIRURGIA PLÁSTICA,SEM_VAGA,0
2026-09-08T16:46:48,DERMATOLOGIA,SEM_VAGA,0
2026-09-08T16:46:51,GASTROCLÍNICA,SEM_VAGA,0
2026-09-08T16:46:55,NUTRIÇÃO - DIETÉTICA,SEM_VAGA,0
2026-09-08T16:47:00,ODONTOLOGIA - DENTÍSTICA,SEM_VAGA,0
2026-09-08T16:47:07,PROCTOLOGIA,VAGA_ENCONTRADA,
2026-09-08T16:52:19,CIRURGIA PLÁSTICA,SEM_VAGA,0
2026-09-08T16:52:24,DERMATOLOGIA,SEM_VAGA,0
2026-09-08T16:52:29,GASTROCLÍNICA,SEM_VAGA,0
2026-09-08T16:52:34,NUTRIÇÃO - DIETÉTICA,SEM_VAGA,0
2026-09-08T16:52:37,ODONTOLOGIA - DENTÍSTICA,SEM_VAGA,0
2026-09-08T16:52:44,PROCTOLOGIA,VAGA_ENCONTRADA,
2026-09-08T16:57:56,CIRURGIA PLÁSTICA,SEM_VAGA,0
2026-09-08T16:58:01,DERMATOLOGIA,SEM_VAGA,0
2026-09-08T16:58:05,GASTROCLÍNICA,SEM_VAGA,0
2026-09-08T16:58:08,NUTRIÇÃO - DIETÉTICA,SEM_VAGA,0
2026-09-08T16:58:13,ODONTOLOGIA - DENTÍSTICA,SEM_VAGA,0
2026-09-08T16:58:20,PROCTOLOGIA,VAGA_ENCONTRADA,
2026-09-08T17:03:32,CIRURGIA PLÁSTICA,SEM_VAGA,0
2026-09-08T17:03:37,DERMATOLOGIA,SEM_VAGA,0
2026-09-08T17:03:40,GASTROCLÍNICA,SEM_VAGA,0
2026-09-08T17:03:44,NUTRIÇÃO - DIETÉTICA,SEM_VAGA,0
2026-09-08T17:03:47,ODONTOLOGIA - DENTÍSTICA,SEM_VAGA,0
2026-09-08T17:03:54,PROCTOLOGIA,VAGA_ENCONTRADA,
2026-09-08T17:09:05,CIRURGIA PLÁSTICA,SEM_VAGA,0
2026-09-08T17:09:08,DERMATOLOGIA,SEM_VAGA,0
2026-09-08T17:09:12,GASTROCLÍNICA,SEM_VAGA,0
2026-09-08T17:09:15,NUTRIÇÃO - DIETÉTICA,SEM_VAGA,0
2026-09-08T17:09:19,ODONTOLOGIA - DENTÍSTICA,SEM_VAGA,0
2026-09-08T17:09:22,PROCTOLOGIA,SEM_VAGA,0
2026-09-08T23:19:06,CIRURGIA PLÁSTICA,SEM_VAGA,0
2026-09-08T23:19:10,DERMATOLOGIA,SEM_VAGA,0
2026-09-08T23:19:13,GASTROCLÍNICA,SEM_VAGA,0
2026-09-08T23:19:16,NUTRIÇÃO - DIETÉTICA,SEM_VAGA,0
2026-09-08T23:19:19,ODONTOLOGIA - DENTÍSTICA,SEM_VAGA,0
2026-09-08T23:19:23,PROCTOLOGIA,SEM_VAGA,0
2026-09-08T23:24:31,CIRURGIA PLÁSTICA,SEM_VAGA,0
2026-09-08T23:30:57,CIRURGIA PLÁSTICA,SEM_VAGA,0
2026-09-08T23:31:00,DERMATOLOGIA,SEM_VAGA,0
2026-09-08T23:31:03,GASTROCLÍNICA,SEM_VAGA,0
2026-09-08T23:31:07,NUTRIÇÃO - DIETÉTICA,SEM_VAGA,0
2026-09-08T23:31:10,ODONTOLOGIA - DENTÍSTICA,SEM_VAGA,0
2026-09-08T23:31:13,PROCTOLOGIA,SEM_VAGA,0
2026-09-08T23:36:21,CIRURGIA PLÁSTICA,SEM_VAGA,0
2026-09-08T23:36:26,DERMATOLOGIA,SEM_VAGA,0
2026-09-08T23:36:31,GASTROCLÍNICA,SEM_VAGA,0
2026-09-08T23:36:35,NUTRIÇÃO - DIETÉTICA,SEM_VAGA,0
2026-09-08T23:36:39,ODONTOLOGIA - DENTÍSTICA,SEM_VAGA,0
2026-09-08T23:36:43,PROCTOLOGIA,SEM_VAGA,0
2026-09-08T23:41:51,CIRURGIA PLÁSTICA,SEM_VAGA,0
2026-09-08T23:41:54,DERMATOLOGIA,SEM_VAGA,0
2026-09-08T23:41:58,GASTROCLÍNICA,SEM_VAGA,0
2026-09-08T23:42:00,NUTRIÇÃO - DIETÉTICA,SEM_VAGA,0
2026-09-08T23:42:04,ODONTOLOGIA - DENTÍSTICA,SEM_VAGA,0
2026-09-08T23:42:07,PROCTOLOGIA,SEM_VAGA,0
2026-09-08T23:47:15,CIRURGIA PLÁSTICA,SEM_VAGA,0
2026-09-08T23:47:18,DERMATOLOGIA,SEM_VAGA,0
2026-09-08T23:47:22,GASTROCLÍNICA,SEM_VAGA,0
2026-09-08T23:47:25,NUTRIÇÃO - DIETÉTICA,SEM_VAGA,0
2026-09-08T23:47:28,ODONTOLOGIA - DENTÍSTICA,SEM_VAGA,0
2026-09-08T23:47:32,PROCTOLOGIA,SEM_VAGA,0
2026-09-08T23:52:40,CIRURGIA PLÁSTICA,SEM_VAGA,0
2026-09-08T23:52:44,DERMATOLOGIA,SEM_VAGA,0
2026-09-08T23:52:47,GASTROCLÍNICA,SEM_VAGA,0
2026-09-08T23:52:50,NUTRIÇÃO - DIETÉTICA,SEM_VAGA,0
2026-09-08T23:52:54,ODONTOLOGIA - DENTÍSTICA,SEM_VAGA,0
2026-09-08T23:52:57,PROCTOLOGIA,SEM_VAGA,0
2026-09-08T23:58:05,CIRURGIA PLÁSTICA,SEM_VAGA,0
2026-09-08T23:58:09,DERMATOLOGIA,SEM_VAGA,0
2026-09-08T23:58:12,GASTROCLÍNICA,SEM_VAGA,0
2026-09-08T23:58:16,NUTRIÇÃO - DIETÉTICA,SEM_VAGA,0
2026-09-08T23:58:20,ODONTOLOGIA - DENTÍSTICA,SEM_VAGA,0
2026-09-08T23:58:23,PROCTOLOGIA,SEM_VAGA,0
2026-09-09T00:03:31,CIRURGIA PLÁSTICA,SEM_VAGA,0
2026-09-09T00:03:34,DERMATOLOGIA,SEM_VAGA,0
2026-09-09T00:03:37,GASTROCLÍNICA,SEM_VAGA,0
2026-09-09T00:03:40,NUTRIÇÃO - DIETÉTICA,SEM_VAGA,0
2026-09-09T00:03:44,ODONTOLOGIA - DENTÍSTICA,SEM_VAGA,0
2026-09-09T00:03:47,PROCTOLOGIA,SEM_VAGA,0
2026-09-09T00:08:55,CIRURGIA PLÁSTICA,SEM_VAGA,0
2026-09-09T09:41:05,CIRURGIA PLÁSTICA,SEM_VAGA,0
2026-09-09T09:41:09,DERMATOLOGIA,SEM_VAGA,0
2026-09-09T09:41:12,GASTROCLÍNICA,SEM_VAGA,0
2026-09-09T09:41:15,NUTRIÇÃO - DIETÉTICA,SEM_VAGA,0
2026-09-09T09:41:18,ODONTOLOGIA - DENTÍSTICA,SEM_VAGA,0
2026-09-09T09:41:25,PROCTOLOGIA,VAGA_ENCONTRADA,
2026-09-09T09:46:37,CIRURGIA PLÁSTICA,SEM_VAGA,0
2026-09-09T09:46:40,DERMATOLOGIA,SEM_VAGA,0
2026-09-09T09:46:43,GASTROCLÍNICA,SEM_VAGA,0
2026-09-09T09:46:47,NUTRIÇÃO - DIETÉTICA,SEM_VAGA,0
2026-09-09T09:46:50,ODONTOLOGIA - DENTÍSTICA,SEM_VAGA,0
2026-09-09T09:46:53,PROCTOLOGIA,SEM_VAGA,0
2026-09-09T09:52:01,CIRURGIA PLÁSTICA,SEM_VAGA,0
2026-09-09T09:52:05,DERMATOLOGIA,SEM_VAGA,0
2026-09-09T09:52:08,GASTROCLÍNICA,SEM_VAGA,0
2026-09-09T09:52:11,NUTRIÇÃO - DIETÉTICA,SEM_VAGA,0
2026-09-09T09:52:15,ODONTOLOGIA - DENTÍSTICA,SEM_VAGA,0
2026-09-09T09:52:18,PROCTOLOGIA,SEM_VAGA,0
2026-09-09T09:57:27,CIRURGIA PLÁSTICA,SEM_VAGA,0
2026-09-09T09:57:31,DERMATOLOGIA,SEM_VAGA,0
2026-09-09T09:57:34,GASTROCLÍNICA,SEM_VAGA,0
2026-09-09T09:57:37,NUTRIÇÃO - DIETÉTICA,SEM_VAGA,0
2026-09-09T09:57:41,ODONTOLOGIA - DENTÍSTICA,SEM_VAGA,0
2026-09-09T09:57:44,PROCTOLOGIA,SEM_VAGA,0
2026-09-09T10:02:54,CIRURGIA PLÁSTICA,SEM_VAGA,0
2026-09-09T10:02:58,DERMATOLOGIA,SEM_VAGA,0
2026-09-09T10:03:03,GASTROCLÍNICA,SEM_VAGA,0
2026-09-09T10:03:06,NUTRIÇÃO - DIETÉTICA,SEM_VAGA,0
2026-09-09T10:03:09,ODONTOLOGIA - DENTÍSTICA,SEM_VAGA,0
2026-09-09T10:03:12,PROCTOLOGIA,SEM_VAGA,0
2026-09-09T10:08:21,CIRURGIA PLÁSTICA,SEM_VAGA,0
2026-09-09T10:08:24,DERMATOLOGIA,SEM_VAGA,0
2026-09-09T10:08:27,GASTROCLÍNICA,SEM_VAGA,0
2026-09-09T10:08:30,NUTRIÇÃO - DIETÉTICA,SEM_VAGA,0
2026-09-09T10:08:34,ODONTOLOGIA - DENTÍSTICA,SEM_VAGA,0
2026-09-09T10:08:37,PROCTOLOGIA,SEM_VAGA,0
2026-09-09T10:13:45,CIRURGIA PLÁSTICA,SEM_VAGA,0
2026-09-09T10:13:49,DERMATOLOGIA,SEM_VAGA,0
2026-09-09T10:13:52,GASTROCLÍNICA,SEM_VAGA,0
2026-09-09T10:13:55,NUTRIÇÃO - DIETÉTICA,SEM_VAGA,0
2026-09-09T10:13:58,ODONTOLOGIA - DENTÍSTICA,SEM_VAGA,0
2026-09-09T10:14:01,PROCTOLOGIA,SEM_VAGA,0
2026-09-09T10:19:11,CIRURGIA PLÁSTICA,SEM_VAGA,0
2026-09-09T10:19:14,DERMATOLOGIA,SEM_VAGA,0
2026-09-09T10:19:17,GASTROCLÍNICA,SEM_VAGA,0
2026-09-09T10:19:21,NUTRIÇÃO - DIETÉTICA,SEM_VAGA,0
2026-09-09T10:19:24,ODONTOLOGIA - DENTÍSTICA,SEM_VAGA,0
2026-09-09T10:19:27,PROCTOLOGIA,SEM_VAGA,0
2026-09-09T10:24:35,CIRURGIA PLÁSTICA,SEM_VAGA,0
2026-09-09T10:24:38,DERMATOLOGIA,SEM_VAGA,0
2026-09-09T10:24:42,GASTROCLÍNICA,SEM_VAGA,0
2026-09-09T10:24:45,NUTRIÇÃO - DIETÉTICA,SEM_VAGA,0
2026-09-09T10:24:48,ODONTOLOGIA - DENTÍSTICA,SEM_VAGA,0
2026-09-09T10:24:51,PROCTOLOGIA,SEM_VAGA,0
2026-09-09T10:29:59,CIRURGIA PLÁSTICA,SEM_VAGA,0
2026-09-09T10:30:03,DERMATOLOGIA,SEM_VAGA,0
2026-09-09T10:30:06,GASTROCLÍNICA,SEM_VAGA,0
2026-09-09T10:30:09,NUTRIÇÃO - DIETÉTICA,SEM_VAGA,0
2026-09-09T10:30:12,ODONTOLOGIA - DENTÍSTICA,SEM_VAGA,0
2026-09-09T10:30:16,PROCTOLOGIA,SEM_VAGA,0
2026-09-09T10:35:24,CIRURGIA PLÁSTICA,SEM_VAGA,0
2026-09-09T10:35:27,DERMATOLOGIA,SEM_VAGA,0
2026-09-09T10:35:30,GASTROCLÍNICA,SEM_VAGA,0
2026-09-09T10:35:33,NUTRIÇÃO - DIETÉTICA,SEM_VAGA,0
2026-09-09T10:35:36,ODONTOLOGIA - DENTÍSTICA,SEM_VAGA,0
2026-09-09T10:35:40,PROCTOLOGIA,SEM_VAGA,0
2026-09-09T10:40:48,CIRURGIA PLÁSTICA,SEM_VAGA,0
2026-09-09T10:40:51,DERMATOLOGIA,SEM_VAGA,0
2026-09-09T10:40:54,GASTROCLÍNICA,SEM_VAGA,0
2026-09-09T10:40:58,NUTRIÇÃO - DIETÉTICA,SEM_VAGA,0
2026-09-09T10:41:01,ODONTOLOGIA - DENTÍSTICA,SEM_VAGA,0
2026-09-09T10:41:04,PROCTOLOGIA,SEM_VAGA,0
2026-09-09T10:46:13,CIRURGIA PLÁSTICA,SEM_VAGA,0
2026-09-09T10:46:16,DERMATOLOGIA,SEM_VAGA,0
2026-09-09T10:46:19,GASTROCLÍNICA,SEM_VAGA,0
2026-09-09T10:46:23,NUTRIÇÃO - DIETÉTICA,SEM_VAGA,0
2026-09-09T10:46:27,ODONTOLOGIA - DENTÍSTICA,SEM_VAGA,0
2026-09-09T10:46:30,PROCTOLOGIA,SEM_VAGA,0
2026-09-09T10:51:38,CIRURGIA PLÁSTICA,SEM_VAGA,0
2026-09-09T10:51:42,DERMATOLOGIA,SEM_VAGA,0
2026-09-09T10:51:45,GASTROCLÍNICA,SEM_VAGA,0
2026-09-09T10:51:48,NUTRIÇÃO - DIETÉTICA,SEM_VAGA,0
2026-09-09T10:51:51,ODONTOLOGIA - DENTÍSTICA,SEM_VAGA,0
2026-09-09T10:51:54,PROCTOLOGIA,SEM_VAGA,0
2026-09-09T10:57:04,CIRURGIA PLÁSTICA,SEM_VAGA,0
2026-09-09T10:57:07,DERMATOLOGIA,SEM_VAGA,0
2026-09-09T10:57:10,GASTROCLÍNICA,SEM_VAGA,0
2026-09-09T10:57:13,NUTRIÇÃO - DIETÉTICA,SEM_VAGA,0
2026-09-09T10:57:16,ODONTOLOGIA - DENTÍSTICA,SEM_VAGA,0
2026-09-09T10:57:20,PROCTOLOGIA,SEM_VAGA,0
2026-09-09T11:02:30,CIRURGIA PLÁSTICA,SEM_VAGA,0
2026-09-09T11:02:34,DERMATOLOGIA,SEM_VAGA,0
2026-09-09T11:02:39,GASTROCLÍNICA,SEM_VAGA,0
2026-09-09T11:02:44,NUTRIÇÃO - DIETÉTICA,SEM_VAGA,0
2026-09-09T11:02:48,ODONTOLOGIA - DENTÍSTICA,SEM_VAGA,0
2026-09-09T11:02:51,PROCTOLOGIA,SEM_VAGA,0
2026-09-09T11:07:59,CIRURGIA PLÁSTICA,SEM_VAGA,0
2026-09-09T11:08:02,DERMATOLOGIA,SEM_VAGA,0
2026-09-09T11:08:05,GASTROCLÍNICA,SEM_VAGA,0
2026-09-09T11:08:08,NUTRIÇÃO - DIETÉTICA,SEM_VAGA,0
2026-09-09T11:08:12,ODONTOLOGIA - DENTÍSTICA,SEM_VAGA,0
2026-09-09T11:08:15,PROCTOLOGIA,SEM_VAGA,0
2026-09-09T11:13:25,CIRURGIA PLÁSTICA,SEM_VAGA,0
2026-09-09T11:13:28,DERMATOLOGIA,SEM_VAGA,0
2026-09-09T11:13:31,GASTROCLÍNICA,SEM_VAGA,0
2026-09-09T11:13:34,NUTRIÇÃO - DIETÉTICA,SEM_VAGA,0
2026-09-09T11:13:38,ODONTOLOGIA - DENTÍSTICA,SEM_VAGA,0
2026-09-09T11:13:41,PROCTOLOGIA,SEM_VAGA,0
2026-09-09T11:18:49,CIRURGIA PLÁSTICA,SEM_VAGA,0
2026-09-09T11:18:52,DERMATOLOGIA,SEM_VAGA,0
2026-09-09T11:18:55,GASTROCLÍNICA,SEM_VAGA,0
2026-09-09T11:18:58,NUTRIÇÃO - DIETÉTICA,SEM_VAGA,0
2026-09-09T11:19:01,ODONTOLOGIA - DENTÍSTICA,SEM_VAGA,0
2026-09-09T11:19:05,PROCTOLOGIA,SEM_VAGA,0
2026-09-09T11:24:13,CIRURGIA PLÁSTICA,SEM_VAGA,0
2026-09-09T11:24:16,DERMATOLOGIA,SEM_VAGA,0
2026-09-09T11:24:19,GASTROCLÍNICA,SEM_VAGA,0
2026-09-09T11:24:23,NUTRIÇÃO - DIETÉTICA,SEM_VAGA,0
2026-09-09T11:24:26,ODONTOLOGIA - DENTÍSTICA,SEM_VAGA,0
2026-09-09T11:24:29,PROCTOLOGIA,SEM_VAGA,0
2026-09-09T11:29:37,CIRURGIA PLÁSTICA,SEM_VAGA,0
2026-09-09T11:29:41,DERMATOLOGIA,SEM_VAGA,0
2026-09-09T11:29:44,GASTROCLÍNICA,SEM_VAGA,0
2026-09-09T11:29:47,NUTRIÇÃO - DIETÉTICA,SEM_VAGA,0
2026-09-09T11:29:50,ODONTOLOGIA - DENTÍSTICA,SEM_VAGA,0
2026-09-09T11:29:53,PROCTOLOGIA,SEM_VAGA,0
2026-09-09T11:35:02,CIRURGIA PLÁSTICA,SEM_VAGA,0
2026-09-09T11:35:05,DERMATOLOGIA,SEM_VAGA,0
2026-09-09T11:35:08,GASTROCLÍNICA,SEM_VAGA,0
2026-09-09T11:35:11,NUTRIÇÃO - DIETÉTICA,SEM_VAGA,0
2026-09-09T11:35:14,ODONTOLOGIA - DENTÍSTICA,SEM_VAGA,0
2026-09-09T11:35:18,PROCTOLOGIA,SEM_VAGA,0
2026-09-09T11:40:26,CIRURGIA PLÁSTICA,SEM_VAGA,0
2026-09-09T11:40:29,DERMATOLOGIA,SEM_VAGA,0
2026-09-09T11:40:33,GASTROCLÍNICA,SEM_VAGA,0
2026-09-09T11:40:36,NUTRIÇÃO - DIETÉTICA,SEM_VAGA,0
2026-09-09T11:40:39,ODONTOLOGIA - DENTÍSTICA,SEM_VAGA,0
2026-09-09T11:40:42,PROCTOLOGIA,SEM_VAGA,0
2026-09-09T11:45:51,CIRURGIA PLÁSTICA,SEM_VAGA,0
2026-09-09T11:45:54,DERMATOLOGIA,SEM_VAGA,0
2026-09-09T11:45:57,GASTROCLÍNICA,SEM_VAGA,0
2026-09-09T11:46:00,NUTRIÇÃO - DIETÉTICA,SEM_VAGA,0
2026-09-09T11:46:03,ODONTOLOGIA - DENTÍSTICA,SEM_VAGA,0
2026-09-09T11:46:07,PROCTOLOGIA,SEM_VAGA,0
2026-09-09T11:51:18,CIRURGIA PLÁSTICA,SEM_VAGA,0
2026-09-09T11:51:23,DERMATOLOGIA,SEM_VAGA,0
2026-09-09T11:51:28,GASTROCLÍNICA,SEM_VAGA,0
2026-09-09T11:51:32,NUTRIÇÃO - DIETÉTICA,SEM_VAGA,0
2026-09-09T11:51:38,ODONTOLOGIA - DENTÍSTICA,SEM_VAGA,0
2026-09-09T11:51:43,PROCTOLOGIA,SEM_VAGA,0
2026-09-09T11:56:51,CIRURGIA PLÁSTICA,SEM_VAGA,0
2026-09-09T21:52:49,CIRURGIA PLÁSTICA,SEM_VAGA,0
2026-09-09T21:52:52,DERMATOLOGIA,SEM_VAGA,0
2026-09-09T21:52:55,GASTROCLÍNICA,SEM_VAGA,0
2026-09-09T21:52:59,NUTRIÇÃO - DIETÉTICA,SEM_VAGA,0
2026-09-09T21:53:02,ODONTOLOGIA - DENTÍSTICA,SEM_VAGA,0
2026-09-09T21:53:05,PROCTOLOGIA,SEM_VAGA,0
2026-09-09T21:58:13,CIRURGIA PLÁSTICA,SEM_VAGA,0
2026-09-09T21:58:17,DERMATOLOGIA,SEM_VAGA,0
2026-09-09T21:58:20,GASTROCLÍNICA,SEM_VAGA,0
2026-09-09T21:58:23,NUTRIÇÃO - DIETÉTICA,SEM_VAGA,0
2026-09-09T21:58:28,ODONTOLOGIA - DENTÍSTICA,SEM_VAGA,0
2026-09-09T21:58:33,PROCTOLOGIA,SEM_VAGA,0
2026-09-09T22:03:41,CIRURGIA PLÁSTICA,SEM_VAGA,0
2026-09-09T22:03:44,DERMATOLOGIA,SEM_VAGA,0
2026-09-09T22:03:48,GASTROCLÍNICA,SEM_VAGA,0
2026-09-09T22:03:52,NUTRIÇÃO - DIETÉTICA,SEM_VAGA,0
2026-09-09T22:03:56,ODONTOLOGIA - DENTÍSTICA,SEM_VAGA,0
2026-09-09T22:04:00,PROCTOLOGIA,SEM_VAGA,0
2026-09-09T22:09:08,CIRURGIA PLÁSTICA,SEM_VAGA,0
2026-09-09T22:09:11,DERMATOLOGIA,SEM_VAGA,0
2026-09-09T22:09:14,GASTROCLÍNICA,SEM_VAGA,0
2026-09-09T22:09:18,NUTRIÇÃO - DIETÉTICA,SEM_VAGA,0
2026-09-09T22:09:21,ODONTOLOGIA - DENTÍSTICA,SEM_VAGA,0
2026-09-09T22:09:24,PROCTOLOGIA,SEM_VAGA,0
2026-09-09T22:14:33,CIRURGIA PLÁSTICA,SEM_VAGA,0
2026-09-09T22:14:36,DERMATOLOGIA,SEM_VAGA,0
2026-09-09T22:14:39,GASTROCLÍNICA,SEM_VAGA,0
2026-09-09T22:14:42,NUTRIÇÃO - DIETÉTICA,SEM_VAGA,0
2026-09-09T22:14:45,ODONTOLOGIA - DENTÍSTICA,SEM_VAGA,0
2026-09-09T22:14:49,PROCTOLOGIA,SEM_VAGA,0
2026-09-09T22:19:57,CIRURGIA PLÁSTICA,SEM_VAGA,0
2026-09-09T22:20:00,DERMATOLOGIA,SEM_VAGA,0
2026-09-09T22:20:03,GASTROCLÍNICA,SEM_VAGA,0
2026-09-09T22:20:06,NUTRIÇÃO - DIETÉTICA,SEM_VAGA,0
2026-09-09T22:20:10,ODONTOLOGIA - DENTÍSTICA,SEM_VAGA,0
2026-09-09T22:20:17,PROCTOLOGIA,VAGA_ENCONTRADA,
2026-09-09T22:25:29,CIRURGIA PLÁSTICA,SEM_VAGA,0
2026-09-09T22:25:32,DERMATOLOGIA,SEM_VAGA,0
2026-09-09T22:25:36,GASTROCLÍNICA,SEM_VAGA,0
2026-09-09T22:25:39,NUTRIÇÃO - DIETÉTICA,SEM_VAGA,0
2026-09-09T22:25:42,ODONTOLOGIA - DENTÍSTICA,SEM_VAGA,0
2026-09-09T22:25:46,PROCTOLOGIA,SEM_VAGA,0
2026-09-09T22:30:54,CIRURGIA PLÁSTICA,SEM_VAGA,0
2026-09-09T22:30:57,DERMATOLOGIA,SEM_VAGA,0
2026-09-09T22:31:00,GASTROCLÍNICA,SEM_VAGA,0
2026-09-09T22:31:03,NUTRIÇÃO - DIETÉTICA,SEM_VAGA,0
2026-09-09T22:31:07,ODONTOLOGIA - DENTÍSTICA,SEM_VAGA,0
2026-09-09T22:31:10,PROCTOLOGIA,SEM_VAGA,0
2026-09-09T22:36:18,CIRURGIA PLÁSTICA,SEM_VAGA,0
2026-09-09T22:36:21,DERMATOLOGIA,SEM_VAGA,0
2026-09-09T22:36:24,GASTROCLÍNICA,SEM_VAGA,0
2026-09-09T22:36:28,NUTRIÇÃO - DIETÉTICA,SEM_VAGA,0
2026-09-09T22:36:31,ODONTOLOGIA - DENTÍSTICA,SEM_VAGA,0
2026-09-09T22:36:34,PROCTOLOGIA,SEM_VAGA,0
2026-09-09T22:41:42,CIRURGIA PLÁSTICA,SEM_VAGA,0
2026-09-09T22:41:46,DERMATOLOGIA,SEM_VAGA,0
2026-09-09T22:41:49,GASTROCLÍNICA,SEM_VAGA,0
2026-09-09T22:41:52,NUTRIÇÃO - DIETÉTICA,SEM_VAGA,0
2026-09-09T22:41:55,ODONTOLOGIA - DENTÍSTICA,SEM_VAGA,0
2026-09-09T22:41:59,PROCTOLOGIA,SEM_VAGA,0
2026-09-09T22:47:07,CIRURGIA PLÁSTICA,SEM_VAGA,0
2026-09-09T22:47:10,DERMATOLOGIA,SEM_VAGA,0
2026-09-09T22:47:13,GASTROCLÍNICA,SEM_VAGA,0
2026-09-09T22:47:16,NUTRIÇÃO - DIETÉTICA,SEM_VAGA,0
2026-09-09T22:47:20,ODONTOLOGIA - DENTÍSTICA,SEM_VAGA,0
2026-09-09T22:47:23,PROCTOLOGIA,SEM_VAGA,0
2026-09-09T22:52:31,CIRURGIA PLÁSTICA,SEM_VAGA,0
2026-09-09T22:52:35,DERMATOLOGIA,SEM_VAGA,0
2026-09-09T22:52:38,GASTROCLÍNICA,SEM_VAGA,0
2026-09-09T22:52:41,NUTRIÇÃO - DIETÉTICA,SEM_VAGA,0
2026-09-09T22:52:44,ODONTOLOGIA - DENTÍSTICA,SEM_VAGA,0
2026-09-09T22:52:48,PROCTOLOGIA,SEM_VAGA,0
2026-09-09T22:57:56,CIRURGIA PLÁSTICA,SEM_VAGA,0
2026-09-09T22:57:59,DERMATOLOGIA,SEM_VAGA,0
2026-09-09T22:58:02,GASTROCLÍNICA,SEM_VAGA,0
2026-09-09T22:58:06,NUTRIÇÃO - DIETÉTICA,SEM_VAGA,0
2026-09-09T22:58:09,ODONTOLOGIA - DENTÍSTICA,SEM_VAGA,0
2026-09-09T22:58:12,PROCTOLOGIA,SEM_VAGA,0
2026-09-09T23:03:20,CIRURGIA PLÁSTICA,SEM_VAGA,0
2026-09-09T23:03:24,DERMATOLOGIA,SEM_VAGA,0
2026-09-09T23:03:27,GASTROCLÍNICA,SEM_VAGA,0
2026-09-09T23:03:30,NUTRIÇÃO - DIETÉTICA,SEM_VAGA,0
2026-09-09T23:03:34,ODONTOLOGIA - DENTÍSTICA,SEM_VAGA,0
2026-09-09T23:03:37,PROCTOLOGIA,SEM_VAGA,0
2026-09-09T23:08:45,CIRURGIA PLÁSTICA,SEM_VAGA,0
2026-09-09T23:08:48,DERMATOLOGIA,SEM_VAGA,0
2026-09-09T23:08:51,GASTROCLÍNICA,SEM_VAGA,0
2026-09-09T23:08:55,NUTRIÇÃO - DIETÉTICA,SEM_VAGA,0
2026-09-09T23:08:58,ODONTOLOGIA - DENTÍSTICA,SEM_VAGA,0
2026-09-09T23:09:01,PROCTOLOGIA,SEM_VAGA,0
2026-09-09T23:14:09,CIRURGIA PLÁSTICA,SEM_VAGA,0
2026-09-09T23:14:12,DERMATOLOGIA,SEM_VAGA,0
2026-09-09T23:14:16,GASTROCLÍNICA,SEM_VAGA,0
2026-09-09T23:14:19,NUTRIÇÃO - DIETÉTICA,SEM_VAGA,0
2026-09-09T23:14:22,ODONTOLOGIA - DENTÍSTICA,SEM_VAGA,0
2026-09-09T23:14:26,PROCTOLOGIA,SEM_VAGA,0
2026-09-09T23:19:34,CIRURGIA PLÁSTICA,SEM_VAGA,0
2026-09-09T23:19:38,DERMATOLOGIA,SEM_VAGA,0
2026-09-09T23:19:41,GASTROCLÍNICA,SEM_VAGA,0
2026-09-09T23:19:44,NUTRIÇÃO - DIETÉTICA,SEM_VAGA,0
2026-09-09T23:19:48,ODONTOLOGIA - DENTÍSTICA,SEM_VAGA,0
2026-09-09T23:19:51,PROCTOLOGIA,SEM_VAGA,0
2026-09-09T23:24:59,CIRURGIA PLÁSTICA,SEM_VAGA,0
2026-09-09T23:25:03,DERMATOLOGIA,SEM_VAGA,0
2026-09-09T23:25:06,GASTROCLÍNICA,SEM_VAGA,0
2026-09-09T23:25:09,NUTRIÇÃO - DIETÉTICA,SEM_VAGA,0
2026-09-09T23:25:12,ODONTOLOGIA - DENTÍSTICA,SEM_VAGA,0
2026-09-09T23:25:15,PROCTOLOGIA,SEM_VAGA,0
2026-09-09T23:30:23,CIRURGIA PLÁSTICA,SEM_VAGA,0
2026-09-09T23:30:27,DERMATOLOGIA,SEM_VAGA,0
2026-09-09T23:30:30,GASTROCLÍNICA,SEM_VAGA,0
2026-09-09T23:30:33,NUTRIÇÃO - DIETÉTICA,SEM_VAGA,0
2026-09-09T23:30:36,ODONTOLOGIA - DENTÍSTICA,SEM_VAGA,0
2026-09-09T23:30:39,PROCTOLOGIA,SEM_VAGA,0
2026-09-09T23:35:48,CIRURGIA PLÁSTICA,SEM_VAGA,0
2026-09-09T23:35:51,DERMATOLOGIA,SEM_VAGA,0
2026-09-09T23:35:54,GASTROCLÍNICA,SEM_VAGA,0
2026-09-09T23:35:57,NUTRIÇÃO - DIETÉTICA,SEM_VAGA,0
2026-09-09T23:36:01,ODONTOLOGIA - DENTÍSTICA,SEM_VAGA,0
2026-09-09T23:36:04,PROCTOLOGIA,SEM_VAGA,0
2026-09-09T23:41:12,CIRURGIA PLÁSTICA,SEM_VAGA,0
2026-09-09T23:41:15,DERMATOLOGIA,SEM_VAGA,0
2026-09-09T23:41:18,GASTROCLÍNICA,SEM_VAGA,0
2026-09-09T23:41:22,NUTRIÇÃO - DIETÉTICA,SEM_VAGA,0
2026-09-09T23:41:25,ODONTOLOGIA - DENTÍSTICA,SEM_VAGA,0
2026-09-09T23:41:29,PROCTOLOGIA,SEM_VAGA,0
2026-09-09T23:46:37,CIRURGIA PLÁSTICA,SEM_VAGA,0
2026-09-09T23:46:40,DERMATOLOGIA,SEM_VAGA,0
2026-09-09T23:46:43,GASTROCLÍNICA,SEM_VAGA,0
2026-09-09T23:46:46,NUTRIÇÃO - DIETÉTICA,SEM_VAGA,0
2026-09-09T23:46:50,ODONTOLOGIA - DENTÍSTICA,SEM_VAGA,0
2026-09-09T23:46:53,PROCTOLOGIA,SEM_VAGA,0
2026-09-09T23:52:01,CIRURGIA PLÁSTICA,SEM_VAGA,0
2026-09-09T23:52:04,DERMATOLOGIA,SEM_VAGA,0
2026-09-09T23:52:08,GASTROCLÍNICA,SEM_VAGA,0
2026-09-09T23:52:11,NUTRIÇÃO - DIETÉTICA,SEM_VAGA,0
2026-09-09T23:52:14,ODONTOLOGIA - DENTÍSTICA,SEM_VAGA,0
2026-09-09T23:52:17,PROCTOLOGIA,SEM_VAGA,0
2026-09-09T23:57:25,CIRURGIA PLÁSTICA,SEM_VAGA,0
2026-09-10T09:47:36,DERMATOLOGIA,SEM_VAGA,0
2026-09-10T09:47:39,GASTROCLÍNICA,SEM_VAGA,0
2026-09-10T09:47:42,NUTRIÇÃO - DIETÉTICA,SEM_VAGA,0
2026-09-10T09:47:46,ODONTOLOGIA - DENTÍSTICA,SEM_VAGA,0
2026-09-10T09:47:49,PROCTOLOGIA,SEM_VAGA,0
2026-09-10T09:48:37,CIRURGIA PLÁSTICA,SEM_VAGA,0
2026-09-10T09:48:40,DERMATOLOGIA,SEM_VAGA,0
2026-09-10T09:48:43,GASTROCLÍNICA,SEM_VAGA,0
2026-09-10T09:48:46,NUTRIÇÃO - DIETÉTICA,SEM_VAGA,0
2026-09-10T09:48:49,ODONTOLOGIA - DENTÍSTICA,SEM_VAGA,0
2026-09-10T09:53:58,CIRURGIA PLÁSTICA,SEM_VAGA,0
2026-09-10T09:54:01,DERMATOLOGIA,SEM_VAGA,0
2026-09-10T09:54:04,GASTROCLÍNICA,SEM_VAGA,0
2026-09-10T09:54:07,NUTRIÇÃO - DIETÉTICA,SEM_VAGA,0
2026-09-10T09:54:10,ODONTOLOGIA - DENTÍSTICA,SEM_VAGA,0
2026-09-10T09:59:18,CIRURGIA PLÁSTICA,SEM_VAGA,0
2026-09-10T09:59:22,DERMATOLOGIA,SEM_VAGA,0
2026-09-10T09:59:25,GASTROCLÍNICA,SEM_VAGA,0
2026-09-10T09:59:28,NUTRIÇÃO - DIETÉTICA,SEM_VAGA,0
2026-09-10T09:59:31,ODONTOLOGIA - DENTÍSTICA,SEM_VAGA,0
2026-09-10T10:04:40,CIRURGIA PLÁSTICA,SEM_VAGA,0
2026-09-10T10:04:44,DERMATOLOGIA,SEM_VAGA,0
2026-09-10T10:04:47,GASTROCLÍNICA,SEM_VAGA,0
2026-09-10T10:04:50,NUTRIÇÃO - DIETÉTICA,SEM_VAGA,0
2026-09-10T10:04:54,ODONTOLOGIA - DENTÍSTICA,SEM_VAGA,0
2026-09-10T10:10:02,CIRURGIA PLÁSTICA,SEM_VAGA,0
2026-09-10T10:10:05,DERMATOLOGIA,SEM_VAGA,0
2026-09-10T10:10:08,GASTROCLÍNICA,SEM_VAGA,0
2026-09-10T10:10:12,NUTRIÇÃO - DIETÉTICA,SEM_VAGA,0
2026-09-10T10:10:15,ODONTOLOGIA - DENTÍSTICA,SEM_VAGA,0
2026-09-10T10:15:23,CIRURGIA PLÁSTICA,SEM_VAGA,0
2026-09-10T10:15:26,DERMATOLOGIA,SEM_VAGA,0
2026-09-10T10:15:29,GASTROCLÍNICA,SEM_VAGA,0
2026-09-10T10:15:32,NUTRIÇÃO - DIETÉTICA,SEM_VAGA,0
2026-09-10T10:15:36,ODONTOLOGIA - DENTÍSTICA,SEM_VAGA,0
2026-09-10T10:20:44,CIRURGIA PLÁSTICA,SEM_VAGA,0
2026-09-10T10:20:47,DERMATOLOGIA,SEM_VAGA,0
2026-09-10T10:20:51,GASTROCLÍNICA,SEM_VAGA,0
2026-09-10T10:20:54,NUTRIÇÃO - DIETÉTICA,SEM_VAGA,0
2026-09-10T10:20:58,ODONTOLOGIA - DENTÍSTICA,SEM_VAGA,0
2026-09-10T10:26:07,CIRURGIA PLÁSTICA,SEM_VAGA,0
2026-09-10T10:26:10,DERMATOLOGIA,SEM_VAGA,0
2026-09-10T10:26:13,GASTROCLÍNICA,SEM_VAGA,0
2026-09-10T10:26:17,NUTRIÇÃO - DIETÉTICA,SEM_VAGA,0
2026-09-10T10:26:20,ODONTOLOGIA - DENTÍSTICA,SEM_VAGA,0
2026-09-10T10:31:29,CIRURGIA PLÁSTICA,SEM_VAGA,0
2026-09-10T10:31:32,DERMATOLOGIA,SEM_VAGA,0
2026-09-10T10:31:35,GASTROCLÍNICA,SEM_VAGA,0
2026-09-10T10:31:38,NUTRIÇÃO - DIETÉTICA,SEM_VAGA,0
2026-09-10T10:31:42,ODONTOLOGIA - DENTÍSTICA,SEM_VAGA,0
2026-09-10T10:36:50,CIRURGIA PLÁSTICA,SEM_VAGA,0
2026-09-10T10:36:53,DERMATOLOGIA,SEM_VAGA,0
2026-09-10T10:36:57,GASTROCLÍNICA,SEM_VAGA,0
2026-09-10T10:37:00,NUTRIÇÃO - DIETÉTICA,SEM_VAGA,0
2026-09-10T10:37:03,ODONTOLOGIA - DENTÍSTICA,SEM_VAGA,0
2026-09-10T10:42:12,CIRURGIA PLÁSTICA,SEM_VAGA,0
2026-09-10T10:42:15,DERMATOLOGIA,SEM_VAGA,0
2026-09-10T10:42:19,GASTROCLÍNICA,SEM_VAGA,0
2026-09-10T10:42:22,NUTRIÇÃO - DIETÉTICA,SEM_VAGA,0
2026-09-10T10:42:26,ODONTOLOGIA - DENTÍSTICA,SEM_VAGA,0
2026-09-10T10:47:34,CIRURGIA PLÁSTICA,SEM_VAGA,0
2026-09-10T10:47:38,DERMATOLOGIA,SEM_VAGA,0
2026-09-10T10:47:41,GASTROCLÍNICA,SEM_VAGA,0
2026-09-10T10:47:44,NUTRIÇÃO - DIETÉTICA,SEM_VAGA,0
2026-09-10T10:47:47,ODONTOLOGIA - DENTÍSTICA,SEM_VAGA,0
2026-09-10T10:52:57,CIRURGIA PLÁSTICA,SEM_VAGA,0
2026-09-10T10:53:02,DERMATOLOGIA,SEM_VAGA,0
2026-09-10T10:53:06,GASTROCLÍNICA,SEM_VAGA,0
2026-09-10T10:53:09,NUTRIÇÃO - DIETÉTICA,SEM_VAGA,0
2026-09-10T10:53:12,ODONTOLOGIA - DENTÍSTICA,SEM_VAGA,0
2026-09-10T10:58:20,CIRURGIA PLÁSTICA,SEM_VAGA,0
2026-09-10T10:58:24,DERMATOLOGIA,SEM_VAGA,0
2026-09-10T10:58:27,GASTROCLÍNICA,SEM_VAGA,0
2026-09-10T10:58:31,NUTRIÇÃO - DIETÉTICA,SEM_VAGA,0
2026-09-10T10:58:34,ODONTOLOGIA - DENTÍSTICA,SEM_VAGA,0
2026-09-10T11:03:42,CIRURGIA PLÁSTICA,SEM_VAGA,0
2026-09-10T11:03:45,DERMATOLOGIA,SEM_VAGA,0
2026-09-10T11:03:49,GASTROCLÍNICA,SEM_VAGA,0
2026-09-10T11:03:52,NUTRIÇÃO - DIETÉTICA,SEM_VAGA,0
2026-09-10T11:03:55,ODONTOLOGIA - DENTÍSTICA,SEM_VAGA,0
2026-09-10T11:09:03,CIRURGIA PLÁSTICA,SEM_VAGA,0
2026-09-10T11:09:07,DERMATOLOGIA,SEM_VAGA,0
2026-09-10T11:09:10,GASTROCLÍNICA,SEM_VAGA,0
2026-09-10T11:09:13,NUTRIÇÃO - DIETÉTICA,SEM_VAGA,0
2026-09-10T11:09:16,ODONTOLOGIA - DENTÍSTICA,SEM_VAGA,0
2026-09-10T11:14:25,CIRURGIA PLÁSTICA,SEM_VAGA,0
2026-09-10T11:14:28,DERMATOLOGIA,SEM_VAGA,0
2026-09-10T11:14:31,GASTROCLÍNICA,SEM_VAGA,0
2026-09-10T11:14:34,NUTRIÇÃO - DIETÉTICA,SEM_VAGA,0
2026-09-10T11:14:38,ODONTOLOGIA - DENTÍSTICA,SEM_VAGA,0
2026-09-10T11:19:46,CIRURGIA PLÁSTICA,SEM_VAGA,0
2026-09-10T11:19:49,DERMATOLOGIA,SEM_VAGA,0
2026-09-10T11:19:52,GASTROCLÍNICA,SEM_VAGA,0
2026-09-10T11:19:55,NUTRIÇÃO - DIETÉTICA,SEM_VAGA,0
2026-09-10T11:19:59,ODONTOLOGIA - DENTÍSTICA,SEM_VAGA,0
2026-09-10T11:25:08,CIRURGIA PLÁSTICA,SEM_VAGA,0
2026-09-10T11:25:11,DERMATOLOGIA,SEM_VAGA,0
2026-09-10T11:25:14,GASTROCLÍNICA,SEM_VAGA,0
2026-09-10T11:25:17,NUTRIÇÃO - DIETÉTICA,SEM_VAGA,0
2026-09-10T11:25:21,ODONTOLOGIA - DENTÍSTICA,SEM_VAGA,0
2026-09-10T11:30:29,CIRURGIA PLÁSTICA,SEM_VAGA,0
2026-09-10T11:30:32,DERMATOLOGIA,SEM_VAGA,0
2026-09-10T11:30:35,GASTROCLÍNICA,SEM_VAGA,0
2026-09-10T11:30:39,NUTRIÇÃO - DIETÉTICA,SEM_VAGA,0
2026-09-10T11:30:42,ODONTOLOGIA - DENTÍSTICA,SEM_VAGA,0
2026-09-10T11:35:51,CIRURGIA PLÁSTICA,SEM_VAGA,0
2026-09-10T11:35:54,DERMATOLOGIA,SEM_VAGA,0
2026-09-10T11:35:57,GASTROCLÍNICA,SEM_VAGA,0
2026-09-10T11:36:00,NUTRIÇÃO - DIETÉTICA,SEM_VAGA,0
2026-09-10T11:36:03,ODONTOLOGIA - DENTÍSTICA,SEM_VAGA,0
2026-09-10T11:41:11,CIRURGIA PLÁSTICA,SEM_VAGA,0
2026-09-10T11:41:15,DERMATOLOGIA,SEM_VAGA,0
2026-09-10T11:41:18,GASTROCLÍNICA,SEM_VAGA,0
2026-09-10T11:41:21,NUTRIÇÃO - DIETÉTICA,SEM_VAGA,0
2026-09-10T11:41:24,ODONTOLOGIA - DENTÍSTICA,SEM_VAGA,0
2026-09-10T11:46:33,CIRURGIA PLÁSTICA,SEM_VAGA,0
2026-09-10T11:46:36,DERMATOLOGIA,SEM_VAGA,0
2026-09-10T11:46:39,GASTROCLÍNICA,SEM_VAGA,0
2026-09-10T11:46:43,NUTRIÇÃO - DIETÉTICA,SEM_VAGA,0
2026-09-10T11:46:46,ODONTOLOGIA - DENTÍSTICA,SEM_VAGA,0
2026-09-10T11:51:55,CIRURGIA PLÁSTICA,SEM_VAGA,0
2026-09-10T11:51:58,DERMATOLOGIA,SEM_VAGA,0
2026-09-10T11:52:01,GASTROCLÍNICA,SEM_VAGA,0
2026-09-10T11:52:05,NUTRIÇÃO - DIETÉTICA,SEM_VAGA,0
2026-09-10T11:52:08,ODONTOLOGIA - DENTÍSTICA,SEM_VAGA,0
2026-09-10T11:57:18,CIRURGIA PLÁSTICA,SEM_VAGA,0
2026-09-10T11:57:23,DERMATOLOGIA,SEM_VAGA,0
2026-09-10T11:57:27,GASTROCLÍNICA,SEM_VAGA,0
2026-09-10T11:57:32,NUTRIÇÃO - DIETÉTICA,SEM_VAGA,0
2026-09-10T11:57:36,ODONTOLOGIA - DENTÍSTICA,SEM_VAGA,0
2026-09-10T12:02:45,CIRURGIA PLÁSTICA,SEM_VAGA,0
2026-09-10T12:02:48,DERMATOLOGIA,SEM_VAGA,0
2026-09-10T12:02:51,GASTROCLÍNICA,SEM_VAGA,0
2026-09-10T12:02:54,NUTRIÇÃO - DIETÉTICA,SEM_VAGA,0
2026-09-10T12:02:58,ODONTOLOGIA - DENTÍSTICA,SEM_VAGA,0
2026-09-10T12:08:06,CIRURGIA PLÁSTICA,SEM_VAGA,0
2026-09-10T12:08:09,DERMATOLOGIA,SEM_VAGA,0
2026-09-10T12:08:12,GASTROCLÍNICA,SEM_VAGA,0
2026-09-10T12:08:16,NUTRIÇÃO - DIETÉTICA,SEM_VAGA,0
2026-09-10T12:08:19,ODONTOLOGIA - DENTÍSTICA,SEM_VAGA,0
2026-09-10T12:13:27,CIRURGIA PLÁSTICA,SEM_VAGA,0
2026-09-10T12:13:31,DERMATOLOGIA,SEM_VAGA,0
2026-09-10T12:13:34,GASTROCLÍNICA,SEM_VAGA,0
2026-09-10T12:13:39,NUTRIÇÃO - DIETÉTICA,SEM_VAGA,0
2026-09-10T12:13:43,ODONTOLOGIA - DENTÍSTICA,SEM_VAGA,0
2026-09-10T12:18:51,CIRURGIA PLÁSTICA,SEM_VAGA,0
2026-09-10T12:18:55,DERMATOLOGIA,SEM_VAGA,0
2026-09-10T12:18:58,GASTROCLÍNICA,SEM_VAGA,0
2026-09-10T12:19:01,NUTRIÇÃO - DIETÉTICA,SEM_VAGA,0
2026-09-10T12:19:05,ODONTOLOGIA - DENTÍSTICA,SEM_VAGA,0
2026-09-10T12:24:14,CIRURGIA PLÁSTICA,SEM_VAGA,0
2026-09-10T12:24:18,DERMATOLOGIA,SEM_VAGA,0
2026-09-10T12:24:23,GASTROCLÍNICA,SEM_VAGA,0
2026-09-10T12:24:28,NUTRIÇÃO - DIETÉTICA,SEM_VAGA,0
2026-09-10T12:24:33,ODONTOLOGIA - DENTÍSTICA,SEM_VAGA,0
2026-09-10T12:29:42,CIRURGIA PLÁSTICA,SEM_VAGA,0
2026-09-10T12:29:45,DERMATOLOGIA,SEM_VAGA,0
2026-09-10T12:29:50,GASTROCLÍNICA,SEM_VAGA,0
2026-09-10T12:29:54,NUTRIÇÃO - DIETÉTICA,SEM_VAGA,0
2026-09-10T12:29:59,ODONTOLOGIA - DENTÍSTICA,SEM_VAGA,0
2026-09-10T12:35:07,CIRURGIA PLÁSTICA,SEM_VAGA,0
2026-09-10T12:35:11,DERMATOLOGIA,SEM_VAGA,0
2026-09-10T12:35:14,GASTROCLÍNICA,SEM_VAGA,0
2026-09-10T12:35:17,NUTRIÇÃO - DIETÉTICA,SEM_VAGA,0
2026-09-10T12:35:20,ODONTOLOGIA - DENTÍSTICA,SEM_VAGA,0
2026-09-10T12:40:29,CIRURGIA PLÁSTICA,SEM_VAGA,0
2026-09-10T12:40:31,DERMATOLOGIA,SEM_VAGA,0
2026-09-10T12:40:34,GASTROCLÍNICA,SEM_VAGA,0
2026-09-10T12:40:38,NUTRIÇÃO - DIETÉTICA,SEM_VAGA,0
2026-09-10T12:40:41,ODONTOLOGIA - DENTÍSTICA,SEM_VAGA,0
2026-09-10T12:45:49,CIRURGIA PLÁSTICA,SEM_VAGA,0
2026-09-10T12:45:52,DERMATOLOGIA,SEM_VAGA,0
2026-09-10T12:45:55,GASTROCLÍNICA,SEM_VAGA,0
2026-09-10T12:45:59,NUTRIÇÃO - DIETÉTICA,SEM_VAGA,0
2026-09-10T12:46:02,ODONTOLOGIA - DENTÍSTICA,SEM_VAGA,0
2026-09-10T12:51:11,CIRURGIA PLÁSTICA,SEM_VAGA,0
2026-09-10T12:51:15,DERMATOLOGIA,SEM_VAGA,0
2026-09-10T12:51:18,GASTROCLÍNICA,SEM_VAGA,0
2026-09-10T12:51:22,NUTRIÇÃO - DIETÉTICA,SEM_VAGA,0
2026-09-10T12:51:25,ODONTOLOGIA - DENTÍSTICA,SEM_VAGA,0
2026-09-10T12:56:34,CIRURGIA PLÁSTICA,SEM_VAGA,0
2026-09-10T12:56:37,DERMATOLOGIA,SEM_VAGA,0
2026-09-10T12:56:40,GASTROCLÍNICA,SEM_VAGA,0
2026-09-10T12:56:43,NUTRIÇÃO - DIETÉTICA,SEM_VAGA,0
2026-09-10T12:56:47,ODONTOLOGIA - DENTÍSTICA,SEM_VAGA,0
2026-09-10T13:01:55,CIRURGIA PLÁSTICA,SEM_VAGA,0
2026-09-10T13:01:58,DERMATOLOGIA,SEM_VAGA,0
2026-09-10T13:02:01,GASTROCLÍNICA,SEM_VAGA,0
2026-09-10T13:02:04,NUTRIÇÃO - DIETÉTICA,SEM_VAGA,0
2026-09-10T13:02:09,ODONTOLOGIA - DENTÍSTICA,SEM_VAGA,0
2026-09-10T13:07:17,CIRURGIA PLÁSTICA,SEM_VAGA,0
2026-09-10T13:07:20,DERMATOLOGIA,SEM_VAGA,0
2026-09-10T13:07:23,GASTROCLÍNICA,SEM_VAGA,0
2026-09-10T13:07:26,NUTRIÇÃO - DIETÉTICA,SEM_VAGA,0
2026-09-10T13:07:30,ODONTOLOGIA - DENTÍSTICA,SEM_VAGA,0
2026-09-10T13:12:41,CIRURGIA PLÁSTICA,SEM_VAGA,0
2026-09-10T13:12:44,DERMATOLOGIA,SEM_VAGA,0
2026-09-10T13:12:49,GASTROCLÍNICA,SEM_VAGA,0
2026-09-10T13:12:52,NUTRIÇÃO - DIETÉTICA,SEM_VAGA,0
2026-09-10T13:12:55,ODONTOLOGIA - DENTÍSTICA,SEM_VAGA,0
2026-09-10T13:18:04,CIRURGIA PLÁSTICA,SEM_VAGA,0
2026-09-10T13:18:07,DERMATOLOGIA,SEM_VAGA,0
2026-09-10T13:18:10,GASTROCLÍNICA,SEM_VAGA,0
2026-09-10T13:18:15,NUTRIÇÃO - DIETÉTICA,SEM_VAGA,0
2026-09-10T13:18:20,ODONTOLOGIA - DENTÍSTICA,SEM_VAGA,0
2026-09-10T13:22:01,CIRURGIA PLÁSTICA,SEM_VAGA,0
2026-09-10T13:22:06,DERMATOLOGIA,SEM_VAGA,0
2026-09-10T13:22:11,GASTROCLÍNICA,SEM_VAGA,0
2026-09-10T13:22:14,NUTRIÇÃO - DIETÉTICA,SEM_VAGA,0
2026-09-10T13:22:20,ODONTOLOGIA - DENTÍSTICA,SEM_VAGA,0
2026-09-10T13:27:32,CIRURGIA PLÁSTICA,SEM_VAGA,0
2026-09-10T13:27:37,DERMATOLOGIA,SEM_VAGA,0
2026-09-10T13:27:42,GASTROCLÍNICA,SEM_VAGA,0
2026-09-10T13:27:47,NUTRIÇÃO - DIETÉTICA,SEM_VAGA,0
2026-09-10T13:27:52,ODONTOLOGIA - DENTÍSTICA,SEM_VAGA,0
2026-09-10T13:33:02,CIRURGIA PLÁSTICA,SEM_VAGA,0
2026-09-10T13:33:07,DERMATOLOGIA,SEM_VAGA,0
2026-09-10T13:33:10,GASTROCLÍNICA,SEM_VAGA,0
2026-09-10T13:33:13,NUTRIÇÃO - DIETÉTICA,SEM_VAGA,0
2026-09-10T13:33:17,ODONTOLOGIA - DENTÍSTICA,SEM_VAGA,0
2026-09-10T13:38:25,CIRURGIA PLÁSTICA,SEM_VAGA,0
2026-09-10T13:38:28,DERMATOLOGIA,SEM_VAGA,0
2026-09-10T13:38:32,GASTROCLÍNICA,SEM_VAGA,0
2026-09-10T13:38:35,NUTRIÇÃO - DIETÉTICA,SEM_VAGA,0
2026-09-10T13:38:38,ODONTOLOGIA - DENTÍSTICA,SEM_VAGA,0
2026-09-10T13:43:47,CIRURGIA PLÁSTICA,SEM_VAGA,0
2026-09-10T13:43:50,DERMATOLOGIA,SEM_VAGA,0
2026-09-10T13:43:53,GASTROCLÍNICA,SEM_VAGA,0
2026-09-10T13:43:56,NUTRIÇÃO - DIETÉTICA,SEM_VAGA,0
2026-09-10T13:44:00,ODONTOLOGIA - DENTÍSTICA,SEM_VAGA,0
2026-09-10T13:49:08,CIRURGIA PLÁSTICA,SEM_VAGA,0
2026-09-10T13:49:11,DERMATOLOGIA,SEM_VAGA,0
2026-09-10T13:49:14,GASTROCLÍNICA,SEM_VAGA,0
2026-09-10T13:49:18,NUTRIÇÃO - DIETÉTICA,SEM_VAGA,0
2026-09-10T13:49:21,ODONTOLOGIA - DENTÍSTICA,SEM_VAGA,0
2026-09-10T13:54:28,CIRURGIA PLÁSTICA,SEM_VAGA,0
2026-09-10T15:00:29,CIRURGIA PLÁSTICA,SEM_VAGA,0
2026-09-10T15:00:33,DERMATOLOGIA,SEM_VAGA,0
2026-09-10T15:00:36,GASTROCLÍNICA,SEM_VAGA,0
2026-09-10T15:00:39,NUTRIÇÃO - DIETÉTICA,SEM_VAGA,0
2026-09-10T15:00:42,ODONTOLOGIA - DENTÍSTICA,SEM_VAGA,0
2026-09-10T15:05:50,CIRURGIA PLÁSTICA,SEM_VAGA,0
2026-09-10T15:05:54,DERMATOLOGIA,SEM_VAGA,0
2026-09-10T15:05:57,GASTROCLÍNICA,SEM_VAGA,0
2026-09-10T15:06:00,NUTRIÇÃO - DIETÉTICA,SEM_VAGA,0
2026-09-10T15:06:03,ODONTOLOGIA - DENTÍSTICA,SEM_VAGA,0
2026-09-10T15:11:12,CIRURGIA PLÁSTICA,SEM_VAGA,0
2026-09-10T15:11:15,DERMATOLOGIA,SEM_VAGA,0
2026-09-10T15:11:19,GASTROCLÍNICA,SEM_VAGA,0
2026-09-10T15:11:22,NUTRIÇÃO - DIETÉTICA,SEM_VAGA,0
2026-09-10T15:11:25,ODONTOLOGIA - DENTÍSTICA,SEM_VAGA,0
2026-09-10T15:16:34,CIRURGIA PLÁSTICA,SEM_VAGA,0
2026-09-10T15:16:37,DERMATOLOGIA,SEM_VAGA,0
2026-09-10T15:16:40,GASTROCLÍNICA,SEM_VAGA,0
2026-09-10T15:16:44,NUTRIÇÃO - DIETÉTICA,SEM_VAGA,0
2026-09-10T15:16:47,ODONTOLOGIA - DENTÍSTICA,SEM_VAGA,0
2026-09-10T15:21:55,CIRURGIA PLÁSTICA,SEM_VAGA,0
2026-09-10T15:46:25,CIRURGIA PLÁSTICA,SEM_VAGA,0
2026-09-10T15:46:28,DERMATOLOGIA,SEM_VAGA,0
2026-09-10T15:46:31,GASTROCLÍNICA,SEM_VAGA,0
2026-09-10T15:46:36,NUTRIÇÃO - DIETÉTICA,SEM_VAGA,0
2026-09-10T15:46:40,ODONTOLOGIA - DENTÍSTICA,SEM_VAGA,0
2026-09-10T15:51:49,CIRURGIA PLÁSTICA,SEM_VAGA,0
2026-09-10T15:51:52,DERMATOLOGIA,SEM_VAGA,0
2026-09-10T15:51:55,GASTROCLÍNICA,SEM_VAGA,0
2026-09-10T15:51:58,NUTRIÇÃO - DIETÉTICA,SEM_VAGA,0
2026-09-10T15:52:01,ODONTOLOGIA - DENTÍSTICA,SEM_VAGA,0
2026-09-10T15:57:09,CIRURGIA PLÁSTICA,SEM_VAGA,0
2026-09-10T15:57:12,DERMATOLOGIA,SEM_VAGA,0
2026-09-10T15:57:16,GASTROCLÍNICA,SEM_VAGA,0
2026-09-10T15:57:19,NUTRIÇÃO - DIETÉTICA,SEM_VAGA,0
2026-09-10T15:57:23,ODONTOLOGIA - DENTÍSTICA,SEM_VAGA,0
2026-09-10T16:02:31,CIRURGIA PLÁSTICA,SEM_VAGA,0
2026-09-10T16:02:34,DERMATOLOGIA,SEM_VAGA,0
2026-09-10T16:02:37,GASTROCLÍNICA,SEM_VAGA,0
2026-09-10T16:02:40,NUTRIÇÃO - DIETÉTICA,SEM_VAGA,0
2026-09-10T16:02:44,ODONTOLOGIA - DENTÍSTICA,SEM_VAGA,0
2026-09-10T16:07:52,CIRURGIA PLÁSTICA,SEM_VAGA,0
2026-09-10T16:07:56,DERMATOLOGIA,SEM_VAGA,0
2026-09-10T16:07:59,GASTROCLÍNICA,SEM_VAGA,0
2026-09-10T16:08:02,NUTRIÇÃO - DIETÉTICA,SEM_VAGA,0
2026-09-10T16:08:06,ODONTOLOGIA - DENTÍSTICA,SEM_VAGA,0
2026-09-10T16:13:16,CIRURGIA PLÁSTICA,SEM_VAGA,0
2026-09-10T16:13:20,DERMATOLOGIA,SEM_VAGA,0
2026-09-10T16:13:24,GASTROCLÍNICA,SEM_VAGA,0
2026-09-10T16:13:28,NUTRIÇÃO - DIETÉTICA,SEM_VAGA,0
2026-09-10T16:13:32,ODONTOLOGIA - DENTÍSTICA,SEM_VAGA,0
2026-09-10T16:18:41,CIRURGIA PLÁSTICA,SEM_VAGA,0
2026-09-10T16:18:46,DERMATOLOGIA,SEM_VAGA,0
2026-09-10T16:18:50,GASTROCLÍNICA,SEM_VAGA,0
2026-09-10T16:18:54,NUTRIÇÃO - DIETÉTICA,SEM_VAGA,0
2026-09-10T16:18:57,ODONTOLOGIA - DENTÍSTICA,SEM_VAGA,0
2026-09-10T16:24:07,CIRURGIA PLÁSTICA,SEM_VAGA,0
2026-09-10T16:24:12,DERMATOLOGIA,SEM_VAGA,0
2026-09-10T16:24:17,GASTROCLÍNICA,SEM_VAGA,0
2026-09-10T16:24:22,NUTRIÇÃO - DIETÉTICA,SEM_VAGA,0
2026-09-10T16:24:27,ODONTOLOGIA - DENTÍSTICA,SEM_VAGA,0
2026-09-10T16:29:36,CIRURGIA PLÁSTICA,SEM_VAGA,0
2026-09-10T16:29:39,DERMATOLOGIA,SEM_VAGA,0
2026-09-10T16:29:42,GASTROCLÍNICA,SEM_VAGA,0
2026-09-10T16:29:46,NUTRIÇÃO - DIETÉTICA,SEM_VAGA,0
2026-09-10T16:29:51,ODONTOLOGIA - DENTÍSTICA,SEM_VAGA,0
2026-09-10T16:34:59,CIRURGIA PLÁSTICA,SEM_VAGA,0
2026-09-10T16:35:02,DERMATOLOGIA,SEM_VAGA,0
2026-09-10T16:35:05,GASTROCLÍNICA,SEM_VAGA,0
2026-09-10T16:35:08,NUTRIÇÃO - DIETÉTICA,SEM_VAGA,0
2026-09-10T16:35:12,ODONTOLOGIA - DENTÍSTICA,SEM_VAGA,0
2026-09-10T16:40:21,CIRURGIA PLÁSTICA,SEM_VAGA,0
2026-09-10T16:40:24,DERMATOLOGIA,SEM_VAGA,0
2026-09-10T16:40:28,GASTROCLÍNICA,SEM_VAGA,0
2026-09-10T16:40:31,NUTRIÇÃO - DIETÉTICA,SEM_VAGA,0
2026-09-10T16:40:34,ODONTOLOGIA - DENTÍSTICA,SEM_VAGA,0
2026-09-10T16:45:43,CIRURGIA PLÁSTICA,SEM_VAGA,0
2026-09-10T16:45:47,DERMATOLOGIA,SEM_VAGA,0
2026-09-10T16:45:51,GASTROCLÍNICA,SEM_VAGA,0
2026-09-10T16:45:56,NUTRIÇÃO - DIETÉTICA,SEM_VAGA,0
2026-09-10T16:46:01,ODONTOLOGIA - DENTÍSTICA,SEM_VAGA,0
2026-09-10T16:51:09,CIRURGIA PLÁSTICA,SEM_VAGA,0
2026-09-10T16:51:12,DERMATOLOGIA,SEM_VAGA,0
2026-09-10T16:51:15,GASTROCLÍNICA,SEM_VAGA,0
2026-09-10T16:51:19,NUTRIÇÃO - DIETÉTICA,SEM_VAGA,0
2026-09-10T16:51:22,ODONTOLOGIA - DENTÍSTICA,SEM_VAGA,0
2026-09-10T16:56:30,CIRURGIA PLÁSTICA,SEM_VAGA,0
2026-09-10T16:56:33,DERMATOLOGIA,SEM_VAGA,0
2026-09-10T16:56:36,GASTROCLÍNICA,SEM_VAGA,0
2026-09-10T16:56:39,NUTRIÇÃO - DIETÉTICA,SEM_VAGA,0
2026-09-10T16:56:42,ODONTOLOGIA - DENTÍSTICA,SEM_VAGA,0
2026-09-10T17:01:50,CIRURGIA PLÁSTICA,SEM_VAGA,0
2026-09-10T17:01:53,DERMATOLOGIA,SEM_VAGA,0
2026-09-10T17:01:57,GASTROCLÍNICA,SEM_VAGA,0
2026-09-10T17:02:00,NUTRIÇÃO - DIETÉTICA,SEM_VAGA,0
2026-09-10T17:02:03,ODONTOLOGIA - DENTÍSTICA,SEM_VAGA,0
2026-09-10T17:07:12,CIRURGIA PLÁSTICA,SEM_VAGA,0
2026-09-10T17:07:15,DERMATOLOGIA,SEM_VAGA,0
2026-09-10T17:07:18,GASTROCLÍNICA,SEM_VAGA,0
2026-09-10T17:07:21,NUTRIÇÃO - DIETÉTICA,SEM_VAGA,0
2026-09-10T17:07:25,ODONTOLOGIA - DENTÍSTICA,SEM_VAGA,0
2026-09-10T17:12:35,CIRURGIA PLÁSTICA,SEM_VAGA,0
2026-09-10T17:12:40,DERMATOLOGIA,SEM_VAGA,0
2026-09-10T17:12:44,GASTROCLÍNICA,SEM_VAGA,0
2026-09-10T17:12:48,NUTRIÇÃO - DIETÉTICA,SEM_VAGA,0
2026-09-10T17:12:53,ODONTOLOGIA - DENTÍSTICA,SEM_VAGA,0
2026-09-10T17:18:01,CIRURGIA PLÁSTICA,SEM_VAGA,0
2026-09-10T17:18:04,DERMATOLOGIA,SEM_VAGA,0
2026-09-10T17:18:07,GASTROCLÍNICA,SEM_VAGA,0
2026-09-10T17:18:10,NUTRIÇÃO - DIETÉTICA,SEM_VAGA,0
2026-09-10T17:18:17,ODONTOLOGIA - DENTÍSTICA,SEM_VAGA,0
2026-09-10T17:23:26,CIRURGIA PLÁSTICA,SEM_VAGA,0
2026-09-10T17:23:29,DERMATOLOGIA,SEM_VAGA,0
2026-09-10T17:23:32,GASTROCLÍNICA,SEM_VAGA,0
2026-09-10T17:23:35,NUTRIÇÃO - DIETÉTICA,SEM_VAGA,0
2026-09-10T17:23:39,ODONTOLOGIA - DENTÍSTICA,SEM_VAGA,0
2026-09-10T17:28:47,CIRURGIA PLÁSTICA,SEM_VAGA,0
2026-09-10T17:28:50,DERMATOLOGIA,SEM_VAGA,0
2026-09-10T17:28:53,GASTROCLÍNICA,SEM_VAGA,0
2026-09-10T17:28:56,NUTRIÇÃO - DIETÉTICA,SEM_VAGA,0
2026-09-10T17:29:00,ODONTOLOGIA - DENTÍSTICA,SEM_VAGA,0
2026-09-10T17:34:08,CIRURGIA PLÁSTICA,SEM_VAGA,0
2026-09-10T17:34:12,DERMATOLOGIA,SEM_VAGA,0
2026-09-10T17:34:15,GASTROCLÍNICA,SEM_VAGA,0
2026-09-10T17:34:18,NUTRIÇÃO - DIETÉTICA,SEM_VAGA,0
2026-09-10T17:34:21,ODONTOLOGIA - DENTÍSTICA,SEM_VAGA,0
2026-09-10T17:39:29,CIRURGIA PLÁSTICA,SEM_VAGA,0
2026-09-10T17:39:33,DERMATOLOGIA,SEM_VAGA,0
2026-09-10T17:39:36,GASTROCLÍNICA,SEM_VAGA,0
2026-09-10T17:39:39,NUTRIÇÃO - DIETÉTICA,SEM_VAGA,0
2026-09-10T17:39:42,ODONTOLOGIA - DENTÍSTICA,SEM_VAGA,0
2026-09-10T17:44:51,CIRURGIA PLÁSTICA,SEM_VAGA,0
2026-09-10T17:44:55,DERMATOLOGIA,SEM_VAGA,0
2026-09-10T17:44:59,GASTROCLÍNICA,SEM_VAGA,0
2026-09-10T17:45:02,NUTRIÇÃO - DIETÉTICA,SEM_VAGA,0
2026-09-10T17:45:06,ODONTOLOGIA - DENTÍSTICA,SEM_VAGA,0
2026-09-10T17:50:15,CIRURGIA PLÁSTICA,SEM_VAGA,0
2026-09-10T17:50:18,DERMATOLOGIA,SEM_VAGA,0
2026-09-10T17:50:21,GASTROCLÍNICA,SEM_VAGA,0
2026-09-10T17:50:25,NUTRIÇÃO - DIETÉTICA,SEM_VAGA,0
2026-09-10T17:50:28,ODONTOLOGIA - DENTÍSTICA,SEM_VAGA,0
2026-09-10T17:55:36,CIRURGIA PLÁSTICA,SEM_VAGA,0
2026-09-10T17:55:39,DERMATOLOGIA,SEM_VAGA,0
2026-09-10T17:55:42,GASTROCLÍNICA,SEM_VAGA,0
2026-09-10T17:55:46,NUTRIÇÃO - DIETÉTICA,SEM_VAGA,0
2026-09-10T17:55:53,ODONTOLOGIA - DENTÍSTICA,VAGA_ENCONTRADA,
2026-09-10T18:01:06,CIRURGIA PLÁSTICA,SEM_VAGA,0
2026-09-10T18:01:09,DERMATOLOGIA,SEM_VAGA,0
2026-09-10T18:01:12,GASTROCLÍNICA,SEM_VAGA,0
2026-09-10T18:01:15,NUTRIÇÃO - DIETÉTICA,SEM_VAGA,0
2026-09-10T18:01:19,ODONTOLOGIA - DENTÍSTICA,SEM_VAGA,0
2026-09-10T18:06:29,CIRURGIA PLÁSTICA,SEM_VAGA,0
2026-09-10T18:06:32,DERMATOLOGIA,SEM_VAGA,0
2026-09-10T18:06:36,GASTROCLÍNICA,SEM_VAGA,0
2026-09-10T18:06:39,NUTRIÇÃO - DIETÉTICA,SEM_VAGA,0
2026-09-10T18:06:43,ODONTOLOGIA - DENTÍSTICA,SEM_VAGA,0
2026-09-10T18:11:51,CIRURGIA PLÁSTICA,SEM_VAGA,0
2026-09-10T18:11:54,DERMATOLOGIA,SEM_VAGA,0
2026-09-10T18:11:57,GASTROCLÍNICA,SEM_VAGA,0
2026-09-10T18:12:00,NUTRIÇÃO - DIETÉTICA,SEM_VAGA,0
2026-09-10T18:12:04,ODONTOLOGIA - DENTÍSTICA,SEM_VAGA,0
2026-09-10T18:17:13,CIRURGIA PLÁSTICA,SEM_VAGA,0
2026-09-10T18:17:16,DERMATOLOGIA,SEM_VAGA,0
2026-09-10T18:17:19,GASTROCLÍNICA,SEM_VAGA,0
2026-09-10T18:17:22,NUTRIÇÃO - DIETÉTICA,SEM_VAGA,0
2026-09-10T18:17:29,ODONTOLOGIA - DENTÍSTICA,VAGA_ENCONTRADA,
2026-09-10T18:22:41,CIRURGIA PLÁSTICA,SEM_VAGA,0
2026-09-10T18:22:44,DERMATOLOGIA,SEM_VAGA,0
2026-09-10T18:22:47,GASTROCLÍNICA,SEM_VAGA,0
2026-09-10T18:22:50,NUTRIÇÃO - DIETÉTICA,SEM_VAGA,0
2026-09-10T18:22:57,ODONTOLOGIA - DENTÍSTICA,VAGA_ENCONTRADA,
2026-09-10T18:28:09,CIRURGIA PLÁSTICA,SEM_VAGA,0
2026-09-10T18:28:13,DERMATOLOGIA,SEM_VAGA,0
2026-09-10T18:28:16,GASTROCLÍNICA,SEM_VAGA,0
2026-09-10T18:28:19,NUTRIÇÃO - DIETÉTICA,SEM_VAGA,0
2026-09-10T18:28:22,ODONTOLOGIA - DENTÍSTICA,SEM_VAGA,0
2026-09-10T18:33:31,CIRURGIA PLÁSTICA,SEM_VAGA,0
2026-09-10T18:33:34,DERMATOLOGIA,SEM_VAGA,0
2026-09-10T18:33:38,GASTROCLÍNICA,SEM_VAGA,0
2026-09-10T18:33:41,NUTRIÇÃO - DIETÉTICA,SEM_VAGA,0
2026-09-10T18:33:44,ODONTOLOGIA - DENTÍSTICA,SEM_VAGA,0
2026-09-10T18:37:50,ACUPUNTURA,SEM_VAGA,0
2026-09-10T18:37:54,CIRURGIA PLÁSTICA,SEM_VAGA,0
2026-09-10T18:37:57,DERMATOLOGIA,SEM_VAGA,0
2026-09-10T18:38:00,FISIOTERAPIA MEMBROS INFERIORES,SEM_VAGA,0
2026-09-10T18:38:03,FISIOTERAPIA MEMBROS INFERIORES,SEM_VAGA,0
2026-09-10T18:38:07,GASTROCLÍNICA,SEM_VAGA,0
2026-09-10T18:38:10,NUTRIÇÃO - DIETÉTICA,SEM_VAGA,0
2026-09-10T18:38:13,ODONTOLOGIA - DENTÍSTICA,SEM_VAGA,0
2026-09-10T18:43:22,ACUPUNTURA,SEM_VAGA,0
2026-09-10T18:43:25,CIRURGIA PLÁSTICA,SEM_VAGA,0
2026-09-10T18:43:28,DERMATOLOGIA,SEM_VAGA,0
2026-09-10T18:43:31,FISIOTERAPIA MEMBROS INFERIORES,SEM_VAGA,0
2026-09-10T18:43:34,FISIOTERAPIA MEMBROS INFERIORES,SEM_VAGA,0
2026-09-10T18:43:38,GASTROCLÍNICA,SEM_VAGA,0
2026-09-10T18:43:41,NUTRIÇÃO - DIETÉTICA,SEM_VAGA,0
2026-09-10T18:43:44,ODONTOLOGIA - DENTÍSTICA,SEM_VAGA,0
2026-09-10T18:48:52,ACUPUNTURA,SEM_VAGA,0
2026-09-10T18:48:55,CIRURGIA PLÁSTICA,SEM_VAGA,0
2026-09-10T18:48:59,DERMATOLOGIA,SEM_VAGA,0
2026-09-10T18:49:02,FISIOTERAPIA MEMBROS INFERIORES,SEM_VAGA,0
2026-09-10T18:49:05,FISIOTERAPIA MEMBROS INFERIORES,SEM_VAGA,0
2026-09-10T18:49:08,GASTROCLÍNICA,SEM_VAGA,0
2026-09-10T18:49:11,NUTRIÇÃO - DIETÉTICA,SEM_VAGA,0
2026-09-10T18:49:15,ODONTOLOGIA - DENTÍSTICA,SEM_VAGA,0
2026-09-10T18:54:24,ACUPUNTURA,SEM_VAGA,0
2026-09-10T18:54:28,CIRURGIA PLÁSTICA,SEM_VAGA,0
2026-09-10T18:54:32,DERMATOLOGIA,SEM_VAGA,0
2026-09-10T18:54:37,FISIOTERAPIA MEMBROS INFERIORES,SEM_VAGA,0
2026-09-10T18:54:41,FISIOTERAPIA MEMBROS INFERIORES,SEM_VAGA,0
2026-09-10T18:54:45,GASTROCLÍNICA,SEM_VAGA,0
2026-09-10T18:54:49,NUTRIÇÃO - DIETÉTICA,SEM_VAGA,0
2026-09-10T18:54:53,ODONTOLOGIA - DENTÍSTICA,SEM_VAGA,0
2026-09-10T19:00:01,ACUPUNTURA,SEM_VAGA,0
2026-09-10T19:00:04,CIRURGIA PLÁSTICA,SEM_VAGA,0
2026-09-10T19:00:07,DERMATOLOGIA,SEM_VAGA,0
2026-09-10T19:00:10,FISIOTERAPIA MEMBROS INFERIORES,SEM_VAGA,0
2026-09-10T19:00:14,FISIOTERAPIA MEMBROS INFERIORES,SEM_VAGA,0
2026-09-10T19:00:17,GASTROCLÍNICA,SEM_VAGA,0
2026-09-10T19:00:20,NUTRIÇÃO - DIETÉTICA,SEM_VAGA,0
2026-09-10T19:00:24,ODONTOLOGIA - DENTÍSTICA,SEM_VAGA,0
2026-09-10T19:05:32,ACUPUNTURA,SEM_VAGA,0
2026-09-10T19:05:35,CIRURGIA PLÁSTICA,SEM_VAGA,0
2026-09-10T19:05:39,DERMATOLOGIA,SEM_VAGA,0
2026-09-10T19:05:42,FISIOTERAPIA MEMBROS INFERIORES,SEM_VAGA,0
2026-09-10T19:05:47,FISIOTERAPIA MEMBROS INFERIORES,SEM_VAGA,0
2026-09-10T19:05:51,GASTROCLÍNICA,SEM_VAGA,0
2026-09-10T19:05:55,NUTRIÇÃO - DIETÉTICA,SEM_VAGA,0
2026-09-10T19:05:59,ODONTOLOGIA - DENTÍSTICA,SEM_VAGA,0
2026-09-10T19:11:08,ACUPUNTURA,SEM_VAGA,0
2026-09-10T19:11:13,CIRURGIA PLÁSTICA,SEM_VAGA,0
2026-09-10T19:11:17,DERMATOLOGIA,SEM_VAGA,0
2026-09-10T19:11:21,FISIOTERAPIA MEMBROS INFERIORES,SEM_VAGA,0
2026-09-10T19:11:25,FISIOTERAPIA MEMBROS INFERIORES,SEM_VAGA,0
2026-09-10T19:11:30,GASTROCLÍNICA,SEM_VAGA,0
2026-09-10T19:11:33,NUTRIÇÃO - DIETÉTICA,SEM_VAGA,0
2026-09-10T19:11:36,ODONTOLOGIA - DENTÍSTICA,SEM_VAGA,0
2026-09-10T19:16:45,ACUPUNTURA,SEM_VAGA,0
2026-09-10T19:16:48,CIRURGIA PLÁSTICA,SEM_VAGA,0
2026-09-10T19:16:52,DERMATOLOGIA,SEM_VAGA,0
2026-09-10T19:16:55,FISIOTERAPIA MEMBROS INFERIORES,SEM_VAGA,0
2026-09-10T19:16:58,FISIOTERAPIA MEMBROS INFERIORES,SEM_VAGA,0
2026-09-10T19:17:01,GASTROCLÍNICA,SEM_VAGA,0
2026-09-10T19:17:04,NUTRIÇÃO - DIETÉTICA,SEM_VAGA,0
2026-09-10T19:17:08,ODONTOLOGIA - DENTÍSTICA,SEM_VAGA,0
2026-09-10T19:22:16,ACUPUNTURA,SEM_VAGA,0
2026-09-10T19:22:19,CIRURGIA PLÁSTICA,SEM_VAGA,0
2026-09-10T19:22:23,DERMATOLOGIA,SEM_VAGA,0
2026-09-10T19:22:26,FISIOTERAPIA MEMBROS INFERIORES,SEM_VAGA,0
2026-09-10T19:22:30,FISIOTERAPIA MEMBROS INFERIORES,SEM_VAGA,0
2026-09-10T19:22:33,GASTROCLÍNICA,SEM_VAGA,0
2026-09-10T19:22:37,NUTRIÇÃO - DIETÉTICA,SEM_VAGA,0
2026-09-10T19:22:40,ODONTOLOGIA - DENTÍSTICA,SEM_VAGA,0
2026-09-10T19:27:48,ACUPUNTURA,SEM_VAGA,0
2026-09-10T19:27:51,CIRURGIA PLÁSTICA,SEM_VAGA,0
2026-09-10T19:27:54,DERMATOLOGIA,SEM_VAGA,0
2026-09-10T19:27:57,FISIOTERAPIA MEMBROS INFERIORES,SEM_VAGA,0
2026-09-10T19:28:01,FISIOTERAPIA MEMBROS INFERIORES,SEM_VAGA,0
2026-09-10T19:28:04,GASTROCLÍNICA,SEM_VAGA,0
2026-09-10T19:28:07,NUTRIÇÃO - DIETÉTICA,SEM_VAGA,0
2026-09-10T19:28:10,ODONTOLOGIA - DENTÍSTICA,SEM_VAGA,0
2026-09-10T19:33:20,ACUPUNTURA,SEM_VAGA,0
2026-09-10T19:33:24,CIRURGIA PLÁSTICA,SEM_VAGA,0
2026-09-10T19:33:27,DERMATOLOGIA,SEM_VAGA,0
2026-09-10T19:33:30,FISIOTERAPIA MEMBROS INFERIORES,SEM_VAGA,0
2026-09-10T19:33:34,FISIOTERAPIA MEMBROS INFERIORES,SEM_VAGA,0
2026-09-10T19:33:37,GASTROCLÍNICA,SEM_VAGA,0
2026-09-10T19:33:40,NUTRIÇÃO - DIETÉTICA,SEM_VAGA,0
2026-09-10T19:33:43,ODONTOLOGIA - DENTÍSTICA,SEM_VAGA,0
2026-09-10T19:38:53,ACUPUNTURA,SEM_VAGA,0
2026-09-10T19:38:58,CIRURGIA PLÁSTICA,SEM_VAGA,0
2026-09-10T19:39:03,DERMATOLOGIA,SEM_VAGA,0
2026-09-10T19:39:08,FISIOTERAPIA MEMBROS INFERIORES,SEM_VAGA,0
2026-09-10T19:39:13,FISIOTERAPIA MEMBROS INFERIORES,SEM_VAGA,0
2026-09-10T19:39:18,GASTROCLÍNICA,SEM_VAGA,0
2026-09-10T19:39:23,NUTRIÇÃO - DIETÉTICA,SEM_VAGA,0
2026-09-10T19:39:28,ODONTOLOGIA - DENTÍSTICA,SEM_VAGA,0
2026-09-10T19:44:39,ACUPUNTURA,SEM_VAGA,0
2026-09-10T19:44:43,CIRURGIA PLÁSTICA,SEM_VAGA,0
2026-09-10T19:44:48,DERMATOLOGIA,SEM_VAGA,0
2026-09-10T19:44:53,FISIOTERAPIA MEMBROS INFERIORES,SEM_VAGA,0
2026-09-10T19:44:59,FISIOTERAPIA MEMBROS INFERIORES,SEM_VAGA,0
2026-09-10T19:45:04,GASTROCLÍNICA,SEM_VAGA,0
2026-09-10T19:45:08,NUTRIÇÃO - DIETÉTICA,SEM_VAGA,0
2026-09-10T19:45:12,ODONTOLOGIA - DENTÍSTICA,SEM_VAGA,0
2026-09-10T19:50:20,ACUPUNTURA,SEM_VAGA,0
2026-09-10T19:50:23,CIRURGIA PLÁSTICA,SEM_VAGA,0
2026-09-10T19:50:27,DERMATOLOGIA,SEM_VAGA,0
2026-09-10T19:50:30,FISIOTERAPIA MEMBROS INFERIORES,SEM_VAGA,0
2026-09-10T19:50:33,FISIOTERAPIA MEMBROS INFERIORES,SEM_VAGA,0
2026-09-10T19:50:36,GASTROCLÍNICA,SEM_VAGA,0
2026-09-10T19:50:39,NUTRIÇÃO - DIETÉTICA,SEM_VAGA,0
2026-09-10T19:50:43,ODONTOLOGIA - DENTÍSTICA,SEM_VAGA,0
2026-09-10T19:55:51,ACUPUNTURA,SEM_VAGA,0
2026-09-10T19:55:54,CIRURGIA PLÁSTICA,SEM_VAGA,0
2026-09-10T19:55:57,DERMATOLOGIA,SEM_VAGA,0
2026-09-10T19:56:01,FISIOTERAPIA MEMBROS INFERIORES,SEM_VAGA,0
2026-09-10T19:56:05,FISIOTERAPIA MEMBROS INFERIORES,SEM_VAGA,0
2026-09-10T19:56:08,GASTROCLÍNICA,SEM_VAGA,0
2026-09-10T19:56:12,NUTRIÇÃO - DIETÉTICA,SEM_VAGA,0
2026-09-10T19:56:15,ODONTOLOGIA - DENTÍSTICA,SEM_VAGA,0
2026-09-10T20:01:24,ACUPUNTURA,SEM_VAGA,0
2026-09-10T20:01:28,CIRURGIA PLÁSTICA,SEM_VAGA,0
2026-09-10T20:01:33,DERMATOLOGIA,SEM_VAGA,0
2026-09-10T20:01:36,FISIOTERAPIA MEMBROS INFERIORES,SEM_VAGA,0
2026-09-10T20:01:41,FISIOTERAPIA MEMBROS INFERIORES,SEM_VAGA,0
2026-09-10T20:01:45,GASTROCLÍNICA,SEM_VAGA,0
2026-09-10T20:01:48,NUTRIÇÃO - DIETÉTICA,SEM_VAGA,0
2026-09-10T20:01:51,ODONTOLOGIA - DENTÍSTICA,SEM_VAGA,0
2026-09-10T20:06:59,ACUPUNTURA,SEM_VAGA,0
2026-09-10T20:07:03,CIRURGIA PLÁSTICA,SEM_VAGA,0
2026-09-10T20:07:06,DERMATOLOGIA,SEM_VAGA,0
2026-09-10T20:07:09,FISIOTERAPIA MEMBROS INFERIORES,SEM_VAGA,0
2026-09-10T20:07:12,FISIOTERAPIA MEMBROS INFERIORES,SEM_VAGA,0
2026-09-10T20:07:15,GASTROCLÍNICA,SEM_VAGA,0
2026-09-10T20:07:19,NUTRIÇÃO - DIETÉTICA,SEM_VAGA,0
2026-09-10T20:07:23,ODONTOLOGIA - DENTÍSTICA,SEM_VAGA,0
2026-09-10T20:12:31,ACUPUNTURA,SEM_VAGA,0
2026-09-10T20:12:35,CIRURGIA PLÁSTICA,SEM_VAGA,0
2026-09-10T20:12:39,DERMATOLOGIA,SEM_VAGA,0
2026-09-10T20:12:44,FISIOTERAPIA MEMBROS INFERIORES,SEM_VAGA,0
2026-09-10T20:12:49,FISIOTERAPIA MEMBROS INFERIORES,SEM_VAGA,0
2026-09-10T20:12:52,GASTROCLÍNICA,SEM_VAGA,0
2026-09-10T20:12:56,NUTRIÇÃO - DIETÉTICA,SEM_VAGA,0
2026-09-10T20:12:59,ODONTOLOGIA - DENTÍSTICA,SEM_VAGA,0
2026-09-10T20:18:09,ACUPUNTURA,SEM_VAGA,0
2026-09-10T20:18:12,CIRURGIA PLÁSTICA,SEM_VAGA,0
2026-09-10T20:18:16,DERMATOLOGIA,SEM_VAGA,0
2026-09-10T20:18:19,FISIOTERAPIA MEMBROS INFERIORES,SEM_VAGA,0
2026-09-10T20:18:23,FISIOTERAPIA MEMBROS INFERIORES,SEM_VAGA,0
2026-09-10T20:18:26,GASTROCLÍNICA,SEM_VAGA,0
2026-09-10T20:18:29,NUTRIÇÃO - DIETÉTICA,SEM_VAGA,0
2026-09-10T20:23:46,ACUPUNTURA,SEM_VAGA,0
2026-09-10T20:23:50,CIRURGIA PLÁSTICA,SEM_VAGA,0
2026-09-10T20:23:55,DERMATOLOGIA,SEM_VAGA,0
2026-09-10T20:23:59,FISIOTERAPIA MEMBROS INFERIORES,SEM_VAGA,0
2026-09-10T20:24:04,FISIOTERAPIA MEMBROS INFERIORES,SEM_VAGA,0
2026-09-10T20:24:07,GASTROCLÍNICA,SEM_VAGA,0
2026-09-10T20:24:11,NUTRIÇÃO - DIETÉTICA,SEM_VAGA,0
2026-09-10T20:24:15,ODONTOLOGIA - DENTÍSTICA,SEM_VAGA,0
2026-09-10T20:29:23,ACUPUNTURA,SEM_VAGA,0
2026-09-10T20:29:26,CIRURGIA PLÁSTICA,SEM_VAGA,0
2026-09-10T20:29:29,DERMATOLOGIA,SEM_VAGA,0
2026-09-10T20:29:33,FISIOTERAPIA MEMBROS INFERIORES,SEM_VAGA,0
2026-09-10T20:29:36,FISIOTERAPIA MEMBROS INFERIORES,SEM_VAGA,0
2026-09-10T20:29:39,GASTROCLÍNICA,SEM_VAGA,0
2026-09-10T20:29:42,NUTRIÇÃO - DIETÉTICA,SEM_VAGA,0
2026-09-10T20:29:46,ODONTOLOGIA - DENTÍSTICA,SEM_VAGA,0
2026-09-10T20:34:54,ACUPUNTURA,SEM_VAGA,0
2026-09-10T20:34:57,CIRURGIA PLÁSTICA,SEM_VAGA,0
2026-09-10T20:35:00,DERMATOLOGIA,SEM_VAGA,0
2026-09-10T20:35:03,FISIOTERAPIA MEMBROS INFERIORES,SEM_VAGA,0
2026-09-10T20:35:07,FISIOTERAPIA MEMBROS INFERIORES,SEM_VAGA,0
2026-09-10T20:35:10,GASTROCLÍNICA,SEM_VAGA,0
2026-09-10T20:35:13,NUTRIÇÃO - DIETÉTICA,SEM_VAGA,0
2026-09-10T20:35:17,ODONTOLOGIA - DENTÍSTICA,SEM_VAGA,0
2026-09-10T20:40:25,ACUPUNTURA,SEM_VAGA,0
2026-09-10T20:40:28,CIRURGIA PLÁSTICA,SEM_VAGA,0
2026-09-10T20:40:31,DERMATOLOGIA,SEM_VAGA,0
2026-09-10T20:40:34,FISIOTERAPIA MEMBROS INFERIORES,SEM_VAGA,0
2026-09-10T20:40:38,FISIOTERAPIA MEMBROS INFERIORES,SEM_VAGA,0
2026-09-10T20:40:41,GASTROCLÍNICA,SEM_VAGA,0
2026-09-10T20:40:44,NUTRIÇÃO - DIETÉTICA,SEM_VAGA,0
2026-09-10T20:40:47,ODONTOLOGIA - DENTÍSTICA,SEM_VAGA,0
2026-09-10T20:45:55,ACUPUNTURA,SEM_VAGA,0
2026-09-10T20:45:59,CIRURGIA PLÁSTICA,SEM_VAGA,0
2026-09-10T20:46:02,DERMATOLOGIA,SEM_VAGA,0
2026-09-10T20:46:05,FISIOTERAPIA MEMBROS INFERIORES,SEM_VAGA,0
2026-09-10T20:46:09,FISIOTERAPIA MEMBROS INFERIORES,SEM_VAGA,0
2026-09-10T20:46:12,GASTROCLÍNICA,SEM_VAGA,0
2026-09-10T20:46:15,NUTRIÇÃO - DIETÉTICA,SEM_VAGA,0
2026-09-10T20:46:18,ODONTOLOGIA - DENTÍSTICA,SEM_VAGA,0
2026-09-10T20:51:26,ACUPUNTURA,SEM_VAGA,0
2026-09-10T20:51:30,CIRURGIA PLÁSTICA,SEM_VAGA,0
2026-09-10T20:51:34,DERMATOLOGIA,SEM_VAGA,0
2026-09-10T20:51:37,FISIOTERAPIA MEMBROS INFERIORES,SEM_VAGA,0
2026-09-10T20:51:40,FISIOTERAPIA MEMBROS INFERIORES,SEM_VAGA,0
2026-09-10T20:51:43,GASTROCLÍNICA,SEM_VAGA,0
2026-09-10T20:51:46,NUTRIÇÃO - DIETÉTICA,SEM_VAGA,0
2026-09-10T20:51:50,ODONTOLOGIA - DENTÍSTICA,SEM_VAGA,0
2026-09-10T20:56:59,ACUPUNTURA,SEM_VAGA,0
2026-09-10T20:57:02,CIRURGIA PLÁSTICA,SEM_VAGA,0
2026-09-10T20:57:05,DERMATOLOGIA,SEM_VAGA,0
2026-09-10T20:57:08,FISIOTERAPIA MEMBROS INFERIORES,SEM_VAGA,0
2026-09-10T20:57:11,FISIOTERAPIA MEMBROS INFERIORES,SEM_VAGA,0
2026-09-10T20:57:14,GASTROCLÍNICA,SEM_VAGA,0
2026-09-10T20:57:18,NUTRIÇÃO - DIETÉTICA,SEM_VAGA,0
2026-09-10T20:57:21,ODONTOLOGIA - DENTÍSTICA,SEM_VAGA,0
2026-09-10T21:02:29,ACUPUNTURA,SEM_VAGA,0
2026-09-10T21:02:32,CIRURGIA PLÁSTICA,SEM_VAGA,0
2026-09-10T21:02:35,DERMATOLOGIA,SEM_VAGA,0
2026-09-10T21:02:39,FISIOTERAPIA MEMBROS INFERIORES,SEM_VAGA,0
2026-09-10T21:02:42,FISIOTERAPIA MEMBROS INFERIORES,SEM_VAGA,0
2026-09-10T21:02:45,GASTROCLÍNICA,SEM_VAGA,0
2026-09-10T21:02:48,NUTRIÇÃO - DIETÉTICA,SEM_VAGA,0
2026-09-10T21:02:52,ODONTOLOGIA - DENTÍSTICA,SEM_VAGA,0
2026-09-10T21:08:00,ACUPUNTURA,SEM_VAGA,0
2026-09-10T21:08:04,CIRURGIA PLÁSTICA,SEM_VAGA,0
2026-09-10T21:08:07,DERMATOLOGIA,SEM_VAGA,0
2026-09-10T21:08:10,FISIOTERAPIA MEMBROS INFERIORES,SEM_VAGA,0
2026-09-10T21:08:13,FISIOTERAPIA MEMBROS INFERIORES,SEM_VAGA,0
2026-09-10T21:08:16,GASTROCLÍNICA,SEM_VAGA,0
2026-09-10T21:08:20,NUTRIÇÃO - DIETÉTICA,SEM_VAGA,0
2026-09-10T21:08:23,ODONTOLOGIA - DENTÍSTICA,SEM_VAGA,0
2026-09-10T21:13:31,ACUPUNTURA,SEM_VAGA,0
2026-09-10T21:13:34,CIRURGIA PLÁSTICA,SEM_VAGA,0
2026-09-10T21:13:38,DERMATOLOGIA,SEM_VAGA,0
2026-09-10T21:13:41,FISIOTERAPIA MEMBROS INFERIORES,SEM_VAGA,0
2026-09-10T21:13:44,FISIOTERAPIA MEMBROS INFERIORES,SEM_VAGA,0
2026-09-10T21:13:47,GASTROCLÍNICA,SEM_VAGA,0
2026-09-10T21:13:51,NUTRIÇÃO - DIETÉTICA,SEM_VAGA,0
2026-09-10T21:13:55,ODONTOLOGIA - DENTÍSTICA,SEM_VAGA,0
2026-09-10T21:19:03,ACUPUNTURA,SEM_VAGA,0
2026-09-10T21:19:06,CIRURGIA PLÁSTICA,SEM_VAGA,0
2026-09-10T21:19:09,DERMATOLOGIA,SEM_VAGA,0
2026-09-10T21:19:12,FISIOTERAPIA MEMBROS INFERIORES,SEM_VAGA,0
2026-09-10T21:19:15,FISIOTERAPIA MEMBROS INFERIORES,SEM_VAGA,0
2026-09-10T21:19:18,GASTROCLÍNICA,SEM_VAGA,0
2026-09-10T21:19:21,NUTRIÇÃO - DIETÉTICA,SEM_VAGA,0
2026-09-10T21:19:25,ODONTOLOGIA - DENTÍSTICA,SEM_VAGA,0
2026-09-10T21:24:33,ACUPUNTURA,SEM_VAGA,0
2026-09-10T21:43:49,ACUPUNTURA,SEM_VAGA,0
2026-09-10T21:43:53,CIRURGIA PLÁSTICA,SEM_VAGA,0
2026-09-10T21:43:57,DERMATOLOGIA,SEM_VAGA,0
2026-09-10T21:44:01,FISIOTERAPIA MEMBROS INFERIORES,SEM_VAGA,0
2026-09-10T21:44:04,FISIOTERAPIA MEMBROS INFERIORES,SEM_VAGA,0
2026-09-10T21:44:07,GASTROCLÍNICA,SEM_VAGA,0
2026-09-10T21:44:11,NUTRIÇÃO - DIETÉTICA,SEM_VAGA,0
2026-09-10T21:44:14,ODONTOLOGIA - DENTÍSTICA,SEM_VAGA,0
2026-09-10T21:49:22,ACUPUNTURA,SEM_VAGA,0
2026-09-10T21:49:25,CIRURGIA PLÁSTICA,SEM_VAGA,0
2026-09-10T21:49:29,DERMATOLOGIA,SEM_VAGA,0
2026-09-10T21:49:32,FISIOTERAPIA MEMBROS INFERIORES,SEM_VAGA,0
2026-09-10T21:49:35,FISIOTERAPIA MEMBROS INFERIORES,SEM_VAGA,0
2026-09-10T21:49:38,GASTROCLÍNICA,SEM_VAGA,0
2026-09-10T21:49:42,NUTRIÇÃO - DIETÉTICA,SEM_VAGA,0
2026-09-10T21:49:45,ODONTOLOGIA - DENTÍSTICA,SEM_VAGA,0
2026-09-10T21:54:53,ACUPUNTURA,SEM_VAGA,0
2026-09-10T21:54:56,CIRURGIA PLÁSTICA,SEM_VAGA,0
2026-09-10T21:55:00,DERMATOLOGIA,SEM_VAGA,0
2026-09-10T21:55:03,FISIOTERAPIA MEMBROS INFERIORES,SEM_VAGA,0
2026-09-10T21:55:06,FISIOTERAPIA MEMBROS INFERIORES,SEM_VAGA,0
2026-09-10T21:55:09,GASTROCLÍNICA,SEM_VAGA,0
2026-09-10T21:55:12,NUTRIÇÃO - DIETÉTICA,SEM_VAGA,0
2026-09-10T21:55:16,ODONTOLOGIA - DENTÍSTICA,SEM_VAGA,0
2026-09-10T22:00:24,ACUPUNTURA,SEM_VAGA,0
2026-09-10T22:00:27,CIRURGIA PLÁSTICA,SEM_VAGA,0
2026-09-10T22:00:30,DERMATOLOGIA,SEM_VAGA,0
2026-09-10T22:00:33,FISIOTERAPIA MEMBROS INFERIORES,SEM_VAGA,0
2026-09-10T22:00:36,FISIOTERAPIA MEMBROS INFERIORES,SEM_VAGA,0
2026-09-10T22:00:40,GASTROCLÍNICA,SEM_VAGA,0
2026-09-10T22:00:43,NUTRIÇÃO - DIETÉTICA,SEM_VAGA,0
2026-09-10T22:00:46,ODONTOLOGIA - DENTÍSTICA,SEM_VAGA,0
2026-09-10T22:05:55,ACUPUNTURA,SEM_VAGA,0
2026-09-10T22:05:58,CIRURGIA PLÁSTICA,SEM_VAGA,0
2026-09-10T22:06:01,DERMATOLOGIA,SEM_VAGA,0
2026-09-10T22:06:04,FISIOTERAPIA MEMBROS INFERIORES,SEM_VAGA,0
2026-09-10T22:06:08,FISIOTERAPIA MEMBROS INFERIORES,SEM_VAGA,0
2026-09-10T22:06:11,GASTROCLÍNICA,SEM_VAGA,0
2026-09-10T22:06:14,NUTRIÇÃO - DIETÉTICA,SEM_VAGA,0
2026-09-10T22:06:18,ODONTOLOGIA - DENTÍSTICA,SEM_VAGA,0
2026-09-10T22:11:29,ACUPUNTURA,SEM_VAGA,0
2026-09-10T22:11:33,CIRURGIA PLÁSTICA,SEM_VAGA,0
2026-09-10T22:11:39,DERMATOLOGIA,SEM_VAGA,0
2026-09-10T22:11:43,FISIOTERAPIA MEMBROS INFERIORES,SEM_VAGA,0
2026-09-10T22:11:48,FISIOTERAPIA MEMBROS INFERIORES,SEM_VAGA,0
2026-09-10T22:11:51,GASTROCLÍNICA,SEM_VAGA,0
2026-09-10T22:11:55,NUTRIÇÃO - DIETÉTICA,SEM_VAGA,0
2026-09-10T22:11:58,ODONTOLOGIA - DENTÍSTICA,SEM_VAGA,0
2026-09-10T22:17:06,ACUPUNTURA,SEM_VAGA,0
2026-09-10T22:17:09,CIRURGIA PLÁSTICA,SEM_VAGA,0
2026-09-10T22:17:12,DERMATOLOGIA,SEM_VAGA,0
2026-09-10T22:17:16,FISIOTERAPIA MEMBROS INFERIORES,SEM_VAGA,0
2026-09-10T22:17:19,FISIOTERAPIA MEMBROS INFERIORES,SEM_VAGA,0
2026-09-10T22:17:22,GASTROCLÍNICA,SEM_VAGA,0
2026-09-10T22:17:25,NUTRIÇÃO - DIETÉTICA,SEM_VAGA,0
2026-09-10T22:17:28,ODONTOLOGIA - DENTÍSTICA,SEM_VAGA,0
2026-09-10T22:22:37,ACUPUNTURA,SEM_VAGA,0
2026-09-10T22:22:41,CIRURGIA PLÁSTICA,SEM_VAGA,0
2026-09-10T22:22:44,DERMATOLOGIA,SEM_VAGA,0
2026-09-10T22:22:47,FISIOTERAPIA MEMBROS INFERIORES,SEM_VAGA,0
2026-09-10T22:22:50,FISIOTERAPIA MEMBROS INFERIORES,SEM_VAGA,0
2026-09-10T22:22:53,GASTROCLÍNICA,SEM_VAGA,0
2026-09-10T22:22:56,NUTRIÇÃO - DIETÉTICA,SEM_VAGA,0
2026-09-10T22:22:59,ODONTOLOGIA - DENTÍSTICA,SEM_VAGA,0
2026-09-10T22:28:07,ACUPUNTURA,SEM_VAGA,0
2026-09-10T22:28:11,CIRURGIA PLÁSTICA,SEM_VAGA,0
2026-09-10T22:28:14,DERMATOLOGIA,SEM_VAGA,0
2026-09-10T22:28:17,FISIOTERAPIA MEMBROS INFERIORES,SEM_VAGA,0
2026-09-10T22:28:20,FISIOTERAPIA MEMBROS INFERIORES,SEM_VAGA,0
2026-09-10T22:28:23,GASTROCLÍNICA,SEM_VAGA,0
2026-09-10T22:28:27,NUTRIÇÃO - DIETÉTICA,SEM_VAGA,0
2026-09-10T22:28:30,ODONTOLOGIA - DENTÍSTICA,SEM_VAGA,0
2026-09-10T22:33:38,ACUPUNTURA,SEM_VAGA,0
2026-09-10T22:33:41,CIRURGIA PLÁSTICA,SEM_VAGA,0
2026-09-10T22:33:44,DERMATOLOGIA,SEM_VAGA,0
2026-09-10T22:33:48,FISIOTERAPIA MEMBROS INFERIORES,SEM_VAGA,0
2026-09-10T22:33:51,FISIOTERAPIA MEMBROS INFERIORES,SEM_VAGA,0
2026-09-10T22:33:54,GASTROCLÍNICA,SEM_VAGA,0
2026-09-10T22:33:57,NUTRIÇÃO - DIETÉTICA,SEM_VAGA,0
2026-09-10T22:34:00,ODONTOLOGIA - DENTÍSTICA,SEM_VAGA,0
2026-09-10T22:39:09,ACUPUNTURA,SEM_VAGA,0
2026-09-10T22:39:12,CIRURGIA PLÁSTICA,SEM_VAGA,0
2026-09-10T22:39:15,DERMATOLOGIA,SEM_VAGA,0
2026-09-10T22:39:18,FISIOTERAPIA MEMBROS INFERIORES,SEM_VAGA,0
2026-09-10T22:39:21,FISIOTERAPIA MEMBROS INFERIORES,SEM_VAGA,0
2026-09-10T22:39:25,GASTROCLÍNICA,SEM_VAGA,0
2026-09-10T22:39:28,NUTRIÇÃO - DIETÉTICA,SEM_VAGA,0
2026-09-10T22:39:31,ODONTOLOGIA - DENTÍSTICA,SEM_VAGA,0
2026-09-10T22:44:39,ACUPUNTURA,SEM_VAGA,0
2026-09-10T22:44:42,CIRURGIA PLÁSTICA,SEM_VAGA,0
2026-09-10T22:44:45,DERMATOLOGIA,SEM_VAGA,0
2026-09-10T22:44:49,FISIOTERAPIA MEMBROS INFERIORES,SEM_VAGA,0
2026-09-10T22:44:52,FISIOTERAPIA MEMBROS INFERIORES,SEM_VAGA,0
2026-09-10T22:44:55,GASTROCLÍNICA,SEM_VAGA,0
2026-09-10T22:44:58,NUTRIÇÃO - DIETÉTICA,SEM_VAGA,0
2026-09-10T22:45:01,ODONTOLOGIA - DENTÍSTICA,SEM_VAGA,0
2026-09-10T22:50:10,ACUPUNTURA,SEM_VAGA,0
2026-09-10T22:50:13,CIRURGIA PLÁSTICA,SEM_VAGA,0
2026-09-10T22:50:16,DERMATOLOGIA,SEM_VAGA,0
2026-09-10T22:50:19,FISIOTERAPIA MEMBROS INFERIORES,SEM_VAGA,0
2026-09-10T22:50:22,FISIOTERAPIA MEMBROS INFERIORES,SEM_VAGA,0
2026-09-10T22:50:25,GASTROCLÍNICA,SEM_VAGA,0
2026-09-10T22:50:29,NUTRIÇÃO - DIETÉTICA,SEM_VAGA,0
2026-09-10T22:50:32,ODONTOLOGIA - DENTÍSTICA,SEM_VAGA,0
2026-09-10T22:55:40,ACUPUNTURA,SEM_VAGA,0
2026-09-10T22:55:43,CIRURGIA PLÁSTICA,SEM_VAGA,0
2026-09-10T22:55:47,DERMATOLOGIA,SEM_VAGA,0
2026-09-10T22:55:50,FISIOTERAPIA MEMBROS INFERIORES,SEM_VAGA,0
2026-09-10T22:55:53,FISIOTERAPIA MEMBROS INFERIORES,SEM_VAGA,0
2026-09-10T22:55:57,GASTROCLÍNICA,SEM_VAGA,0
2026-09-10T22:56:00,NUTRIÇÃO - DIETÉTICA,SEM_VAGA,0
2026-09-10T22:56:03,ODONTOLOGIA - DENTÍSTICA,SEM_VAGA,0
2026-09-10T23:01:11,ACUPUNTURA,SEM_VAGA,0
2026-09-10T23:01:14,CIRURGIA PLÁSTICA,SEM_VAGA,0
2026-09-10T23:01:18,DERMATOLOGIA,SEM_VAGA,0
2026-09-10T23:01:21,FISIOTERAPIA MEMBROS INFERIORES,SEM_VAGA,0
2026-09-10T23:01:24,FISIOTERAPIA MEMBROS INFERIORES,SEM_VAGA,0
2026-09-10T23:01:27,GASTROCLÍNICA,SEM_VAGA,0
2026-09-10T23:01:30,NUTRIÇÃO - DIETÉTICA,SEM_VAGA,0
2026-09-10T23:01:33,ODONTOLOGIA - DENTÍSTICA,SEM_VAGA,0
2026-09-11T11:16:05,ACUPUNTURA,SEM_VAGA,0
2026-09-11T11:16:09,CIRURGIA PLÁSTICA,SEM_VAGA,0
2026-09-11T11:16:12,DERMATOLOGIA,SEM_VAGA,0
2026-09-11T11:16:16,FISIOTERAPIA MEMBROS INFERIORES,SEM_VAGA,0
2026-09-11T11:16:19,FISIOTERAPIA MEMBROS INFERIORES,SEM_VAGA,0
2026-09-11T11:16:22,GASTROCLÍNICA,SEM_VAGA,0
2026-09-11T11:16:25,NUTRIÇÃO - DIETÉTICA,SEM_VAGA,0
2026-09-11T11:16:29,ODONTOLOGIA - DENTÍSTICA,SEM_VAGA,0
2026-09-11T11:23:58,ACUPUNTURA,SEM_VAGA,0
2026-09-11T11:24:02,CIRURGIA PLÁSTICA,SEM_VAGA,0
2026-09-11T11:24:05,DERMATOLOGIA,SEM_VAGA,0
2026-09-11T11:24:08,FISIOTERAPIA MEMBROS INFERIORES,SEM_VAGA,0
2026-09-11T11:24:11,FISIOTERAPIA MEMBROS INFERIORES,SEM_VAGA,0
2026-09-11T11:24:15,GASTROCLÍNICA,SEM_VAGA,0
2026-09-11T11:24:18,NUTRIÇÃO - DIETÉTICA,SEM_VAGA,0
2026-09-11T11:24:21,ODONTOLOGIA - DENTÍSTICA,SEM_VAGA,0
2026-09-11T11:41:06,ACUPUNTURA,SEM_VAGA,0
2026-09-11T11:41:10,CIRURGIA PLÁSTICA,SEM_VAGA,0
2026-09-11T11:41:13,DERMATOLOGIA,SEM_VAGA,0
2026-09-11T11:41:16,FISIOTERAPIA MEMBROS INFERIORES,SEM_VAGA,0
2026-09-11T11:41:19,FISIOTERAPIA MEMBROS INFERIORES,SEM_VAGA,0
2026-09-11T11:41:22,GASTROCLÍNICA,SEM_VAGA,0
2026-09-11T11:41:26,NUTRIÇÃO - DIETÉTICA,SEM_VAGA,0
2026-09-11T11:41:31,ODONTOLOGIA - DENTÍSTICA,SEM_VAGA,0
2026-09-11T11:46:40,ACUPUNTURA,SEM_VAGA,0
2026-09-11T11:46:44,CIRURGIA PLÁSTICA,SEM_VAGA,0
2026-09-11T11:46:47,DERMATOLOGIA,SEM_VAGA,0
2026-09-11T11:46:51,FISIOTERAPIA MEMBROS INFERIORES,SEM_VAGA,0
2026-09-11T11:46:54,FISIOTERAPIA MEMBROS INFERIORES,SEM_VAGA,0
2026-09-11T11:46:57,GASTROCLÍNICA,SEM_VAGA,0
2026-09-11T11:47:01,NUTRIÇÃO - DIETÉTICA,SEM_VAGA,0
2026-09-11T11:47:04,ODONTOLOGIA - DENTÍSTICA,SEM_VAGA,0
2026-09-11T11:52:13,ACUPUNTURA,SEM_VAGA,0
2026-09-11T11:52:16,CIRURGIA PLÁSTICA,SEM_VAGA,0
2026-09-11T11:52:19,DERMATOLOGIA,SEM_VAGA,0
2026-09-11T11:52:22,FISIOTERAPIA MEMBROS INFERIORES,SEM_VAGA,0
2026-09-11T11:52:25,FISIOTERAPIA MEMBROS INFERIORES,SEM_VAGA,0
2026-09-11T11:52:29,GASTROCLÍNICA,SEM_VAGA,0
2026-09-11T11:52:32,NUTRIÇÃO - DIETÉTICA,SEM_VAGA,0
2026-09-11T11:52:35,ODONTOLOGIA - DENTÍSTICA,SEM_VAGA,0
2026-09-11T11:57:44,ACUPUNTURA,SEM_VAGA,0
2026-09-11T11:57:48,CIRURGIA PLÁSTICA,SEM_VAGA,0
2026-09-11T11:57:53,DERMATOLOGIA,SEM_VAGA,0
2026-09-11T11:57:57,FISIOTERAPIA MEMBROS INFERIORES,SEM_VAGA,0
2026-09-11T11:58:00,FISIOTERAPIA MEMBROS INFERIORES,SEM_VAGA,0
2026-09-11T11:58:04,GASTROCLÍNICA,SEM_VAGA,0
2026-09-11T11:58:07,NUTRIÇÃO - DIETÉTICA,SEM_VAGA,0
2026-09-11T11:58:10,ODONTOLOGIA - DENTÍSTICA,SEM_VAGA,0
2026-09-11T12:03:19,ACUPUNTURA,SEM_VAGA,0
2026-09-11T12:03:23,CIRURGIA PLÁSTICA,SEM_VAGA,0
2026-09-11T12:03:27,DERMATOLOGIA,SEM_VAGA,0
2026-09-11T12:03:31,FISIOTERAPIA MEMBROS INFERIORES,SEM_VAGA,0
2026-09-11T12:03:36,FISIOTERAPIA MEMBROS INFERIORES,SEM_VAGA,0
2026-09-11T12:03:39,GASTROCLÍNICA,SEM_VAGA,0
2026-09-11T12:03:42,NUTRIÇÃO - DIETÉTICA,SEM_VAGA,0
2026-09-11T12:03:47,ODONTOLOGIA - DENTÍSTICA,SEM_VAGA,0
2026-09-11T12:08:56,ACUPUNTURA,SEM_VAGA,0
2026-09-11T12:09:00,CIRURGIA PLÁSTICA,SEM_VAGA,0
2026-09-11T12:09:04,DERMATOLOGIA,SEM_VAGA,0
2026-09-11T12:09:08,FISIOTERAPIA MEMBROS INFERIORES,SEM_VAGA,0
2026-09-11T12:09:11,FISIOTERAPIA MEMBROS INFERIORES,SEM_VAGA,0
2026-09-11T12:09:14,GASTROCLÍNICA,SEM_VAGA,0
2026-09-11T12:09:17,NUTRIÇÃO - DIETÉTICA,SEM_VAGA,0
2026-09-11T12:09:21,ODONTOLOGIA - DENTÍSTICA,SEM_VAGA,0
2026-09-11T12:14:29,ACUPUNTURA,SEM_VAGA,0
2026-09-11T12:14:34,CIRURGIA PLÁSTICA,SEM_VAGA,0
2026-09-11T12:14:38,DERMATOLOGIA,SEM_VAGA,0
2026-09-11T12:14:43,FISIOTERAPIA MEMBROS INFERIORES,SEM_VAGA,0
2026-09-11T12:14:47,FISIOTERAPIA MEMBROS INFERIORES,SEM_VAGA,0
2026-09-11T12:14:50,GASTROCLÍNICA,SEM_VAGA,0
2026-09-11T12:14:53,NUTRIÇÃO - DIETÉTICA,SEM_VAGA,0
2026-09-11T12:14:57,ODONTOLOGIA - DENTÍSTICA,SEM_VAGA,0
2026-09-11T12:20:05,ACUPUNTURA,SEM_VAGA,0
2026-09-11T12:20:09,CIRURGIA PLÁSTICA,SEM_VAGA,0
2026-09-11T12:20:12,DERMATOLOGIA,SEM_VAGA,0
2026-09-11T12:20:15,FISIOTERAPIA MEMBROS INFERIORES,SEM_VAGA,0
2026-09-11T12:20:18,FISIOTERAPIA MEMBROS INFERIORES,SEM_VAGA,0
2026-09-11T12:20:21,GASTROCLÍNICA,SEM_VAGA,0
2026-09-11T12:20:25,NUTRIÇÃO - DIETÉTICA,SEM_VAGA,0
2026-09-11T12:20:28,ODONTOLOGIA - DENTÍSTICA,SEM_VAGA,0
2026-09-11T12:25:36,ACUPUNTURA,SEM_VAGA,0
2026-09-11T12:25:39,CIRURGIA PLÁSTICA,SEM_VAGA,0
2026-09-11T12:25:43,DERMATOLOGIA,SEM_VAGA,0
2026-09-11T12:25:46,FISIOTERAPIA MEMBROS INFERIORES,SEM_VAGA,0
2026-09-11T12:25:50,FISIOTERAPIA MEMBROS INFERIORES,SEM_VAGA,0
2026-09-11T12:25:53,GASTROCLÍNICA,SEM_VAGA,0
2026-09-11T12:25:56,NUTRIÇÃO - DIETÉTICA,SEM_VAGA,0
2026-09-11T12:25:59,ODONTOLOGIA - DENTÍSTICA,SEM_VAGA,0
2026-09-11T12:31:08,ACUPUNTURA,SEM_VAGA,0
2026-09-11T12:31:11,CIRURGIA PLÁSTICA,SEM_VAGA,0
2026-09-11T12:31:15,DERMATOLOGIA,SEM_VAGA,0
2026-09-11T12:31:18,FISIOTERAPIA MEMBROS INFERIORES,SEM_VAGA,0
2026-09-11T12:31:22,FISIOTERAPIA MEMBROS INFERIORES,SEM_VAGA,0
2026-09-11T12:31:25,GASTROCLÍNICA,SEM_VAGA,0
2026-09-11T12:31:30,NUTRIÇÃO - DIETÉTICA,SEM_VAGA,0
2026-09-11T12:31:34,ODONTOLOGIA - DENTÍSTICA,SEM_VAGA,0
2026-09-11T12:37:10,CIRURGIA PLÁSTICA,SEM_VAGA,0
2026-09-11T12:37:14,DERMATOLOGIA,SEM_VAGA,0
2026-09-11T12:37:18,FISIOTERAPIA MEMBROS INFERIORES,SEM_VAGA,0
2026-09-11T12:37:21,FISIOTERAPIA MEMBROS INFERIORES,SEM_VAGA,0
2026-09-11T12:37:25,GASTROCLÍNICA,SEM_VAGA,0
2026-09-11T12:37:28,NUTRIÇÃO - DIETÉTICA,SEM_VAGA,0
2026-09-11T12:37:32,ODONTOLOGIA - DENTÍSTICA,SEM_VAGA,0
2026-09-11T12:42:41,ACUPUNTURA,SEM_VAGA,0
2026-09-11T12:42:45,CIRURGIA PLÁSTICA,SEM_VAGA,0
2026-09-11T12:42:49,DERMATOLOGIA,SEM_VAGA,0
2026-09-11T12:42:53,FISIOTERAPIA MEMBROS INFERIORES,SEM_VAGA,0
2026-09-11T12:42:57,FISIOTERAPIA MEMBROS INFERIORES,SEM_VAGA,0
2026-09-11T12:43:01,GASTROCLÍNICA,SEM_VAGA,0
2026-09-11T12:43:04,NUTRIÇÃO - DIETÉTICA,SEM_VAGA,0
2026-09-11T12:43:07,ODONTOLOGIA - DENTÍSTICA,SEM_VAGA,0
2026-09-11T12:48:17,ACUPUNTURA,SEM_VAGA,0
2026-09-11T12:48:20,CIRURGIA PLÁSTICA,SEM_VAGA,0
2026-09-11T12:48:23,DERMATOLOGIA,SEM_VAGA,0
2026-09-11T12:48:27,FISIOTERAPIA MEMBROS INFERIORES,SEM_VAGA,0
2026-09-11T12:48:30,FISIOTERAPIA MEMBROS INFERIORES,SEM_VAGA,0
2026-09-11T12:48:33,GASTROCLÍNICA,SEM_VAGA,0
2026-09-11T12:48:36,NUTRIÇÃO - DIETÉTICA,SEM_VAGA,0
2026-09-11T12:48:40,ODONTOLOGIA - DENTÍSTICA,SEM_VAGA,0
2026-09-11T12:53:48,ACUPUNTURA,SEM_VAGA,0
2026-09-11T12:53:51,CIRURGIA PLÁSTICA,SEM_VAGA,0
2026-09-11T12:53:55,DERMATOLOGIA,SEM_VAGA,0
2026-09-11T12:53:58,FISIOTERAPIA MEMBROS INFERIORES,SEM_VAGA,0
2026-09-11T12:54:01,FISIOTERAPIA MEMBROS INFERIORES,SEM_VAGA,0
2026-09-11T12:54:04,GASTROCLÍNICA,SEM_VAGA,0
2026-09-11T12:54:08,NUTRIÇÃO - DIETÉTICA,SEM_VAGA,0
2026-09-11T12:54:11,ODONTOLOGIA - DENTÍSTICA,SEM_VAGA,0
2026-09-11T12:59:21,ACUPUNTURA,SEM_VAGA,0
2026-09-11T12:59:24,CIRURGIA PLÁSTICA,SEM_VAGA,0
2026-09-11T12:59:27,DERMATOLOGIA,SEM_VAGA,0
2026-09-11T12:59:30,FISIOTERAPIA MEMBROS INFERIORES,SEM_VAGA,0
2026-09-11T12:59:34,FISIOTERAPIA MEMBROS INFERIORES,SEM_VAGA,0
2026-09-11T12:59:37,GASTROCLÍNICA,SEM_VAGA,0
2026-09-11T12:59:40,NUTRIÇÃO - DIETÉTICA,SEM_VAGA,0
2026-09-11T12:59:44,ODONTOLOGIA - DENTÍSTICA,SEM_VAGA,0
2026-09-11T13:04:52,ACUPUNTURA,SEM_VAGA,0
2026-09-11T13:04:55,CIRURGIA PLÁSTICA,SEM_VAGA,0
2026-09-11T13:04:59,DERMATOLOGIA,SEM_VAGA,0
2026-09-11T13:05:02,FISIOTERAPIA MEMBROS INFERIORES,SEM_VAGA,0
2026-09-11T13:05:05,FISIOTERAPIA MEMBROS INFERIORES,SEM_VAGA,0
2026-09-11T13:05:09,GASTROCLÍNICA,SEM_VAGA,0
2026-09-11T13:05:12,NUTRIÇÃO - DIETÉTICA,SEM_VAGA,0
2026-09-11T13:05:17,ODONTOLOGIA - DENTÍSTICA,SEM_VAGA,0
2026-09-11T13:10:27,ACUPUNTURA,SEM_VAGA,0
2026-09-11T13:10:30,CIRURGIA PLÁSTICA,SEM_VAGA,0
2026-09-11T13:10:35,DERMATOLOGIA,SEM_VAGA,0
2026-09-11T13:10:39,FISIOTERAPIA MEMBROS INFERIORES,SEM_VAGA,0
2026-09-11T13:10:43,FISIOTERAPIA MEMBROS INFERIORES,SEM_VAGA,0
2026-09-11T13:10:48,GASTROCLÍNICA,SEM_VAGA,0
2026-09-11T13:10:52,NUTRIÇÃO - DIETÉTICA,SEM_VAGA,0
2026-09-11T13:10:57,ODONTOLOGIA - DENTÍSTICA,SEM_VAGA,0
2026-09-11T13:16:07,ACUPUNTURA,SEM_VAGA,0
2026-09-11T13:16:10,CIRURGIA PLÁSTICA,SEM_VAGA,0
2026-09-11T13:16:13,DERMATOLOGIA,SEM_VAGA,0
2026-09-11T13:16:17,FISIOTERAPIA MEMBROS INFERIORES,SEM_VAGA,0
2026-09-11T13:16:20,FISIOTERAPIA MEMBROS INFERIORES,SEM_VAGA,0
2026-09-11T13:16:23,GASTROCLÍNICA,SEM_VAGA,0
2026-09-11T13:16:27,NUTRIÇÃO - DIETÉTICA,SEM_VAGA,0
2026-09-11T13:16:30,ODONTOLOGIA - DENTÍSTICA,SEM_VAGA,0
2026-09-11T13:21:38,ACUPUNTURA,SEM_VAGA,0
2026-09-11T13:21:41,CIRURGIA PLÁSTICA,SEM_VAGA,0
2026-09-11T13:21:45,DERMATOLOGIA,SEM_VAGA,0
2026-09-11T13:21:48,FISIOTERAPIA MEMBROS INFERIORES,SEM_VAGA,0
2026-09-11T13:21:51,FISIOTERAPIA MEMBROS INFERIORES,SEM_VAGA,0
2026-09-11T13:21:55,GASTROCLÍNICA,SEM_VAGA,0
2026-09-11T13:21:58,NUTRIÇÃO - DIETÉTICA,SEM_VAGA,0
2026-09-11T13:22:01,ODONTOLOGIA - DENTÍSTICA,SEM_VAGA,0
2026-09-11T13:27:10,ACUPUNTURA,SEM_VAGA,0
2026-09-11T13:27:14,CIRURGIA PLÁSTICA,SEM_VAGA,0
2026-09-11T13:27:17,DERMATOLOGIA,SEM_VAGA,0
2026-09-11T13:27:21,FISIOTERAPIA MEMBROS INFERIORES,SEM_VAGA,0
2026-09-11T13:27:24,FISIOTERAPIA MEMBROS INFERIORES,SEM_VAGA,0
2026-09-11T13:27:28,GASTROCLÍNICA,SEM_VAGA,0
2026-09-11T13:27:32,NUTRIÇÃO - DIETÉTICA,SEM_VAGA,0
2026-09-11T13:27:37,ODONTOLOGIA - DENTÍSTICA,SEM_VAGA,0
2026-09-11T13:32:46,ACUPUNTURA,SEM_VAGA,0
2026-09-11T13:32:50,CIRURGIA PLÁSTICA,SEM_VAGA,0
2026-09-11T13:32:54,DERMATOLOGIA,SEM_VAGA,0
2026-09-11T13:32:58,FISIOTERAPIA MEMBROS INFERIORES,SEM_VAGA,0
2026-09-11T13:33:02,FISIOTERAPIA MEMBROS INFERIORES,SEM_VAGA,0
2026-09-11T13:33:05,GASTROCLÍNICA,SEM_VAGA,0
2026-09-11T13:33:08,NUTRIÇÃO - DIETÉTICA,SEM_VAGA,0
2026-09-11T13:33:11,ODONTOLOGIA - DENTÍSTICA,SEM_VAGA,0
2026-09-11T13:38:19,ACUPUNTURA,SEM_VAGA,0
2026-09-11T13:38:22,CIRURGIA PLÁSTICA,SEM_VAGA,0
2026-09-11T13:38:25,DERMATOLOGIA,SEM_VAGA,0
2026-09-11T13:38:28,FISIOTERAPIA MEMBROS INFERIORES,SEM_VAGA,0
2026-09-11T13:38:31,FISIOTERAPIA MEMBROS INFERIORES,SEM_VAGA,0
2026-09-11T13:38:35,GASTROCLÍNICA,SEM_VAGA,0
2026-09-11T13:38:38,NUTRIÇÃO - DIETÉTICA,SEM_VAGA,0
2026-09-11T13:38:41,ODONTOLOGIA - DENTÍSTICA,SEM_VAGA,0
2026-09-11T13:43:50,ACUPUNTURA,SEM_VAGA,0
2026-09-11T13:43:53,CIRURGIA PLÁSTICA,SEM_VAGA,0
2026-09-11T13:43:56,DERMATOLOGIA,SEM_VAGA,0
2026-09-11T13:44:00,FISIOTERAPIA MEMBROS INFERIORES,SEM_VAGA,0
2026-09-11T13:44:03,FISIOTERAPIA MEMBROS INFERIORES,SEM_VAGA,0
2026-09-11T13:44:07,GASTROCLÍNICA,SEM_VAGA,0
2026-09-11T13:44:10,NUTRIÇÃO - DIETÉTICA,SEM_VAGA,0
2026-09-11T13:44:13,ODONTOLOGIA - DENTÍSTICA,SEM_VAGA,0
2026-09-11T13:49:22,ACUPUNTURA,SEM_VAGA,0
2026-09-11T13:49:25,CIRURGIA PLÁSTICA,SEM_VAGA,0
2026-09-11T13:49:29,DERMATOLOGIA,SEM_VAGA,0
2026-09-11T13:49:32,FISIOTERAPIA MEMBROS INFERIORES,SEM_VAGA,0
2026-09-11T13:49:35,FISIOTERAPIA MEMBROS INFERIORES,SEM_VAGA,0
2026-09-11T13:49:38,GASTROCLÍNICA,SEM_VAGA,0
2026-09-11T13:49:42,NUTRIÇÃO - DIETÉTICA,SEM_VAGA,0
2026-09-11T13:49:45,ODONTOLOGIA - DENTÍSTICA,SEM_VAGA,0
2026-09-11T13:54:53,ACUPUNTURA,SEM_VAGA,0
2026-09-11T13:54:57,CIRURGIA PLÁSTICA,SEM_VAGA,0
2026-09-11T13:54:59,DERMATOLOGIA,SEM_VAGA,0
2026-09-11T13:55:03,FISIOTERAPIA MEMBROS INFERIORES,SEM_VAGA,0
2026-09-11T13:55:06,FISIOTERAPIA MEMBROS INFERIORES,SEM_VAGA,0
2026-09-11T13:55:09,GASTROCLÍNICA,SEM_VAGA,0
2026-09-11T13:55:13,NUTRIÇÃO - DIETÉTICA,SEM_VAGA,0
2026-09-11T13:55:16,ODONTOLOGIA - DENTÍSTICA,SEM_VAGA,0
2026-09-11T14:00:24,ACUPUNTURA,SEM_VAGA,0
2026-09-11T14:00:27,CIRURGIA PLÁSTICA,SEM_VAGA,0
2026-09-11T14:00:30,DERMATOLOGIA,SEM_VAGA,0
2026-09-11T14:00:33,FISIOTERAPIA MEMBROS INFERIORES,SEM_VAGA,0
2026-09-11T14:00:36,FISIOTERAPIA MEMBROS INFERIORES,SEM_VAGA,0
2026-09-11T14:00:39,GASTROCLÍNICA,SEM_VAGA,0
2026-09-11T14:00:43,NUTRIÇÃO - DIETÉTICA,SEM_VAGA,0
2026-09-11T14:00:46,ODONTOLOGIA - DENTÍSTICA,SEM_VAGA,0
2026-09-11T14:05:54,ACUPUNTURA,SEM_VAGA,0
2026-09-11T14:05:58,CIRURGIA PLÁSTICA,SEM_VAGA,0
2026-09-11T14:06:01,DERMATOLOGIA,SEM_VAGA,0
2026-09-11T14:06:04,FISIOTERAPIA MEMBROS INFERIORES,SEM_VAGA,0
2026-09-11T14:06:07,FISIOTERAPIA MEMBROS INFERIORES,SEM_VAGA,0
2026-09-11T14:06:10,GASTROCLÍNICA,SEM_VAGA,0
2026-09-11T14:06:13,NUTRIÇÃO - DIETÉTICA,SEM_VAGA,0
2026-09-11T14:06:16,ODONTOLOGIA - DENTÍSTICA,SEM_VAGA,0
2026-09-11T14:11:25,ACUPUNTURA,SEM_VAGA,0
2026-09-11T14:11:28,CIRURGIA PLÁSTICA,SEM_VAGA,0
2026-09-11T14:11:31,DERMATOLOGIA,SEM_VAGA,0
2026-09-11T14:11:34,FISIOTERAPIA MEMBROS INFERIORES,SEM_VAGA,0
2026-09-11T14:11:37,FISIOTERAPIA MEMBROS INFERIORES,SEM_VAGA,0
2026-09-11T14:11:41,GASTROCLÍNICA,SEM_VAGA,0
2026-09-11T14:11:44,NUTRIÇÃO - DIETÉTICA,SEM_VAGA,0
2026-09-11T14:11:47,ODONTOLOGIA - DENTÍSTICA,SEM_VAGA,0
2026-09-11T14:16:57,ACUPUNTURA,SEM_VAGA,0
2026-09-11T14:17:01,CIRURGIA PLÁSTICA,SEM_VAGA,0
2026-09-11T14:17:06,DERMATOLOGIA,SEM_VAGA,0
2026-09-11T14:17:11,FISIOTERAPIA MEMBROS INFERIORES,SEM_VAGA,0
2026-09-11T14:17:16,FISIOTERAPIA MEMBROS INFERIORES,SEM_VAGA,0
2026-09-11T14:17:19,GASTROCLÍNICA,SEM_VAGA,0
2026-09-11T14:17:23,NUTRIÇÃO - DIETÉTICA,SEM_VAGA,0
2026-09-11T14:17:27,ODONTOLOGIA - DENTÍSTICA,SEM_VAGA,0
2026-09-11T14:22:35,ACUPUNTURA,SEM_VAGA,0
2026-09-11T14:22:39,CIRURGIA PLÁSTICA,SEM_VAGA,0
2026-09-11T14:22:42,DERMATOLOGIA,SEM_VAGA,0
2026-09-11T14:22:46,FISIOTERAPIA MEMBROS INFERIORES,SEM_VAGA,0
2026-09-11T14:22:49,FISIOTERAPIA MEMBROS INFERIORES,SEM_VAGA,0
2026-09-11T14:22:53,GASTROCLÍNICA,SEM_VAGA,0
2026-09-11T14:22:56,NUTRIÇÃO - DIETÉTICA,SEM_VAGA,0
2026-09-11T14:22:59,ODONTOLOGIA - DENTÍSTICA,SEM_VAGA,0
2026-09-11T14:28:08,ACUPUNTURA,SEM_VAGA,0
2026-09-11T14:28:11,CIRURGIA PLÁSTICA,SEM_VAGA,0
2026-09-11T14:28:14,DERMATOLOGIA,SEM_VAGA,0
2026-09-11T14:28:17,FISIOTERAPIA MEMBROS INFERIORES,SEM_VAGA,0
2026-09-11T14:28:20,FISIOTERAPIA MEMBROS INFERIORES,SEM_VAGA,0
2026-09-11T14:28:24,GASTROCLÍNICA,SEM_VAGA,0
2026-09-11T14:28:27,NUTRIÇÃO - DIETÉTICA,SEM_VAGA,0
2026-09-11T14:28:30,ODONTOLOGIA - DENTÍSTICA,SEM_VAGA,0
2026-09-11T14:33:38,ACUPUNTURA,SEM_VAGA,0
2026-09-11T14:33:42,CIRURGIA PLÁSTICA,SEM_VAGA,0
2026-09-11T14:33:45,DERMATOLOGIA,SEM_VAGA,0
2026-09-11T14:33:48,FISIOTERAPIA MEMBROS INFERIORES,SEM_VAGA,0
2026-09-11T14:33:51,FISIOTERAPIA MEMBROS INFERIORES,SEM_VAGA,0
2026-09-11T14:33:54,GASTROCLÍNICA,SEM_VAGA,0
2026-09-11T14:33:58,NUTRIÇÃO - DIETÉTICA,SEM_VAGA,0
2026-09-11T14:34:02,ODONTOLOGIA - DENTÍSTICA,SEM_VAGA,0
2026-09-11T14:39:11,ACUPUNTURA,SEM_VAGA,0
2026-09-11T14:39:14,CIRURGIA PLÁSTICA,SEM_VAGA,0
2026-09-11T14:39:17,DERMATOLOGIA,SEM_VAGA,0
2026-09-11T14:39:20,FISIOTERAPIA MEMBROS INFERIORES,SEM_VAGA,0
2026-09-11T14:39:24,FISIOTERAPIA MEMBROS INFERIORES,SEM_VAGA,0
2026-09-11T14:39:27,GASTROCLÍNICA,SEM_VAGA,0
2026-09-11T14:39:30,NUTRIÇÃO - DIETÉTICA,SEM_VAGA,0
2026-09-11T14:39:33,ODONTOLOGIA - DENTÍSTICA,SEM_VAGA,0
2026-09-11T14:44:42,ACUPUNTURA,SEM_VAGA,0
2026-09-11T14:44:45,CIRURGIA PLÁSTICA,SEM_VAGA,0
2026-09-11T14:44:48,DERMATOLOGIA,SEM_VAGA,0
2026-09-11T14:44:51,FISIOTERAPIA MEMBROS INFERIORES,SEM_VAGA,0
2026-09-11T14:44:56,FISIOTERAPIA MEMBROS INFERIORES,SEM_VAGA,0
2026-09-11T14:44:59,GASTROCLÍNICA,SEM_VAGA,0
2026-09-11T14:45:02,NUTRIÇÃO - DIETÉTICA,SEM_VAGA,0
2026-09-11T14:45:06,ODONTOLOGIA - DENTÍSTICA,SEM_VAGA,0
2026-09-11T14:50:14,ACUPUNTURA,SEM_VAGA,0
2026-09-11T14:50:17,CIRURGIA PLÁSTICA,SEM_VAGA,0
2026-09-11T14:50:20,DERMATOLOGIA,SEM_VAGA,0
2026-09-11T14:50:24,FISIOTERAPIA MEMBROS INFERIORES,SEM_VAGA,0
2026-09-11T14:50:27,FISIOTERAPIA MEMBROS INFERIORES,SEM_VAGA,0
2026-09-11T14:50:30,GASTROCLÍNICA,SEM_VAGA,0
2026-09-11T14:50:33,NUTRIÇÃO - DIETÉTICA,SEM_VAGA,0
2026-09-11T14:50:37,ODONTOLOGIA - DENTÍSTICA,SEM_VAGA,0
2026-09-11T14:55:45,ACUPUNTURA,SEM_VAGA,0
2026-09-11T14:55:48,CIRURGIA PLÁSTICA,SEM_VAGA,0
2026-09-11T14:55:52,DERMATOLOGIA,SEM_VAGA,0
2026-09-11T14:55:55,FISIOTERAPIA MEMBROS INFERIORES,SEM_VAGA,0
2026-09-11T14:55:59,FISIOTERAPIA MEMBROS INFERIORES,SEM_VAGA,0
2026-09-11T14:56:02,GASTROCLÍNICA,SEM_VAGA,0
2026-09-11T14:56:05,NUTRIÇÃO - DIETÉTICA,SEM_VAGA,0
2026-09-11T14:56:09,ODONTOLOGIA - DENTÍSTICA,SEM_VAGA,0
2026-09-11T15:01:17,ACUPUNTURA,SEM_VAGA,0
2026-09-11T15:01:20,CIRURGIA PLÁSTICA,SEM_VAGA,0
2026-09-11T15:01:23,DERMATOLOGIA,SEM_VAGA,0
2026-09-11T15:01:27,FISIOTERAPIA MEMBROS INFERIORES,SEM_VAGA,0
2026-09-11T15:01:30,FISIOTERAPIA MEMBROS INFERIORES,SEM_VAGA,0
2026-09-11T15:01:33,GASTROCLÍNICA,SEM_VAGA,0
2026-09-11T15:01:37,NUTRIÇÃO - DIETÉTICA,SEM_VAGA,0
2026-09-11T15:01:39,ODONTOLOGIA - DENTÍSTICA,SEM_VAGA,0
2026-09-11T15:06:48,ACUPUNTURA,SEM_VAGA,0
2026-09-11T15:06:51,CIRURGIA PLÁSTICA,SEM_VAGA,0
2026-09-11T15:06:54,DERMATOLOGIA,SEM_VAGA,0
2026-09-11T15:06:57,FISIOTERAPIA MEMBROS INFERIORES,SEM_VAGA,0
2026-09-11T15:07:00,FISIOTERAPIA MEMBROS INFERIORES,SEM_VAGA,0
2026-09-11T15:07:04,GASTROCLÍNICA,SEM_VAGA,0
2026-09-11T15:07:07,NUTRIÇÃO - DIETÉTICA,SEM_VAGA,0
2026-09-11T15:07:10,ODONTOLOGIA - DENTÍSTICA,SEM_VAGA,0
2026-09-11T15:12:19,ACUPUNTURA,SEM_VAGA,0
2026-09-11T15:12:22,CIRURGIA PLÁSTICA,SEM_VAGA,0
2026-09-11T15:12:25,DERMATOLOGIA,SEM_VAGA,0
2026-09-11T15:12:28,FISIOTERAPIA MEMBROS INFERIORES,SEM_VAGA,0
2026-09-11T15:12:31,FISIOTERAPIA MEMBROS INFERIORES,SEM_VAGA,0
2026-09-11T15:12:35,GASTROCLÍNICA,SEM_VAGA,0
2026-09-11T15:12:38,NUTRIÇÃO - DIETÉTICA,SEM_VAGA,0
2026-09-11T15:12:41,ODONTOLOGIA - DENTÍSTICA,SEM_VAGA,0
2026-09-11T15:17:49,ACUPUNTURA,SEM_VAGA,0
2026-09-11T15:17:53,CIRURGIA PLÁSTICA,SEM_VAGA,0
2026-09-11T15:17:57,DERMATOLOGIA,SEM_VAGA,0
2026-09-11T15:17:59,FISIOTERAPIA MEMBROS INFERIORES,SEM_VAGA,0
2026-09-11T15:18:03,FISIOTERAPIA MEMBROS INFERIORES,SEM_VAGA,0
2026-09-11T15:18:06,GASTROCLÍNICA,SEM_VAGA,0
2026-09-11T15:18:09,NUTRIÇÃO - DIETÉTICA,SEM_VAGA,0
2026-09-11T15:18:12,ODONTOLOGIA - DENTÍSTICA,SEM_VAGA,0
2026-09-11T15:23:20,ACUPUNTURA,SEM_VAGA,0
2026-09-11T15:30:59,ACUPUNTURA,SEM_VAGA,0
2026-09-11T15:31:02,CIRURGIA PLÁSTICA,SEM_VAGA,0
2026-09-11T15:31:06,DERMATOLOGIA,SEM_VAGA,0
2026-09-11T15:31:10,FISIOTERAPIA MEMBROS INFERIORES,SEM_VAGA,0
2026-09-11T15:31:13,FISIOTERAPIA MEMBROS INFERIORES,SEM_VAGA,0
2026-09-11T15:31:16,GASTROCLÍNICA,SEM_VAGA,0
2026-09-11T15:31:19,NUTRIÇÃO - DIETÉTICA,SEM_VAGA,0
2026-09-11T15:31:23,ODONTOLOGIA - DENTÍSTICA,SEM_VAGA,0
2026-09-11T15:36:33,ACUPUNTURA,SEM_VAGA,0
2026-09-11T15:36:37,CIRURGIA PLÁSTICA,SEM_VAGA,0
2026-09-11T15:36:41,DERMATOLOGIA,SEM_VAGA,0
2026-09-11T15:36:45,FISIOTERAPIA MEMBROS INFERIORES,SEM_VAGA,0
2026-09-11T15:36:49,FISIOTERAPIA MEMBROS INFERIORES,SEM_VAGA,0
2026-09-11T15:36:53,GASTROCLÍNICA,SEM_VAGA,0
2026-09-11T15:36:56,NUTRIÇÃO - DIETÉTICA,SEM_VAGA,0
2026-09-11T15:36:59,ODONTOLOGIA - DENTÍSTICA,SEM_VAGA,0
2026-09-11T15:42:08,ACUPUNTURA,SEM_VAGA,0
2026-09-11T15:42:11,CIRURGIA PLÁSTICA,SEM_VAGA,0
2026-09-11T15:42:14,DERMATOLOGIA,SEM_VAGA,0
2026-09-11T15:42:18,FISIOTERAPIA MEMBROS INFERIORES,SEM_VAGA,0
2026-09-11T15:42:21,FISIOTERAPIA MEMBROS INFERIORES,SEM_VAGA,0
2026-09-11T15:42:25,GASTROCLÍNICA,SEM_VAGA,0
2026-09-11T15:42:28,NUTRIÇÃO - DIETÉTICA,SEM_VAGA,0
2026-09-11T15:42:31,ODONTOLOGIA - DENTÍSTICA,SEM_VAGA,0
2026-09-11T15:47:40,ACUPUNTURA,SEM_VAGA,0
2026-09-11T15:47:43,CIRURGIA PLÁSTICA,SEM_VAGA,0
2026-09-11T15:47:46,DERMATOLOGIA,SEM_VAGA,0
2026-09-11T15:47:49,FISIOTERAPIA MEMBROS INFERIORES,SEM_VAGA,0
2026-09-11T15:47:52,FISIOTERAPIA MEMBROS INFERIORES,SEM_VAGA,0
2026-09-11T15:47:56,GASTROCLÍNICA,SEM_VAGA,0
2026-09-11T15:47:59,NUTRIÇÃO - DIETÉTICA,SEM_VAGA,0
2026-09-11T15:48:03,ODONTOLOGIA - DENTÍSTICA,SEM_VAGA,0
2026-09-11T15:53:13,ACUPUNTURA,SEM_VAGA,0
2026-09-11T15:53:17,CIRURGIA PLÁSTICA,SEM_VAGA,0
2026-09-11T15:53:20,DERMATOLOGIA,SEM_VAGA,0
2026-09-11T15:53:23,FISIOTERAPIA MEMBROS INFERIORES,SEM_VAGA,0
2026-09-11T15:53:27,FISIOTERAPIA MEMBROS INFERIORES,SEM_VAGA,0
2026-09-11T15:53:31,GASTROCLÍNICA,SEM_VAGA,0
2026-09-11T15:53:35,NUTRIÇÃO - DIETÉTICA,SEM_VAGA,0
2026-09-11T15:53:39,ODONTOLOGIA - DENTÍSTICA,SEM_VAGA,0
2026-09-11T15:58:48,ACUPUNTURA,SEM_VAGA,0
2026-09-11T15:58:51,CIRURGIA PLÁSTICA,SEM_VAGA,0
2026-09-11T15:58:54,DERMATOLOGIA,SEM_VAGA,0
2026-09-11T15:58:57,FISIOTERAPIA MEMBROS INFERIORES,SEM_VAGA,0
2026-09-11T15:59:01,FISIOTERAPIA MEMBROS INFERIORES,SEM_VAGA,0
2026-09-11T15:59:04,GASTROCLÍNICA,SEM_VAGA,0
2026-09-11T15:59:07,NUTRIÇÃO - DIETÉTICA,SEM_VAGA,0
2026-09-11T15:59:10,ODONTOLOGIA - DENTÍSTICA,SEM_VAGA,0
2026-09-11T16:04:19,ACUPUNTURA,SEM_VAGA,0
2026-09-11T16:04:22,CIRURGIA PLÁSTICA,SEM_VAGA,0
2026-09-11T16:04:25,DERMATOLOGIA,SEM_VAGA,0
2026-09-11T16:04:29,FISIOTERAPIA MEMBROS INFERIORES,SEM_VAGA,0
2026-09-11T16:04:32,FISIOTERAPIA MEMBROS INFERIORES,SEM_VAGA,0
2026-09-11T16:04:36,GASTROCLÍNICA,SEM_VAGA,0
2026-09-11T16:04:40,NUTRIÇÃO - DIETÉTICA,SEM_VAGA,0
2026-09-11T16:04:43,ODONTOLOGIA - DENTÍSTICA,SEM_VAGA,0
2026-09-11T16:09:51,ACUPUNTURA,SEM_VAGA,0
2026-09-11T16:09:55,CIRURGIA PLÁSTICA,SEM_VAGA,0
2026-09-11T16:09:59,DERMATOLOGIA,SEM_VAGA,0
2026-09-11T16:10:02,FISIOTERAPIA MEMBROS INFERIORES,SEM_VAGA,0
2026-09-11T16:10:06,FISIOTERAPIA MEMBROS INFERIORES,SEM_VAGA,0
2026-09-11T16:10:10,GASTROCLÍNICA,SEM_VAGA,0
2026-09-11T16:10:14,NUTRIÇÃO - DIETÉTICA,SEM_VAGA,0
2026-09-11T16:10:17,ODONTOLOGIA - DENTÍSTICA,SEM_VAGA,0
2026-09-11T16:15:28,ACUPUNTURA,SEM_VAGA,0
2026-09-11T16:15:32,CIRURGIA PLÁSTICA,SEM_VAGA,0
2026-09-11T16:15:39,DERMATOLOGIA,VAGA_ENCONTRADA,
2026-09-11T16:15:48,FISIOTERAPIA MEMBROS INFERIORES,SEM_VAGA,0
2026-09-11T16:15:54,FISIOTERAPIA MEMBROS INFERIORES,SEM_VAGA,0
2026-09-11T16:15:58,GASTROCLÍNICA,SEM_VAGA,0
2026-09-11T16:16:03,NUTRIÇÃO - DIETÉTICA,SEM_VAGA,0
2026-09-11T16:16:09,ODONTOLOGIA - DENTÍSTICA,SEM_VAGA,0
2026-09-11T16:21:17,ACUPUNTURA,SEM_VAGA,0
2026-09-11T16:21:20,CIRURGIA PLÁSTICA,SEM_VAGA,0
2026-09-11T16:21:23,DERMATOLOGIA,SEM_VAGA,0
2026-09-11T16:21:27,FISIOTERAPIA MEMBROS INFERIORES,SEM_VAGA,0
2026-09-11T16:21:30,FISIOTERAPIA MEMBROS INFERIORES,SEM_VAGA,0
2026-09-11T16:21:34,GASTROCLÍNICA,SEM_VAGA,0
2026-09-11T16:21:37,NUTRIÇÃO - DIETÉTICA,SEM_VAGA,0
2026-09-11T16:21:41,ODONTOLOGIA - DENTÍSTICA,SEM_VAGA,0
2026-09-11T16:26:49,ACUPUNTURA,SEM_VAGA,0
2026-09-11T16:26:52,CIRURGIA PLÁSTICA,SEM_VAGA,0
2026-09-11T16:26:55,DERMATOLOGIA,SEM_VAGA,0
2026-09-11T16:26:59,FISIOTERAPIA MEMBROS INFERIORES,SEM_VAGA,0
2026-09-11T16:27:02,FISIOTERAPIA MEMBROS INFERIORES,SEM_VAGA,0
2026-09-11T16:27:06,GASTROCLÍNICA,SEM_VAGA,0
2026-09-11T16:27:09,NUTRIÇÃO - DIETÉTICA,SEM_VAGA,0
2026-09-11T16:27:13,ODONTOLOGIA - DENTÍSTICA,SEM_VAGA,0
2026-09-11T16:32:21,ACUPUNTURA,SEM_VAGA,0
2026-09-11T16:32:25,CIRURGIA PLÁSTICA,SEM_VAGA,0
2026-09-11T16:32:28,DERMATOLOGIA,SEM_VAGA,0
2026-09-11T16:32:31,FISIOTERAPIA MEMBROS INFERIORES,SEM_VAGA,0
2026-09-11T16:32:35,FISIOTERAPIA MEMBROS INFERIORES,SEM_VAGA,0
2026-09-11T16:32:38,GASTROCLÍNICA,SEM_VAGA,0
2026-09-11T16:32:41,NUTRIÇÃO - DIETÉTICA,SEM_VAGA,0
2026-09-11T16:32:45,ODONTOLOGIA - DENTÍSTICA,SEM_VAGA,0
2026-09-11T16:37:53,ACUPUNTURA,SEM_VAGA,0
2026-09-11T16:37:57,CIRURGIA PLÁSTICA,SEM_VAGA,0
2026-09-11T16:38:00,DERMATOLOGIA,SEM_VAGA,0
2026-09-11T16:38:03,FISIOTERAPIA MEMBROS INFERIORES,SEM_VAGA,0
2026-09-11T16:38:07,FISIOTERAPIA MEMBROS INFERIORES,SEM_VAGA,0
2026-09-11T16:38:10,GASTROCLÍNICA,SEM_VAGA,0
2026-09-11T16:38:13,NUTRIÇÃO - DIETÉTICA,SEM_VAGA,0
2026-09-11T16:38:17,ODONTOLOGIA - DENTÍSTICA,SEM_VAGA,0
2026-09-11T16:43:25,ACUPUNTURA,SEM_VAGA,0
2026-09-11T16:43:28,CIRURGIA PLÁSTICA,SEM_VAGA,0
2026-09-11T16:43:31,DERMATOLOGIA,SEM_VAGA,0
2026-09-11T16:43:35,FISIOTERAPIA MEMBROS INFERIORES,SEM_VAGA,0
2026-09-11T16:43:38,FISIOTERAPIA MEMBROS INFERIORES,SEM_VAGA,0
2026-09-11T16:43:41,GASTROCLÍNICA,SEM_VAGA,0
2026-09-11T16:43:44,NUTRIÇÃO - DIETÉTICA,SEM_VAGA,0
2026-09-11T16:43:47,ODONTOLOGIA - DENTÍSTICA,SEM_VAGA,0
2026-09-11T16:48:56,ACUPUNTURA,SEM_VAGA,0
2026-09-11T16:48:59,CIRURGIA PLÁSTICA,SEM_VAGA,0
2026-09-11T16:49:03,DERMATOLOGIA,SEM_VAGA,0
2026-09-11T16:49:06,FISIOTERAPIA MEMBROS INFERIORES,SEM_VAGA,0
2026-09-11T16:49:10,FISIOTERAPIA MEMBROS INFERIORES,SEM_VAGA,0
2026-09-11T16:49:13,GASTROCLÍNICA,SEM_VAGA,0
2026-09-11T16:49:16,NUTRIÇÃO - DIETÉTICA,SEM_VAGA,0
2026-09-11T16:49:20,ODONTOLOGIA - DENTÍSTICA,SEM_VAGA,0
2026-09-11T16:54:28,ACUPUNTURA,SEM_VAGA,0
2026-09-11T16:54:31,CIRURGIA PLÁSTICA,SEM_VAGA,0
2026-09-11T16:54:35,DERMATOLOGIA,SEM_VAGA,0
2026-09-11T16:54:38,FISIOTERAPIA MEMBROS INFERIORES,SEM_VAGA,0
2026-09-11T16:54:42,FISIOTERAPIA MEMBROS INFERIORES,SEM_VAGA,0
2026-09-11T16:54:46,GASTROCLÍNICA,SEM_VAGA,0
2026-09-11T16:54:50,NUTRIÇÃO - DIETÉTICA,SEM_VAGA,0
2026-09-11T16:54:55,ODONTOLOGIA - DENTÍSTICA,SEM_VAGA,0
2026-09-11T17:00:03,ACUPUNTURA,SEM_VAGA,0
2026-09-11T17:00:08,CIRURGIA PLÁSTICA,SEM_VAGA,0
2026-09-11T17:00:13,DERMATOLOGIA,SEM_VAGA,0
2026-09-11T17:00:18,FISIOTERAPIA MEMBROS INFERIORES,SEM_VAGA,0
2026-09-11T17:00:23,FISIOTERAPIA MEMBROS INFERIORES,SEM_VAGA,0
2026-09-11T17:00:27,GASTROCLÍNICA,SEM_VAGA,0
2026-09-11T17:00:31,NUTRIÇÃO - DIETÉTICA,SEM_VAGA,0
2026-09-11T17:00:36,ODONTOLOGIA - DENTÍSTICA,SEM_VAGA,0
2026-09-11T17:05:44,ACUPUNTURA,SEM_VAGA,0
2026-09-11T17:05:47,CIRURGIA PLÁSTICA,SEM_VAGA,0
2026-09-11T17:05:51,DERMATOLOGIA,SEM_VAGA,0
2026-09-11T17:05:54,FISIOTERAPIA MEMBROS INFERIORES,SEM_VAGA,0
2026-09-11T17:05:58,FISIOTERAPIA MEMBROS INFERIORES,SEM_VAGA,0
2026-09-11T17:06:02,GASTROCLÍNICA,SEM_VAGA,0
2026-09-11T17:06:05,NUTRIÇÃO - DIETÉTICA,SEM_VAGA,0
2026-09-11T17:06:08,ODONTOLOGIA - DENTÍSTICA,SEM_VAGA,0
2026-09-11T17:11:19,ACUPUNTURA,SEM_VAGA,0
2026-09-11T17:11:22,CIRURGIA PLÁSTICA,SEM_VAGA,0
2026-09-11T17:11:25,DERMATOLOGIA,SEM_VAGA,0
2026-09-11T17:11:29,FISIOTERAPIA MEMBROS INFERIORES,SEM_VAGA,0
2026-09-11T17:11:32,FISIOTERAPIA MEMBROS INFERIORES,SEM_VAGA,0
2026-09-11T17:11:35,GASTROCLÍNICA,SEM_VAGA,0
2026-09-11T17:11:38,NUTRIÇÃO - DIETÉTICA,SEM_VAGA,0
2026-09-11T17:11:42,ODONTOLOGIA - DENTÍSTICA,SEM_VAGA,0
2026-09-11T17:16:50,ACUPUNTURA,SEM_VAGA,0
2026-09-11T17:16:53,CIRURGIA PLÁSTICA,SEM_VAGA,0
2026-09-11T17:16:56,DERMATOLOGIA,SEM_VAGA,0
2026-09-11T17:16:59,FISIOTERAPIA MEMBROS INFERIORES,SEM_VAGA,0
2026-09-11T17:17:02,FISIOTERAPIA MEMBROS INFERIORES,SEM_VAGA,0
2026-09-11T17:17:05,GASTROCLÍNICA,SEM_VAGA,0
2026-09-11T17:17:09,NUTRIÇÃO - DIETÉTICA,SEM_VAGA,0
2026-09-11T17:17:12,ODONTOLOGIA - DENTÍSTICA,SEM_VAGA,0
2026-09-11T17:22:20,ACUPUNTURA,SEM_VAGA,0
2026-09-11T17:22:24,CIRURGIA PLÁSTICA,SEM_VAGA,0
2026-09-11T17:22:27,DERMATOLOGIA,SEM_VAGA,0
2026-09-11T17:22:31,FISIOTERAPIA MEMBROS INFERIORES,SEM_VAGA,0
2026-09-11T17:22:34,FISIOTERAPIA MEMBROS INFERIORES,SEM_VAGA,0
2026-09-11T17:22:38,GASTROCLÍNICA,SEM_VAGA,0
2026-09-11T17:22:41,NUTRIÇÃO - DIETÉTICA,SEM_VAGA,0
2026-09-11T17:22:44,ODONTOLOGIA - DENTÍSTICA,SEM_VAGA,0
2026-09-11T17:27:52,ACUPUNTURA,SEM_VAGA,0
2026-09-11T17:27:56,CIRURGIA PLÁSTICA,SEM_VAGA,0
2026-09-11T17:27:59,DERMATOLOGIA,SEM_VAGA,0
2026-09-11T17:28:02,FISIOTERAPIA MEMBROS INFERIORES,SEM_VAGA,0
2026-09-11T17:28:06,FISIOTERAPIA MEMBROS INFERIORES,SEM_VAGA,0
2026-09-11T17:28:09,GASTROCLÍNICA,SEM_VAGA,0
2026-09-11T17:28:13,NUTRIÇÃO - DIETÉTICA,SEM_VAGA,0
2026-09-11T17:28:18,ODONTOLOGIA - DENTÍSTICA,SEM_VAGA,0
2026-09-11T17:33:26,ACUPUNTURA,SEM_VAGA,0
2026-09-11T17:33:29,CIRURGIA PLÁSTICA,SEM_VAGA,0
2026-09-11T17:33:33,DERMATOLOGIA,SEM_VAGA,0
2026-09-11T17:33:36,FISIOTERAPIA MEMBROS INFERIORES,SEM_VAGA,0
2026-09-11T17:33:39,FISIOTERAPIA MEMBROS INFERIORES,SEM_VAGA,0
2026-09-11T17:33:42,GASTROCLÍNICA,SEM_VAGA,0
2026-09-11T17:33:45,NUTRIÇÃO - DIETÉTICA,SEM_VAGA,0
2026-09-11T17:33:48,ODONTOLOGIA - DENTÍSTICA,SEM_VAGA,0
2026-09-11T17:38:57,ACUPUNTURA,SEM_VAGA,0
2026-09-11T17:39:00,CIRURGIA PLÁSTICA,SEM_VAGA,0
2026-09-11T17:39:03,DERMATOLOGIA,SEM_VAGA,0
2026-09-11T17:39:06,FISIOTERAPIA MEMBROS INFERIORES,SEM_VAGA,0
2026-09-11T17:39:10,FISIOTERAPIA MEMBROS INFERIORES,SEM_VAGA,0
2026-09-11T17:39:13,GASTROCLÍNICA,SEM_VAGA,0
2026-09-11T17:39:16,NUTRIÇÃO - DIETÉTICA,SEM_VAGA,0
2026-09-11T17:39:19,ODONTOLOGIA - DENTÍSTICA,SEM_VAGA,0
2026-09-11T17:44:27,ACUPUNTURA,SEM_VAGA,0
2026-09-11T17:44:31,CIRURGIA PLÁSTICA,SEM_VAGA,0
2026-09-11T17:44:34,DERMATOLOGIA,SEM_VAGA,0
2026-09-11T17:44:37,FISIOTERAPIA MEMBROS INFERIORES,SEM_VAGA,0
2026-09-11T17:44:41,FISIOTERAPIA MEMBROS INFERIORES,SEM_VAGA,0
2026-09-11T17:44:44,GASTROCLÍNICA,SEM_VAGA,0
2026-09-11T17:44:47,NUTRIÇÃO - DIETÉTICA,SEM_VAGA,0
2026-09-11T17:44:51,ODONTOLOGIA - DENTÍSTICA,SEM_VAGA,0
2026-09-11T17:49:59,ACUPUNTURA,SEM_VAGA,0
2026-09-11T17:50:02,CIRURGIA PLÁSTICA,SEM_VAGA,0
2026-09-11T17:50:05,DERMATOLOGIA,SEM_VAGA,0
2026-09-11T17:50:09,FISIOTERAPIA MEMBROS INFERIORES,SEM_VAGA,0
2026-09-11T17:50:12,FISIOTERAPIA MEMBROS INFERIORES,SEM_VAGA,0
2026-09-11T17:50:15,GASTROCLÍNICA,SEM_VAGA,0
2026-09-11T17:50:18,NUTRIÇÃO - DIETÉTICA,SEM_VAGA,0
2026-09-11T17:50:22,ODONTOLOGIA - DENTÍSTICA,SEM_VAGA,0
2026-09-11T17:55:30,ACUPUNTURA,SEM_VAGA,0
2026-09-11T17:55:33,CIRURGIA PLÁSTICA,SEM_VAGA,0
2026-09-11T17:55:36,DERMATOLOGIA,SEM_VAGA,0
2026-09-11T17:55:40,FISIOTERAPIA MEMBROS INFERIORES,SEM_VAGA,0
2026-09-11T17:55:43,FISIOTERAPIA MEMBROS INFERIORES,SEM_VAGA,0
2026-09-11T17:55:47,GASTROCLÍNICA,SEM_VAGA,0
2026-09-11T17:55:50,NUTRIÇÃO - DIETÉTICA,SEM_VAGA,0
2026-09-11T17:55:54,ODONTOLOGIA - DENTÍSTICA,SEM_VAGA,0
2026-09-11T18:01:02,ACUPUNTURA,SEM_VAGA,0
2026-09-11T18:01:06,CIRURGIA PLÁSTICA,SEM_VAGA,0
2026-09-11T18:01:09,DERMATOLOGIA,SEM_VAGA,0
2026-09-11T18:01:12,FISIOTERAPIA MEMBROS INFERIORES,SEM_VAGA,0
2026-09-11T18:01:15,FISIOTERAPIA MEMBROS INFERIORES,SEM_VAGA,0
2026-09-11T18:01:19,GASTROCLÍNICA,SEM_VAGA,0
2026-09-11T18:01:22,NUTRIÇÃO - DIETÉTICA,SEM_VAGA,0
2026-09-11T18:01:25,ODONTOLOGIA - DENTÍSTICA,SEM_VAGA,0
2026-09-11T18:06:34,ACUPUNTURA,SEM_VAGA,0
2026-09-11T18:06:37,CIRURGIA PLÁSTICA,SEM_VAGA,0
2026-09-11T18:06:42,DERMATOLOGIA,SEM_VAGA,0
2026-09-11T18:06:46,FISIOTERAPIA MEMBROS INFERIORES,SEM_VAGA,0
2026-09-11T18:06:50,FISIOTERAPIA MEMBROS INFERIORES,SEM_VAGA,0
2026-09-11T18:06:54,GASTROCLÍNICA,SEM_VAGA,0
2026-09-11T18:06:58,NUTRIÇÃO - DIETÉTICA,SEM_VAGA,0
2026-09-11T18:07:02,ODONTOLOGIA - DENTÍSTICA,SEM_VAGA,0
2026-09-11T18:12:10,ACUPUNTURA,SEM_VAGA,0
2026-09-11T18:12:14,CIRURGIA PLÁSTICA,SEM_VAGA,0
2026-09-11T18:12:17,DERMATOLOGIA,SEM_VAGA,0
2026-09-11T18:12:20,FISIOTERAPIA MEMBROS INFERIORES,SEM_VAGA,0
2026-09-11T18:12:23,FISIOTERAPIA MEMBROS INFERIORES,SEM_VAGA,0
2026-09-11T18:12:27,GASTROCLÍNICA,SEM_VAGA,0
2026-09-11T18:12:30,NUTRIÇÃO - DIETÉTICA,SEM_VAGA,0
2026-09-11T18:12:33,ODONTOLOGIA - DENTÍSTICA,SEM_VAGA,0
2026-09-11T18:17:43,ACUPUNTURA,SEM_VAGA,0
2026-09-11T18:17:46,CIRURGIA PLÁSTICA,SEM_VAGA,0
2026-09-11T18:17:50,DERMATOLOGIA,SEM_VAGA,0
2026-09-11T18:17:54,FISIOTERAPIA MEMBROS INFERIORES,SEM_VAGA,0
2026-09-11T18:17:57,FISIOTERAPIA MEMBROS INFERIORES,SEM_VAGA,0
2026-09-11T18:18:00,GASTROCLÍNICA,SEM_VAGA,0
2026-09-11T18:18:03,NUTRIÇÃO - DIETÉTICA,SEM_VAGA,0
2026-09-11T18:18:06,ODONTOLOGIA - DENTÍSTICA,SEM_VAGA,0
2026-09-11T18:23:14,ACUPUNTURA,SEM_VAGA,0
2026-09-11T18:23:18,CIRURGIA PLÁSTICA,SEM_VAGA,0
2026-09-11T18:23:21,DERMATOLOGIA,SEM_VAGA,0
2026-09-11T18:23:24,FISIOTERAPIA MEMBROS INFERIORES,SEM_VAGA,0
2026-09-11T18:23:27,FISIOTERAPIA MEMBROS INFERIORES,SEM_VAGA,0
2026-09-11T18:23:31,GASTROCLÍNICA,SEM_VAGA,0
2026-09-11T18:23:34,NUTRIÇÃO - DIETÉTICA,SEM_VAGA,0
2026-09-11T18:23:37,ODONTOLOGIA - DENTÍSTICA,SEM_VAGA,0
2026-09-11T18:28:46,ACUPUNTURA,SEM_VAGA,0
2026-09-11T18:28:49,CIRURGIA PLÁSTICA,SEM_VAGA,0
2026-09-11T18:28:52,DERMATOLOGIA,SEM_VAGA,0
2026-09-11T18:28:55,FISIOTERAPIA MEMBROS INFERIORES,SEM_VAGA,0
2026-09-11T18:28:59,FISIOTERAPIA MEMBROS INFERIORES,SEM_VAGA,0
2026-09-11T18:29:01,GASTROCLÍNICA,SEM_VAGA,0
2026-09-11T18:29:05,NUTRIÇÃO - DIETÉTICA,SEM_VAGA,0
2026-09-11T18:29:08,ODONTOLOGIA - DENTÍSTICA,SEM_VAGA,0
2026-09-11T18:34:16,ACUPUNTURA,SEM_VAGA,0
2026-09-11T18:34:20,CIRURGIA PLÁSTICA,SEM_VAGA,0
2026-09-11T18:34:23,DERMATOLOGIA,SEM_VAGA,0
2026-09-11T18:34:26,FISIOTERAPIA MEMBROS INFERIORES,SEM_VAGA,0
2026-09-11T18:34:29,FISIOTERAPIA MEMBROS INFERIORES,SEM_VAGA,0
2026-09-11T18:34:33,GASTROCLÍNICA,SEM_VAGA,0
2026-09-11T18:34:36,NUTRIÇÃO - DIETÉTICA,SEM_VAGA,0
2026-09-11T18:34:39,ODONTOLOGIA - DENTÍSTICA,SEM_VAGA,0
2026-09-11T18:39:49,ACUPUNTURA,SEM_VAGA,0
2026-09-11T18:39:52,CIRURGIA PLÁSTICA,SEM_VAGA,0
2026-09-11T18:39:55,DERMATOLOGIA,SEM_VAGA,0
2026-09-11T18:40:00,FISIOTERAPIA MEMBROS INFERIORES,SEM_VAGA,0
2026-09-11T18:40:04,FISIOTERAPIA MEMBROS INFERIORES,SEM_VAGA,0
2026-09-11T18:40:08,GASTROCLÍNICA,SEM_VAGA,0
2026-09-11T18:40:11,NUTRIÇÃO - DIETÉTICA,SEM_VAGA,0
2026-09-11T18:40:14,ODONTOLOGIA - DENTÍSTICA,SEM_VAGA,0
2026-09-11T18:45:23,ACUPUNTURA,SEM_VAGA,0
2026-09-11T18:45:26,CIRURGIA PLÁSTICA,SEM_VAGA,0
2026-09-11T18:45:31,DERMATOLOGIA,SEM_VAGA,0
2026-09-11T18:45:35,FISIOTERAPIA MEMBROS INFERIORES,SEM_VAGA,0
2026-09-11T18:45:38,FISIOTERAPIA MEMBROS INFERIORES,SEM_VAGA,0
2026-09-11T18:45:42,GASTROCLÍNICA,SEM_VAGA,0
2026-09-11T18:45:45,NUTRIÇÃO - DIETÉTICA,SEM_VAGA,0
2026-09-11T18:45:48,ODONTOLOGIA - DENTÍSTICA,SEM_VAGA,0
2026-09-11T18:50:56,ACUPUNTURA,SEM_VAGA,0
2026-09-11T18:51:00,CIRURGIA PLÁSTICA,SEM_VAGA,0
2026-09-11T18:51:03,DERMATOLOGIA,SEM_VAGA,0
2026-09-11T18:51:06,FISIOTERAPIA MEMBROS INFERIORES,SEM_VAGA,0
2026-09-11T18:51:09,FISIOTERAPIA MEMBROS INFERIORES,SEM_VAGA,0
2026-09-11T18:51:13,GASTROCLÍNICA,SEM_VAGA,0
2026-09-11T18:51:16,NUTRIÇÃO - DIETÉTICA,SEM_VAGA,0
2026-09-11T18:51:20,ODONTOLOGIA - DENTÍSTICA,SEM_VAGA,0
2026-09-11T18:56:28,ACUPUNTURA,SEM_VAGA,0
2026-09-11T18:56:31,CIRURGIA PLÁSTICA,SEM_VAGA,0
2026-09-11T18:56:34,DERMATOLOGIA,SEM_VAGA,0
2026-09-11T18:56:38,FISIOTERAPIA MEMBROS INFERIORES,SEM_VAGA,0
2026-09-11T18:56:41,FISIOTERAPIA MEMBROS INFERIORES,SEM_VAGA,0
2026-09-11T18:56:45,GASTROCLÍNICA,SEM_VAGA,0
2026-09-11T18:56:48,NUTRIÇÃO - DIETÉTICA,SEM_VAGA,0
2026-09-11T18:56:51,ODONTOLOGIA - DENTÍSTICA,SEM_VAGA,0
2026-09-11T19:01:59,ACUPUNTURA,SEM_VAGA,0
2026-09-11T19:02:03,CIRURGIA PLÁSTICA,SEM_VAGA,0
2026-09-11T19:02:07,DERMATOLOGIA,SEM_VAGA,0
2026-09-11T19:02:10,FISIOTERAPIA MEMBROS INFERIORES,SEM_VAGA,0
2026-09-11T19:02:14,FISIOTERAPIA MEMBROS INFERIORES,SEM_VAGA,0
2026-09-11T19:02:17,GASTROCLÍNICA,SEM_VAGA,0
2026-09-11T19:02:20,NUTRIÇÃO - DIETÉTICA,SEM_VAGA,0
2026-09-11T19:02:24,ODONTOLOGIA - DENTÍSTICA,SEM_VAGA,0
2026-09-11T19:07:32,ACUPUNTURA,SEM_VAGA,0
2026-09-11T19:07:35,CIRURGIA PLÁSTICA,SEM_VAGA,0
2026-09-11T19:07:38,DERMATOLOGIA,SEM_VAGA,0
2026-09-11T19:07:41,FISIOTERAPIA MEMBROS INFERIORES,SEM_VAGA,0
2026-09-11T19:07:44,FISIOTERAPIA MEMBROS INFERIORES,SEM_VAGA,0
2026-09-11T19:07:48,GASTROCLÍNICA,SEM_VAGA,0
2026-09-11T19:07:51,NUTRIÇÃO - DIETÉTICA,SEM_VAGA,0
2026-09-11T19:07:54,ODONTOLOGIA - DENTÍSTICA,SEM_VAGA,0
2026-09-11T19:13:05,ACUPUNTURA,SEM_VAGA,0
2026-09-11T19:13:08,CIRURGIA PLÁSTICA,SEM_VAGA,0
2026-09-11T19:13:11,DERMATOLOGIA,SEM_VAGA,0
2026-09-11T19:13:15,FISIOTERAPIA MEMBROS INFERIORES,SEM_VAGA,0
2026-09-11T19:13:17,FISIOTERAPIA MEMBROS INFERIORES,SEM_VAGA,0
2026-09-11T19:13:21,GASTROCLÍNICA,SEM_VAGA,0
2026-09-11T19:13:24,NUTRIÇÃO - DIETÉTICA,SEM_VAGA,0
2026-09-11T19:13:27,ODONTOLOGIA - DENTÍSTICA,SEM_VAGA,0
2026-09-11T19:18:35,ACUPUNTURA,SEM_VAGA,0
2026-09-11T19:18:39,CIRURGIA PLÁSTICA,SEM_VAGA,0
2026-09-11T19:18:42,DERMATOLOGIA,SEM_VAGA,0
2026-09-11T19:18:46,FISIOTERAPIA MEMBROS INFERIORES,SEM_VAGA,0
2026-09-11T19:18:49,FISIOTERAPIA MEMBROS INFERIORES,SEM_VAGA,0
2026-09-11T19:18:52,GASTROCLÍNICA,SEM_VAGA,0
2026-09-11T19:18:56,NUTRIÇÃO - DIETÉTICA,SEM_VAGA,0
2026-09-11T19:18:59,ODONTOLOGIA - DENTÍSTICA,SEM_VAGA,0
2026-09-11T19:24:08,ACUPUNTURA,SEM_VAGA,0
2026-09-11T19:24:11,CIRURGIA PLÁSTICA,SEM_VAGA,0
2026-09-11T19:24:15,DERMATOLOGIA,SEM_VAGA,0
2026-09-11T19:24:20,FISIOTERAPIA MEMBROS INFERIORES,SEM_VAGA,0
2026-09-11T19:24:23,FISIOTERAPIA MEMBROS INFERIORES,SEM_VAGA,0
2026-09-11T19:24:26,GASTROCLÍNICA,SEM_VAGA,0
2026-09-11T19:24:30,NUTRIÇÃO - DIETÉTICA,SEM_VAGA,0
2026-09-11T19:24:33,ODONTOLOGIA - DENTÍSTICA,SEM_VAGA,0
2026-09-11T19:29:43,ACUPUNTURA,SEM_VAGA,0
2026-09-11T19:29:46,CIRURGIA PLÁSTICA,SEM_VAGA,0
2026-09-11T19:29:49,DERMATOLOGIA,SEM_VAGA,0
2026-09-11T19:29:52,FISIOTERAPIA MEMBROS INFERIORES,SEM_VAGA,0
2026-09-11T19:29:55,FISIOTERAPIA MEMBROS INFERIORES,SEM_VAGA,0
2026-09-11T19:29:59,GASTROCLÍNICA,SEM_VAGA,0
2026-09-11T19:30:02,NUTRIÇÃO - DIETÉTICA,SEM_VAGA,0
2026-09-11T19:30:05,ODONTOLOGIA - DENTÍSTICA,SEM_VAGA,0
2026-09-11T19:35:13,ACUPUNTURA,SEM_VAGA,0
2026-09-11T19:35:17,CIRURGIA PLÁSTICA,SEM_VAGA,0
2026-09-11T19:35:20,DERMATOLOGIA,SEM_VAGA,0
2026-09-11T19:35:23,FISIOTERAPIA MEMBROS INFERIORES,SEM_VAGA,0
2026-09-11T19:35:26,FISIOTERAPIA MEMBROS INFERIORES,SEM_VAGA,0
2026-09-11T19:35:29,GASTROCLÍNICA,SEM_VAGA,0
2026-09-11T19:35:33,NUTRIÇÃO - DIETÉTICA,SEM_VAGA,0
2026-09-11T19:35:40,ODONTOLOGIA - DENTÍSTICA,VAGA_ENCONTRADA,
2026-09-11T19:40:51,ACUPUNTURA,SEM_VAGA,0
2026-09-11T19:40:54,CIRURGIA PLÁSTICA,SEM_VAGA,0
2026-09-11T19:40:58,DERMATOLOGIA,SEM_VAGA,0
2026-09-11T19:41:01,FISIOTERAPIA MEMBROS INFERIORES,SEM_VAGA,0
2026-09-11T19:41:05,FISIOTERAPIA MEMBROS INFERIORES,SEM_VAGA,0
2026-09-11T19:41:07,GASTROCLÍNICA,SEM_VAGA,0
2026-09-11T19:41:11,NUTRIÇÃO - DIETÉTICA,SEM_VAGA,0
2026-09-11T19:41:18,ODONTOLOGIA - DENTÍSTICA,VAGA_ENCONTRADA,
2026-09-11T19:46:29,ACUPUNTURA,SEM_VAGA,0
2026-09-11T19:46:32,CIRURGIA PLÁSTICA,SEM_VAGA,0
2026-09-11T19:46:35,DERMATOLOGIA,SEM_VAGA,0
2026-09-11T19:46:38,FISIOTERAPIA MEMBROS INFERIORES,SEM_VAGA,0
2026-09-11T19:46:42,FISIOTERAPIA MEMBROS INFERIORES,SEM_VAGA,0
2026-09-11T19:46:45,GASTROCLÍNICA,SEM_VAGA,0
2026-09-11T19:46:48,NUTRIÇÃO - DIETÉTICA,SEM_VAGA,0
2026-09-11T19:46:55,ODONTOLOGIA - DENTÍSTICA,VAGA_ENCONTRADA,
2026-09-11T19:52:07,ACUPUNTURA,SEM_VAGA,0
2026-09-11T19:52:10,CIRURGIA PLÁSTICA,SEM_VAGA,0
2026-09-11T19:52:13,DERMATOLOGIA,SEM_VAGA,0
2026-09-11T19:52:16,FISIOTERAPIA MEMBROS INFERIORES,SEM_VAGA,0
2026-09-11T19:52:19,FISIOTERAPIA MEMBROS INFERIORES,SEM_VAGA,0
2026-09-11T19:52:23,GASTROCLÍNICA,SEM_VAGA,0
2026-09-11T19:52:26,NUTRIÇÃO - DIETÉTICA,SEM_VAGA,0
2026-09-11T19:52:33,ODONTOLOGIA - DENTÍSTICA,VAGA_ENCONTRADA,
2026-09-11T19:57:44,ACUPUNTURA,SEM_VAGA,0
2026-09-11T19:57:47,CIRURGIA PLÁSTICA,SEM_VAGA,0
2026-09-11T19:57:51,DERMATOLOGIA,SEM_VAGA,0
2026-09-11T19:57:54,FISIOTERAPIA MEMBROS INFERIORES,SEM_VAGA,0
2026-09-11T19:57:57,FISIOTERAPIA MEMBROS INFERIORES,SEM_VAGA,0
2026-09-11T19:58:00,GASTROCLÍNICA,SEM_VAGA,0
2026-09-11T19:58:03,NUTRIÇÃO - DIETÉTICA,SEM_VAGA,0
2026-09-11T19:58:10,ODONTOLOGIA - DENTÍSTICA,VAGA_ENCONTRADA,
2026-09-11T20:03:22,ACUPUNTURA,SEM_VAGA,0
2026-09-11T20:03:25,CIRURGIA PLÁSTICA,SEM_VAGA,0
2026-09-11T20:03:28,DERMATOLOGIA,SEM_VAGA,0
2026-09-11T20:03:31,FISIOTERAPIA MEMBROS INFERIORES,SEM_VAGA,0
2026-09-11T20:03:34,FISIOTERAPIA MEMBROS INFERIORES,SEM_VAGA,0
2026-09-11T20:03:38,GASTROCLÍNICA,SEM_VAGA,0
2026-09-11T20:03:41,NUTRIÇÃO - DIETÉTICA,SEM_VAGA,0
2026-09-11T20:03:48,ODONTOLOGIA - DENTÍSTICA,VAGA_ENCONTRADA,
2026-09-11T20:09:00,ACUPUNTURA,SEM_VAGA,0
2026-09-11T20:09:03,CIRURGIA PLÁSTICA,SEM_VAGA,0
2026-09-11T20:09:06,DERMATOLOGIA,SEM_VAGA,0
2026-09-11T20:09:10,FISIOTERAPIA MEMBROS INFERIORES,SEM_VAGA,0
2026-09-11T20:09:13,FISIOTERAPIA MEMBROS INFERIORES,SEM_VAGA,0
2026-09-11T20:09:16,GASTROCLÍNICA,SEM_VAGA,0
2026-09-11T20:09:19,NUTRIÇÃO - DIETÉTICA,SEM_VAGA,0
2026-09-11T20:09:22,ODONTOLOGIA - DENTÍSTICA,SEM_VAGA,0
2026-09-11T20:14:32,ACUPUNTURA,SEM_VAGA,0
2026-09-11T20:14:36,CIRURGIA PLÁSTICA,SEM_VAGA,0
2026-09-11T20:14:39,DERMATOLOGIA,SEM_VAGA,0
2026-09-11T20:14:43,FISIOTERAPIA MEMBROS INFERIORES,SEM_VAGA,0
2026-09-11T20:14:47,FISIOTERAPIA MEMBROS INFERIORES,SEM_VAGA,0
2026-09-11T20:14:50,GASTROCLÍNICA,SEM_VAGA,0
2026-09-11T20:14:53,NUTRIÇÃO - DIETÉTICA,SEM_VAGA,0
2026-09-11T20:14:56,ODONTOLOGIA - DENTÍSTICA,SEM_VAGA,0
2026-09-11T20:20:06,ACUPUNTURA,SEM_VAGA,0
2026-09-11T20:20:09,CIRURGIA PLÁSTICA,SEM_VAGA,0
2026-09-11T20:20:13,DERMATOLOGIA,SEM_VAGA,0
2026-09-11T20:20:18,FISIOTERAPIA MEMBROS INFERIORES,SEM_VAGA,0
2026-09-11T20:20:21,FISIOTERAPIA MEMBROS INFERIORES,SEM_VAGA,0
2026-09-11T20:20:24,GASTROCLÍNICA,SEM_VAGA,0
2026-09-11T20:20:27,NUTRIÇÃO - DIETÉTICA,SEM_VAGA,0
2026-09-11T20:20:31,ODONTOLOGIA - DENTÍSTICA,SEM_VAGA,0
2026-09-11T20:25:39,ACUPUNTURA,SEM_VAGA,0
2026-09-11T20:25:42,CIRURGIA PLÁSTICA,SEM_VAGA,0
2026-09-11T20:25:46,DERMATOLOGIA,SEM_VAGA,0
2026-09-11T20:25:51,FISIOTERAPIA MEMBROS INFERIORES,SEM_VAGA,0
2026-09-11T20:25:56,FISIOTERAPIA MEMBROS INFERIORES,SEM_VAGA,0
2026-09-11T20:25:59,GASTROCLÍNICA,SEM_VAGA,0
2026-09-11T20:26:03,NUTRIÇÃO - DIETÉTICA,SEM_VAGA,0
2026-09-11T20:26:06,ODONTOLOGIA - DENTÍSTICA,SEM_VAGA,0
2026-09-11T20:31:14,ACUPUNTURA,SEM_VAGA,0
2026-09-11T20:31:17,CIRURGIA PLÁSTICA,SEM_VAGA,0
2026-09-11T20:31:21,DERMATOLOGIA,SEM_VAGA,0
2026-09-11T20:31:24,FISIOTERAPIA MEMBROS INFERIORES,SEM_VAGA,0
2026-09-11T20:31:27,FISIOTERAPIA MEMBROS INFERIORES,SEM_VAGA,0
2026-09-11T20:31:30,GASTROCLÍNICA,SEM_VAGA,0
2026-09-11T20:31:33,NUTRIÇÃO - DIETÉTICA,SEM_VAGA,0
2026-09-11T20:31:36,ODONTOLOGIA - DENTÍSTICA,SEM_VAGA,0
2026-09-11T20:36:45,ACUPUNTURA,SEM_VAGA,0
2026-09-11T20:36:48,CIRURGIA PLÁSTICA,SEM_VAGA,0
2026-09-11T20:36:51,DERMATOLOGIA,SEM_VAGA,0
2026-09-11T20:36:54,FISIOTERAPIA MEMBROS INFERIORES,SEM_VAGA,0
2026-09-11T20:36:58,FISIOTERAPIA MEMBROS INFERIORES,SEM_VAGA,0
2026-09-11T20:37:01,GASTROCLÍNICA,SEM_VAGA,0
2026-09-11T20:37:04,NUTRIÇÃO - DIETÉTICA,SEM_VAGA,0
2026-09-11T20:37:07,ODONTOLOGIA - DENTÍSTICA,SEM_VAGA,0
2026-09-11T20:42:17,ACUPUNTURA,SEM_VAGA,0
2026-09-11T20:42:21,CIRURGIA PLÁSTICA,SEM_VAGA,0
2026-09-11T20:42:25,DERMATOLOGIA,SEM_VAGA,0
2026-09-11T20:42:28,FISIOTERAPIA MEMBROS INFERIORES,SEM_VAGA,0
2026-09-11T20:42:32,FISIOTERAPIA MEMBROS INFERIORES,SEM_VAGA,0
2026-09-11T20:42:35,GASTROCLÍNICA,SEM_VAGA,0
2026-09-11T20:42:38,NUTRIÇÃO - DIETÉTICA,SEM_VAGA,0
2026-09-11T20:42:41,ODONTOLOGIA - DENTÍSTICA,SEM_VAGA,0
2026-09-11T20:47:50,ACUPUNTURA,SEM_VAGA,0
2026-09-11T20:47:54,CIRURGIA PLÁSTICA,SEM_VAGA,0
2026-09-11T20:47:58,DERMATOLOGIA,SEM_VAGA,0
2026-09-11T20:48:02,FISIOTERAPIA MEMBROS INFERIORES,SEM_VAGA,0
2026-09-11T20:48:05,FISIOTERAPIA MEMBROS INFERIORES,SEM_VAGA,0
2026-09-11T20:48:09,GASTROCLÍNICA,SEM_VAGA,0
2026-09-11T20:48:12,NUTRIÇÃO - DIETÉTICA,SEM_VAGA,0
2026-09-11T20:48:15,ODONTOLOGIA - DENTÍSTICA,SEM_VAGA,0
2026-09-11T20:53:23,ACUPUNTURA,SEM_VAGA,0
2026-09-11T20:53:26,CIRURGIA PLÁSTICA,SEM_VAGA,0
2026-09-11T20:53:30,DERMATOLOGIA,SEM_VAGA,0
2026-09-11T20:53:33,FISIOTERAPIA MEMBROS INFERIORES,SEM_VAGA,0
2026-09-11T20:53:36,FISIOTERAPIA MEMBROS INFERIORES,SEM_VAGA,0
2026-09-11T20:53:39,GASTROCLÍNICA,SEM_VAGA,0
2026-09-11T20:53:42,NUTRIÇÃO - DIETÉTICA,SEM_VAGA,0
2026-09-11T20:53:46,ODONTOLOGIA - DENTÍSTICA,SEM_VAGA,0
2026-09-11T20:58:54,ACUPUNTURA,SEM_VAGA,0
2026-09-11T20:58:58,CIRURGIA PLÁSTICA,SEM_VAGA,0
2026-09-11T20:59:00,DERMATOLOGIA,SEM_VAGA,0
2026-09-11T20:59:04,FISIOTERAPIA MEMBROS INFERIORES,SEM_VAGA,0
2026-09-11T20:59:07,FISIOTERAPIA MEMBROS INFERIORES,SEM_VAGA,0
2026-09-11T20:59:10,GASTROCLÍNICA,SEM_VAGA,0
2026-09-11T20:59:13,NUTRIÇÃO - DIETÉTICA,SEM_VAGA,0
2026-09-11T20:59:17,ODONTOLOGIA - DENTÍSTICA,SEM_VAGA,0
2026-09-11T21:04:25,ACUPUNTURA,SEM_VAGA,0
2026-09-11T21:04:28,CIRURGIA PLÁSTICA,SEM_VAGA,0
2026-09-11T21:04:31,DERMATOLOGIA,SEM_VAGA,0
2026-09-11T21:04:35,FISIOTERAPIA MEMBROS INFERIORES,SEM_VAGA,0
2026-09-11T21:04:38,FISIOTERAPIA MEMBROS INFERIORES,SEM_VAGA,0
2026-09-11T21:04:41,GASTROCLÍNICA,SEM_VAGA,0
2026-09-11T21:04:45,NUTRIÇÃO - DIETÉTICA,SEM_VAGA,0
2026-09-11T21:04:48,ODONTOLOGIA - DENTÍSTICA,SEM_VAGA,0
2026-09-11T21:09:56,ACUPUNTURA,SEM_VAGA,0
2026-09-11T21:09:59,CIRURGIA PLÁSTICA,SEM_VAGA,0
2026-09-11T21:10:02,DERMATOLOGIA,SEM_VAGA,0
2026-09-11T21:10:06,FISIOTERAPIA MEMBROS INFERIORES,SEM_VAGA,0
2026-09-11T21:10:09,FISIOTERAPIA MEMBROS INFERIORES,SEM_VAGA,0
2026-09-11T21:10:12,GASTROCLÍNICA,SEM_VAGA,0
2026-09-11T21:10:15,NUTRIÇÃO - DIETÉTICA,SEM_VAGA,0
2026-09-11T21:10:18,ODONTOLOGIA - DENTÍSTICA,SEM_VAGA,0
2026-09-11T21:15:27,ACUPUNTURA,SEM_VAGA,0
2026-09-11T21:15:30,CIRURGIA PLÁSTICA,SEM_VAGA,0
2026-09-11T21:15:33,DERMATOLOGIA,SEM_VAGA,0
2026-09-11T21:15:37,FISIOTERAPIA MEMBROS INFERIORES,SEM_VAGA,0
2026-09-11T21:15:40,FISIOTERAPIA MEMBROS INFERIORES,SEM_VAGA,0
2026-09-11T21:15:43,GASTROCLÍNICA,SEM_VAGA,0
2026-09-11T21:15:46,NUTRIÇÃO - DIETÉTICA,SEM_VAGA,0
2026-09-11T21:15:50,ODONTOLOGIA - DENTÍSTICA,SEM_VAGA,0
2026-09-11T21:20:58,ACUPUNTURA,SEM_VAGA,0
2026-09-11T21:52:04,ACUPUNTURA,SEM_VAGA,0
2026-09-11T21:52:07,CIRURGIA PLÁSTICA,SEM_VAGA,0
2026-09-11T21:52:10,DERMATOLOGIA,SEM_VAGA,0
2026-09-11T21:52:13,FISIOTERAPIA MEMBROS INFERIORES,SEM_VAGA,0
2026-09-11T21:52:17,FISIOTERAPIA MEMBROS INFERIORES,SEM_VAGA,0
2026-09-11T21:52:20,GASTROCLÍNICA,SEM_VAGA,0
2026-09-11T21:52:23,NUTRIÇÃO - DIETÉTICA,SEM_VAGA,0
2026-09-11T21:52:26,ODONTOLOGIA - DENTÍSTICA,SEM_VAGA,0
2026-09-11T21:57:35,ACUPUNTURA,SEM_VAGA,0
2026-09-11T21:57:38,CIRURGIA PLÁSTICA,SEM_VAGA,0
2026-09-11T21:57:41,DERMATOLOGIA,SEM_VAGA,0
2026-09-11T21:57:44,FISIOTERAPIA MEMBROS INFERIORES,SEM_VAGA,0
2026-09-11T21:57:47,FISIOTERAPIA MEMBROS INFERIORES,SEM_VAGA,0
2026-09-11T21:57:50,GASTROCLÍNICA,SEM_VAGA,0
2026-09-11T21:57:53,NUTRIÇÃO - DIETÉTICA,SEM_VAGA,0
2026-09-11T21:57:56,ODONTOLOGIA - DENTÍSTICA,SEM_VAGA,0
2026-09-11T22:03:04,ACUPUNTURA,SEM_VAGA,0
2026-09-11T22:03:07,CIRURGIA PLÁSTICA,SEM_VAGA,0
2026-09-11T22:03:10,DERMATOLOGIA,SEM_VAGA,0
2026-09-11T22:03:14,FISIOTERAPIA MEMBROS INFERIORES,SEM_VAGA,0
2026-09-11T22:03:17,FISIOTERAPIA MEMBROS INFERIORES,SEM_VAGA,0
2026-09-11T22:03:20,GASTROCLÍNICA,SEM_VAGA,0
2026-09-11T22:03:23,NUTRIÇÃO - DIETÉTICA,SEM_VAGA,0
2026-09-11T22:03:26,ODONTOLOGIA - DENTÍSTICA,SEM_VAGA,0
2026-09-11T22:08:34,ACUPUNTURA,SEM_VAGA,0
2026-09-11T22:08:38,CIRURGIA PLÁSTICA,SEM_VAGA,0
2026-09-11T22:08:41,DERMATOLOGIA,SEM_VAGA,0
2026-09-11T22:08:44,FISIOTERAPIA MEMBROS INFERIORES,SEM_VAGA,0
2026-09-11T22:08:47,FISIOTERAPIA MEMBROS INFERIORES,SEM_VAGA,0
2026-09-11T22:08:51,GASTROCLÍNICA,SEM_VAGA,0
2026-09-11T22:08:54,NUTRIÇÃO - DIETÉTICA,SEM_VAGA,0
2026-09-11T22:08:57,ODONTOLOGIA - DENTÍSTICA,SEM_VAGA,0
2026-09-11T22:14:05,ACUPUNTURA,SEM_VAGA,0
2026-09-11T22:14:08,CIRURGIA PLÁSTICA,SEM_VAGA,0
2026-09-11T22:14:11,DERMATOLOGIA,SEM_VAGA,0
2026-09-11T22:14:15,FISIOTERAPIA MEMBROS INFERIORES,SEM_VAGA,0
2026-09-11T22:14:18,FISIOTERAPIA MEMBROS INFERIORES,SEM_VAGA,0
2026-09-11T22:14:21,GASTROCLÍNICA,SEM_VAGA,0
2026-09-11T22:14:24,NUTRIÇÃO - DIETÉTICA,SEM_VAGA,0
2026-09-11T22:14:29,ODONTOLOGIA - DENTÍSTICA,SEM_VAGA,0
2026-09-11T22:19:38,ACUPUNTURA,SEM_VAGA,0
2026-09-11T22:19:42,CIRURGIA PLÁSTICA,SEM_VAGA,0
2026-09-11T22:19:46,DERMATOLOGIA,SEM_VAGA,0
2026-09-11T22:19:50,FISIOTERAPIA MEMBROS INFERIORES,SEM_VAGA,0
2026-09-11T22:19:53,FISIOTERAPIA MEMBROS INFERIORES,SEM_VAGA,0
2026-09-11T22:19:56,GASTROCLÍNICA,SEM_VAGA,0
2026-09-11T22:19:59,NUTRIÇÃO - DIETÉTICA,SEM_VAGA,0
2026-09-11T22:20:03,ODONTOLOGIA - DENTÍSTICA,SEM_VAGA,0
2026-09-11T22:25:11,ACUPUNTURA,SEM_VAGA,0
2026-09-11T22:25:14,CIRURGIA PLÁSTICA,SEM_VAGA,0
2026-09-11T22:25:18,DERMATOLOGIA,SEM_VAGA,0
2026-09-11T22:25:21,FISIOTERAPIA MEMBROS INFERIORES,SEM_VAGA,0
2026-09-11T22:25:24,FISIOTERAPIA MEMBROS INFERIORES,SEM_VAGA,0
2026-09-11T22:25:27,GASTROCLÍNICA,SEM_VAGA,0
2026-09-11T22:25:30,NUTRIÇÃO - DIETÉTICA,SEM_VAGA,0
2026-09-11T22:25:33,ODONTOLOGIA - DENTÍSTICA,SEM_VAGA,0
2026-09-11T22:30:42,ACUPUNTURA,SEM_VAGA,0
2026-09-11T22:30:45,CIRURGIA PLÁSTICA,SEM_VAGA,0
2026-09-11T22:30:48,DERMATOLOGIA,SEM_VAGA,0
2026-09-11T22:30:51,FISIOTERAPIA MEMBROS INFERIORES,SEM_VAGA,0
2026-09-11T22:30:54,FISIOTERAPIA MEMBROS INFERIORES,SEM_VAGA,0
2026-09-11T22:30:58,GASTROCLÍNICA,SEM_VAGA,0
2026-09-11T22:31:01,NUTRIÇÃO - DIETÉTICA,SEM_VAGA,0
2026-09-11T22:31:04,ODONTOLOGIA - DENTÍSTICA,SEM_VAGA,0
2026-09-11T22:36:13,ACUPUNTURA,SEM_VAGA,0
2026-09-11T22:36:16,CIRURGIA PLÁSTICA,SEM_VAGA,0
2026-09-11T22:36:19,DERMATOLOGIA,SEM_VAGA,0
2026-09-11T22:36:22,FISIOTERAPIA MEMBROS INFERIORES,SEM_VAGA,0
2026-09-11T22:36:25,FISIOTERAPIA MEMBROS INFERIORES,SEM_VAGA,0
2026-09-11T22:36:29,GASTROCLÍNICA,SEM_VAGA,0
2026-09-11T22:36:32,NUTRIÇÃO - DIETÉTICA,SEM_VAGA,0
2026-09-11T22:36:35,ODONTOLOGIA - DENTÍSTICA,SEM_VAGA,0
2026-09-11T22:41:43,ACUPUNTURA,SEM_VAGA,0
2026-09-11T22:41:47,CIRURGIA PLÁSTICA,SEM_VAGA,0
2026-09-11T22:41:50,DERMATOLOGIA,SEM_VAGA,0
2026-09-11T22:41:53,FISIOTERAPIA MEMBROS INFERIORES,SEM_VAGA,0
2026-09-11T22:41:56,FISIOTERAPIA MEMBROS INFERIORES,SEM_VAGA,0
2026-09-11T22:41:59,GASTROCLÍNICA,SEM_VAGA,0
2026-09-11T22:42:03,NUTRIÇÃO - DIETÉTICA,SEM_VAGA,0
2026-09-11T22:42:05,ODONTOLOGIA - DENTÍSTICA,SEM_VAGA,0
2026-09-11T22:47:14,ACUPUNTURA,SEM_VAGA,0
2026-09-11T22:47:17,CIRURGIA PLÁSTICA,SEM_VAGA,0
2026-09-11T22:47:20,DERMATOLOGIA,SEM_VAGA,0
2026-09-11T22:47:23,FISIOTERAPIA MEMBROS INFERIORES,SEM_VAGA,0
2026-09-11T22:47:27,FISIOTERAPIA MEMBROS INFERIORES,SEM_VAGA,0
2026-09-11T22:47:30,GASTROCLÍNICA,SEM_VAGA,0
2026-09-11T22:47:33,NUTRIÇÃO - DIETÉTICA,SEM_VAGA,0
2026-09-11T22:47:36,ODONTOLOGIA - DENTÍSTICA,SEM_VAGA,0
2026-09-11T22:52:45,ACUPUNTURA,SEM_VAGA,0
2026-09-11T22:52:48,CIRURGIA PLÁSTICA,SEM_VAGA,0
2026-09-11T22:52:51,DERMATOLOGIA,SEM_VAGA,0
2026-09-11T22:52:54,FISIOTERAPIA MEMBROS INFERIORES,SEM_VAGA,0
2026-09-11T22:52:57,FISIOTERAPIA MEMBROS INFERIORES,SEM_VAGA,0
2026-09-11T22:53:01,GASTROCLÍNICA,SEM_VAGA,0
2026-09-11T22:53:04,NUTRIÇÃO - DIETÉTICA,SEM_VAGA,0
2026-09-11T22:53:07,ODONTOLOGIA - DENTÍSTICA,SEM_VAGA,0
2026-09-11T22:58:15,ACUPUNTURA,SEM_VAGA,0
2026-09-11T22:58:19,CIRURGIA PLÁSTICA,SEM_VAGA,0
2026-09-11T22:58:22,DERMATOLOGIA,SEM_VAGA,0
2026-09-11T22:58:25,FISIOTERAPIA MEMBROS INFERIORES,SEM_VAGA,0
2026-09-11T22:58:28,FISIOTERAPIA MEMBROS INFERIORES,SEM_VAGA,0
2026-09-11T22:58:31,GASTROCLÍNICA,SEM_VAGA,0
2026-09-11T22:58:35,NUTRIÇÃO - DIETÉTICA,SEM_VAGA,0
2026-09-11T22:58:38,ODONTOLOGIA - DENTÍSTICA,SEM_VAGA,0
2026-09-11T23:03:46,ACUPUNTURA,SEM_VAGA,0
2026-09-11T23:03:49,CIRURGIA PLÁSTICA,SEM_VAGA,0
2026-09-11T23:03:52,DERMATOLOGIA,SEM_VAGA,0
2026-09-11T23:03:55,FISIOTERAPIA MEMBROS INFERIORES,SEM_VAGA,0
2026-09-11T23:03:58,FISIOTERAPIA MEMBROS INFERIORES,SEM_VAGA,0
2026-09-11T23:04:02,GASTROCLÍNICA,SEM_VAGA,0
2026-09-11T23:04:05,NUTRIÇÃO - DIETÉTICA,SEM_VAGA,0
2026-09-11T23:04:09,ODONTOLOGIA - DENTÍSTICA,SEM_VAGA,0
2026-09-11T23:09:17,ACUPUNTURA,SEM_VAGA,0
2026-09-11T23:09:20,CIRURGIA PLÁSTICA,SEM_VAGA,0
2026-09-11T23:09:23,DERMATOLOGIA,SEM_VAGA,0
2026-09-11T23:09:26,FISIOTERAPIA MEMBROS INFERIORES,SEM_VAGA,0
2026-09-11T23:09:29,FISIOTERAPIA MEMBROS INFERIORES,SEM_VAGA,0
2026-09-11T23:09:32,GASTROCLÍNICA,SEM_VAGA,0
2026-09-11T23:09:35,NUTRIÇÃO - DIETÉTICA,SEM_VAGA,0
2026-09-11T23:09:39,ODONTOLOGIA - DENTÍSTICA,SEM_VAGA,0
2026-09-11T23:14:47,ACUPUNTURA,SEM_VAGA,0
2026-09-11T23:14:50,CIRURGIA PLÁSTICA,SEM_VAGA,0
2026-09-11T23:14:53,DERMATOLOGIA,SEM_VAGA,0
2026-09-11T23:14:56,FISIOTERAPIA MEMBROS INFERIORES,SEM_VAGA,0
2026-09-11T23:14:59,FISIOTERAPIA MEMBROS INFERIORES,SEM_VAGA,0
2026-09-11T23:15:03,GASTROCLÍNICA,SEM_VAGA,0
2026-09-11T23:15:06,NUTRIÇÃO - DIETÉTICA,SEM_VAGA,0
2026-09-11T23:15:09,ODONTOLOGIA - DENTÍSTICA,SEM_VAGA,0
2026-09-11T23:20:17,ACUPUNTURA,SEM_VAGA,0
2026-09-11T23:20:21,CIRURGIA PLÁSTICA,SEM_VAGA,0
2026-09-11T23:20:24,DERMATOLOGIA,SEM_VAGA,0
2026-09-11T23:20:27,FISIOTERAPIA MEMBROS INFERIORES,SEM_VAGA,0
2026-09-11T23:20:30,FISIOTERAPIA MEMBROS INFERIORES,SEM_VAGA,0
2026-09-11T23:20:33,GASTROCLÍNICA,SEM_VAGA,0
2026-09-11T23:20:37,NUTRIÇÃO - DIETÉTICA,SEM_VAGA,0
2026-09-11T23:20:40,ODONTOLOGIA - DENTÍSTICA,SEM_VAGA,0
2026-09-11T23:25:48,ACUPUNTURA,SEM_VAGA,0
2026-09-11T23:25:51,CIRURGIA PLÁSTICA,SEM_VAGA,0
2026-09-11T23:25:55,DERMATOLOGIA,SEM_VAGA,0
2026-09-11T23:25:58,FISIOTERAPIA MEMBROS INFERIORES,SEM_VAGA,0
2026-09-11T23:26:01,FISIOTERAPIA MEMBROS INFERIORES,SEM_VAGA,0
2026-09-11T23:26:04,GASTROCLÍNICA,SEM_VAGA,0
2026-09-11T23:26:08,NUTRIÇÃO - DIETÉTICA,SEM_VAGA,0
2026-09-11T23:26:11,ODONTOLOGIA - DENTÍSTICA,SEM_VAGA,0
2026-09-11T23:31:19,ACUPUNTURA,SEM_VAGA,0
2026-09-11T23:31:22,CIRURGIA PLÁSTICA,SEM_VAGA,0
2026-09-11T23:31:26,DERMATOLOGIA,SEM_VAGA,0
2026-09-11T23:31:29,FISIOTERAPIA MEMBROS INFERIORES,SEM_VAGA,0
2026-09-11T23:31:32,FISIOTERAPIA MEMBROS INFERIORES,SEM_VAGA,0
2026-09-11T23:31:35,GASTROCLÍNICA,SEM_VAGA,0
2026-09-11T23:31:38,NUTRIÇÃO - DIETÉTICA,SEM_VAGA,0
2026-09-11T23:31:42,ODONTOLOGIA - DENTÍSTICA,SEM_VAGA,0
2026-09-11T23:36:50,ACUPUNTURA,SEM_VAGA,0
2026-09-11T23:36:53,CIRURGIA PLÁSTICA,SEM_VAGA,0
2026-09-11T23:36:56,DERMATOLOGIA,SEM_VAGA,0
2026-09-11T23:37:00,FISIOTERAPIA MEMBROS INFERIORES,SEM_VAGA,0
2026-09-11T23:37:03,FISIOTERAPIA MEMBROS INFERIORES,SEM_VAGA,0
2026-09-11T23:37:06,GASTROCLÍNICA,SEM_VAGA,0
2026-09-11T23:37:09,NUTRIÇÃO - DIETÉTICA,SEM_VAGA,0
2026-09-11T23:37:12,ODONTOLOGIA - DENTÍSTICA,SEM_VAGA,0
2026-09-11T23:42:21,ACUPUNTURA,SEM_VAGA,0
2026-09-11T23:42:24,CIRURGIA PLÁSTICA,SEM_VAGA,0
2026-09-11T23:42:31,DERMATOLOGIA,VAGA_ENCONTRADA,
2026-09-11T23:42:38,FISIOTERAPIA MEMBROS INFERIORES,SEM_VAGA,0
2026-09-11T23:42:41,FISIOTERAPIA MEMBROS INFERIORES,SEM_VAGA,0
2026-09-11T23:42:45,GASTROCLÍNICA,SEM_VAGA,0
2026-09-11T23:42:48,NUTRIÇÃO - DIETÉTICA,SEM_VAGA,0
2026-09-11T23:42:51,ODONTOLOGIA - DENTÍSTICA,SEM_VAGA,0
2026-09-11T23:47:59,ACUPUNTURA,SEM_VAGA,0
2026-09-11T23:48:03,CIRURGIA PLÁSTICA,SEM_VAGA,0
2026-09-11T23:48:10,DERMATOLOGIA,VAGA_ENCONTRADA,
2026-09-11T23:48:15,FISIOTERAPIA MEMBROS INFERIORES,SEM_VAGA,0
2026-09-11T23:48:19,FISIOTERAPIA MEMBROS INFERIORES,SEM_VAGA,0
2026-09-11T23:48:22,GASTROCLÍNICA,SEM_VAGA,0
2026-09-11T23:48:25,NUTRIÇÃO - DIETÉTICA,SEM_VAGA,0
2026-09-11T23:48:28,ODONTOLOGIA - DENTÍSTICA,SEM_VAGA,0
2026-09-11T23:53:36,ACUPUNTURA,SEM_VAGA,0
2026-09-11T23:53:40,CIRURGIA PLÁSTICA,SEM_VAGA,0
2026-09-11T23:53:47,DERMATOLOGIA,VAGA_ENCONTRADA,
2026-09-11T23:53:52,FISIOTERAPIA MEMBROS INFERIORES,SEM_VAGA,0
2026-09-11T23:53:56,FISIOTERAPIA MEMBROS INFERIORES,SEM_VAGA,0
2026-09-11T23:53:59,GASTROCLÍNICA,SEM_VAGA,0
2026-09-11T23:54:02,NUTRIÇÃO - DIETÉTICA,SEM_VAGA,0
2026-09-11T23:54:05,ODONTOLOGIA - DENTÍSTICA,SEM_VAGA,0
2026-09-11T23:59:14,ACUPUNTURA,SEM_VAGA,0
2026-09-11T23:59:17,CIRURGIA PLÁSTICA,SEM_VAGA,0
2026-09-11T23:59:20,DERMATOLOGIA,SEM_VAGA,0
2026-09-11T23:59:23,FISIOTERAPIA MEMBROS INFERIORES,SEM_VAGA,0
2026-09-11T23:59:26,FISIOTERAPIA MEMBROS INFERIORES,SEM_VAGA,0
2026-09-11T23:59:29,GASTROCLÍNICA,SEM_VAGA,0
2026-09-11T23:59:32,NUTRIÇÃO - DIETÉTICA,SEM_VAGA,0
2026-09-11T23:59:35,ODONTOLOGIA - DENTÍSTICA,SEM_VAGA,0
2026-09-12T00:04:44,ACUPUNTURA,SEM_VAGA,0
2026-09-12T00:04:47,CIRURGIA PLÁSTICA,SEM_VAGA,0
2026-09-12T00:04:50,DERMATOLOGIA,SEM_VAGA,0
2026-09-12T00:04:53,FISIOTERAPIA MEMBROS INFERIORES,SEM_VAGA,0
2026-09-12T00:04:56,FISIOTERAPIA MEMBROS INFERIORES,SEM_VAGA,0
2026-09-12T00:04:59,GASTROCLÍNICA,SEM_VAGA,0
2026-09-12T00:05:02,NUTRIÇÃO - DIETÉTICA,SEM_VAGA,0
2026-09-12T00:05:06,ODONTOLOGIA - DENTÍSTICA,SEM_VAGA,0
2026-09-12T00:10:14,ACUPUNTURA,SEM_VAGA,0
2026-09-12T00:10:17,CIRURGIA PLÁSTICA,SEM_VAGA,0
2026-09-12T00:10:20,DERMATOLOGIA,SEM_VAGA,0
2026-09-12T00:10:24,FISIOTERAPIA MEMBROS INFERIORES,SEM_VAGA,0
2026-09-12T00:10:27,FISIOTERAPIA MEMBROS INFERIORES,SEM_VAGA,0
2026-09-12T00:10:30,GASTROCLÍNICA,SEM_VAGA,0
2026-09-12T00:10:33,NUTRIÇÃO - DIETÉTICA,SEM_VAGA,0
2026-09-12T00:10:36,ODONTOLOGIA - DENTÍSTICA,SEM_VAGA,0
2026-09-12T00:15:45,ACUPUNTURA,SEM_VAGA,0
2026-09-12T00:15:48,CIRURGIA PLÁSTICA,SEM_VAGA,0
2026-09-12T00:15:51,DERMATOLOGIA,SEM_VAGA,0
2026-09-12T00:15:54,FISIOTERAPIA MEMBROS INFERIORES,SEM_VAGA,0
2026-09-12T00:15:58,FISIOTERAPIA MEMBROS INFERIORES,SEM_VAGA,0
2026-09-12T00:16:01,GASTROCLÍNICA,SEM_VAGA,0
2026-09-12T00:16:04,NUTRIÇÃO - DIETÉTICA,SEM_VAGA,0
2026-09-12T00:16:08,ODONTOLOGIA - DENTÍSTICA,SEM_VAGA,0
2026-09-12T00:21:16,ACUPUNTURA,SEM_VAGA,0
2026-09-12T00:21:19,CIRURGIA PLÁSTICA,SEM_VAGA,0
2026-09-12T00:21:22,DERMATOLOGIA,SEM_VAGA,0
2026-09-12T00:21:26,FISIOTERAPIA MEMBROS INFERIORES,SEM_VAGA,0
2026-09-12T00:21:29,FISIOTERAPIA MEMBROS INFERIORES,SEM_VAGA,0
2026-09-12T00:21:32,GASTROCLÍNICA,SEM_VAGA,0
2026-09-12T00:21:35,NUTRIÇÃO - DIETÉTICA,SEM_VAGA,0
2026-09-12T00:21:38,ODONTOLOGIA - DENTÍSTICA,SEM_VAGA,0
2026-09-12T00:26:46,ACUPUNTURA,SEM_VAGA,0
2026-09-12T00:26:49,CIRURGIA PLÁSTICA,SEM_VAGA,0
2026-09-12T00:26:53,DERMATOLOGIA,SEM_VAGA,0
2026-09-12T00:26:56,FISIOTERAPIA MEMBROS INFERIORES,SEM_VAGA,0
2026-09-12T00:26:59,FISIOTERAPIA MEMBROS INFERIORES,SEM_VAGA,0
2026-09-12T00:27:02,GASTROCLÍNICA,SEM_VAGA,0
2026-09-12T00:27:06,NUTRIÇÃO - DIETÉTICA,SEM_VAGA,0
2026-09-12T00:27:09,ODONTOLOGIA - DENTÍSTICA,SEM_VAGA,0
2026-09-12T00:32:17,ACUPUNTURA,SEM_VAGA,0
2026-09-12T00:32:20,CIRURGIA PLÁSTICA,SEM_VAGA,0
2026-09-12T00:32:23,DERMATOLOGIA,SEM_VAGA,0
2026-09-12T00:32:27,FISIOTERAPIA MEMBROS INFERIORES,SEM_VAGA,0
2026-09-12T00:32:30,FISIOTERAPIA MEMBROS INFERIORES,SEM_VAGA,0
2026-09-12T00:32:34,GASTROCLÍNICA,SEM_VAGA,0
2026-09-12T00:32:37,NUTRIÇÃO - DIETÉTICA,SEM_VAGA,0
2026-09-12T00:32:40,ODONTOLOGIA - DENTÍSTICA,SEM_VAGA,0
2026-09-12T00:37:48,ACUPUNTURA,SEM_VAGA,0
2026-09-12T00:37:52,CIRURGIA PLÁSTICA,SEM_VAGA,0
2026-09-12T00:37:55,DERMATOLOGIA,SEM_VAGA,0
2026-09-12T00:37:59,FISIOTERAPIA MEMBROS INFERIORES,SEM_VAGA,0
2026-09-12T00:38:03,FISIOTERAPIA MEMBROS INFERIORES,SEM_VAGA,0
2026-09-12T00:38:07,GASTROCLÍNICA,SEM_VAGA,0
2026-09-12T00:38:11,NUTRIÇÃO - DIETÉTICA,SEM_VAGA,0
2026-09-12T00:38:15,ODONTOLOGIA - DENTÍSTICA,SEM_VAGA,0
2026-09-12T00:43:23,ACUPUNTURA,SEM_VAGA,0
2026-09-12T00:43:26,CIRURGIA PLÁSTICA,SEM_VAGA,0
2026-09-12T00:43:30,DERMATOLOGIA,SEM_VAGA,0
2026-09-12T00:43:33,FISIOTERAPIA MEMBROS INFERIORES,SEM_VAGA,0
2026-09-12T00:43:36,FISIOTERAPIA MEMBROS INFERIORES,SEM_VAGA,0
2026-09-12T00:43:39,GASTROCLÍNICA,SEM_VAGA,0
2026-09-12T00:43:42,NUTRIÇÃO - DIETÉTICA,SEM_VAGA,0
2026-09-12T00:43:46,ODONTOLOGIA - DENTÍSTICA,SEM_VAGA,0
2026-09-12T00:48:54,ACUPUNTURA,SEM_VAGA,0
2026-09-12T00:48:57,CIRURGIA PLÁSTICA,SEM_VAGA,0
2026-09-12T00:49:00,DERMATOLOGIA,SEM_VAGA,0
2026-09-12T00:49:03,FISIOTERAPIA MEMBROS INFERIORES,SEM_VAGA,0
2026-09-12T00:49:06,FISIOTERAPIA MEMBROS INFERIORES,SEM_VAGA,0
2026-09-12T00:49:10,GASTROCLÍNICA,SEM_VAGA,0
2026-09-12T00:49:13,NUTRIÇÃO - DIETÉTICA,SEM_VAGA,0
2026-09-12T00:49:16,ODONTOLOGIA - DENTÍSTICA,SEM_VAGA,0
2026-09-12T00:54:24,ACUPUNTURA,SEM_VAGA,0
2026-09-12T00:54:28,CIRURGIA PLÁSTICA,SEM_VAGA,0
2026-09-12T00:54:31,DERMATOLOGIA,SEM_VAGA,0
2026-09-12T00:54:34,FISIOTERAPIA MEMBROS INFERIORES,SEM_VAGA,0
2026-09-12T00:54:37,FISIOTERAPIA MEMBROS INFERIORES,SEM_VAGA,0
2026-09-12T00:54:41,GASTROCLÍNICA,SEM_VAGA,0
2026-09-12T00:54:44,NUTRIÇÃO - DIETÉTICA,SEM_VAGA,0
2026-09-12T00:54:47,ODONTOLOGIA - DENTÍSTICA,SEM_VAGA,0
2026-09-12T00:59:55,ACUPUNTURA,SEM_VAGA,0
2026-09-12T00:59:58,CIRURGIA PLÁSTICA,SEM_VAGA,0
2026-09-12T01:00:01,DERMATOLOGIA,SEM_VAGA,0
2026-09-12T01:00:05,FISIOTERAPIA MEMBROS INFERIORES,SEM_VAGA,0
2026-09-12T01:00:08,FISIOTERAPIA MEMBROS INFERIORES,SEM_VAGA,0
2026-09-12T01:00:11,GASTROCLÍNICA,SEM_VAGA,0
2026-09-12T01:00:14,NUTRIÇÃO - DIETÉTICA,SEM_VAGA,0
2026-09-12T01:00:17,ODONTOLOGIA - DENTÍSTICA,SEM_VAGA,0
2026-09-12T01:05:26,ACUPUNTURA,SEM_VAGA,0
2026-09-12T01:05:30,CIRURGIA PLÁSTICA,SEM_VAGA,0
2026-09-12T01:05:33,DERMATOLOGIA,SEM_VAGA,0
2026-09-12T01:05:36,FISIOTERAPIA MEMBROS INFERIORES,SEM_VAGA,0
2026-09-12T01:05:39,FISIOTERAPIA MEMBROS INFERIORES,SEM_VAGA,0
2026-09-12T01:05:43,GASTROCLÍNICA,SEM_VAGA,0
2026-09-12T01:05:46,NUTRIÇÃO - DIETÉTICA,SEM_VAGA,0
2026-09-12T01:05:49,ODONTOLOGIA - DENTÍSTICA,SEM_VAGA,0
2026-09-12T01:10:57,ACUPUNTURA,SEM_VAGA,0
2026-09-12T01:11:00,CIRURGIA PLÁSTICA,SEM_VAGA,0
2026-09-12T01:11:04,DERMATOLOGIA,SEM_VAGA,0
2026-09-12T01:11:07,FISIOTERAPIA MEMBROS INFERIORES,SEM_VAGA,0
2026-09-12T01:11:10,FISIOTERAPIA MEMBROS INFERIORES,SEM_VAGA,0
2026-09-12T01:11:13,GASTROCLÍNICA,SEM_VAGA,0
2026-09-12T01:11:16,NUTRIÇÃO - DIETÉTICA,SEM_VAGA,0
2026-09-12T01:11:20,ODONTOLOGIA - DENTÍSTICA,SEM_VAGA,0
2026-09-12T01:16:29,ACUPUNTURA,SEM_VAGA,0
2026-09-12T01:16:33,CIRURGIA PLÁSTICA,SEM_VAGA,0
2026-09-12T01:16:36,DERMATOLOGIA,SEM_VAGA,0
2026-09-12T01:16:40,FISIOTERAPIA MEMBROS INFERIORES,SEM_VAGA,0
2026-09-12T01:16:43,FISIOTERAPIA MEMBROS INFERIORES,SEM_VAGA,0
2026-09-12T01:16:46,GASTROCLÍNICA,SEM_VAGA,0
2026-09-12T01:16:49,NUTRIÇÃO - DIETÉTICA,SEM_VAGA,0
2026-09-12T01:16:52,ODONTOLOGIA - DENTÍSTICA,SEM_VAGA,0
2026-09-12T01:22:00,ACUPUNTURA,SEM_VAGA,0
2026-09-12T01:22:04,CIRURGIA PLÁSTICA,SEM_VAGA,0
2026-09-12T01:22:06,DERMATOLOGIA,SEM_VAGA,0
2026-09-12T01:22:10,FISIOTERAPIA MEMBROS INFERIORES,SEM_VAGA,0
2026-09-12T01:22:13,FISIOTERAPIA MEMBROS INFERIORES,SEM_VAGA,0
2026-09-12T01:22:16,GASTROCLÍNICA,SEM_VAGA,0
2026-09-12T01:22:19,NUTRIÇÃO - DIETÉTICA,SEM_VAGA,0
2026-09-12T01:22:22,ODONTOLOGIA - DENTÍSTICA,SEM_VAGA,0
2026-09-12T01:27:31,ACUPUNTURA,SEM_VAGA,0
2026-09-12T01:27:34,CIRURGIA PLÁSTICA,SEM_VAGA,0
2026-09-12T01:27:37,DERMATOLOGIA,SEM_VAGA,0
2026-09-12T01:27:40,FISIOTERAPIA MEMBROS INFERIORES,SEM_VAGA,0
2026-09-12T01:27:44,FISIOTERAPIA MEMBROS INFERIORES,SEM_VAGA,0
2026-09-12T01:27:47,GASTROCLÍNICA,SEM_VAGA,0
2026-09-12T01:27:50,NUTRIÇÃO - DIETÉTICA,SEM_VAGA,0
2026-09-12T01:27:53,ODONTOLOGIA - DENTÍSTICA,SEM_VAGA,0
2026-09-12T01:33:01,ACUPUNTURA,SEM_VAGA,0
2026-09-12T01:33:05,CIRURGIA PLÁSTICA,SEM_VAGA,0
2026-09-12T01:33:08,DERMATOLOGIA,SEM_VAGA,0
2026-09-12T01:33:13,FISIOTERAPIA MEMBROS INFERIORES,SEM_VAGA,0
2026-09-12T01:33:17,FISIOTERAPIA MEMBROS INFERIORES,SEM_VAGA,0
2026-09-12T01:33:21,GASTROCLÍNICA,SEM_VAGA,0
2026-09-12T01:33:24,NUTRIÇÃO - DIETÉTICA,SEM_VAGA,0
2026-09-12T01:33:27,ODONTOLOGIA - DENTÍSTICA,SEM_VAGA,0
2026-09-14T12:21:49,ACUPUNTURA,SEM_VAGA,0
2026-09-14T12:21:52,CIRURGIA PLÁSTICA,SEM_VAGA,0
2026-09-14T12:21:56,DERMATOLOGIA,SEM_VAGA,0
2026-09-14T12:21:59,FISIOTERAPIA MEMBROS INFERIORES,SEM_VAGA,0
2026-09-14T12:22:02,FISIOTERAPIA MEMBROS INFERIORES,SEM_VAGA,0
2026-09-14T12:22:05,GASTROCLÍNICA,SEM_VAGA,0
2026-09-14T12:22:08,NUTRIÇÃO - DIETÉTICA,SEM_VAGA,0
2026-09-14T12:22:12,ODONTOLOGIA - DENTÍSTICA,SEM_VAGA,0
2026-09-14T12:27:20,ACUPUNTURA,SEM_VAGA,0
2026-09-14T12:27:23,CIRURGIA PLÁSTICA,SEM_VAGA,0
2026-09-14T12:27:27,DERMATOLOGIA,SEM_VAGA,0
2026-09-14T12:27:30,FISIOTERAPIA MEMBROS INFERIORES,SEM_VAGA,0
2026-09-14T12:27:34,FISIOTERAPIA MEMBROS INFERIORES,SEM_VAGA,0
2026-09-14T12:27:38,GASTROCLÍNICA,SEM_VAGA,0
2026-09-14T12:27:42,NUTRIÇÃO - DIETÉTICA,SEM_VAGA,0
2026-09-14T12:27:45,ODONTOLOGIA - DENTÍSTICA,SEM_VAGA,0
2026-09-14T12:32:56,ACUPUNTURA,SEM_VAGA,0
2026-09-14T12:33:00,CIRURGIA PLÁSTICA,SEM_VAGA,0
2026-09-14T12:33:04,DERMATOLOGIA,SEM_VAGA,0
2026-09-14T12:33:09,FISIOTERAPIA MEMBROS INFERIORES,SEM_VAGA,0
2026-09-14T12:33:14,FISIOTERAPIA MEMBROS INFERIORES,SEM_VAGA,0
2026-09-14T12:33:19,GASTROCLÍNICA,SEM_VAGA,0
2026-09-14T12:33:24,NUTRIÇÃO - DIETÉTICA,SEM_VAGA,0
2026-09-14T12:33:30,ODONTOLOGIA - DENTÍSTICA,SEM_VAGA,0
2026-09-14T12:38:38,ACUPUNTURA,SEM_VAGA,0
2026-09-14T12:38:41,CIRURGIA PLÁSTICA,SEM_VAGA,0
2026-09-14T12:38:44,DERMATOLOGIA,SEM_VAGA,0
2026-09-14T12:38:48,FISIOTERAPIA MEMBROS INFERIORES,SEM_VAGA,0
2026-09-14T12:38:51,FISIOTERAPIA MEMBROS INFERIORES,SEM_VAGA,0
2026-09-14T12:38:54,GASTROCLÍNICA,SEM_VAGA,0
2026-09-14T12:38:57,NUTRIÇÃO - DIETÉTICA,SEM_VAGA,0
2026-09-14T12:39:00,ODONTOLOGIA - DENTÍSTICA,SEM_VAGA,0
2026-09-14T12:44:09,ACUPUNTURA,SEM_VAGA,0
2026-09-14T12:44:12,CIRURGIA PLÁSTICA,SEM_VAGA,0
2026-09-14T12:44:15,DERMATOLOGIA,SEM_VAGA,0
2026-09-14T12:44:19,FISIOTERAPIA MEMBROS INFERIORES,SEM_VAGA,0
2026-09-14T12:44:22,FISIOTERAPIA MEMBROS INFERIORES,SEM_VAGA,0
2026-09-14T12:44:25,GASTROCLÍNICA,SEM_VAGA,0
2026-09-14T12:44:28,NUTRIÇÃO - DIETÉTICA,SEM_VAGA,0
2026-09-14T12:44:32,ODONTOLOGIA - DENTÍSTICA,SEM_VAGA,0
2026-09-14T12:49:40,ACUPUNTURA,SEM_VAGA,0
2026-09-14T12:49:44,CIRURGIA PLÁSTICA,SEM_VAGA,0
2026-09-14T12:49:47,DERMATOLOGIA,SEM_VAGA,0
2026-09-14T12:49:50,FISIOTERAPIA MEMBROS INFERIORES,SEM_VAGA,0
2026-09-14T12:49:53,FISIOTERAPIA MEMBROS INFERIORES,SEM_VAGA,0
2026-09-14T12:49:56,GASTROCLÍNICA,SEM_VAGA,0
2026-09-14T12:50:00,NUTRIÇÃO - DIETÉTICA,SEM_VAGA,0
2026-09-14T12:50:04,ODONTOLOGIA - DENTÍSTICA,SEM_VAGA,0
2026-09-14T12:55:13,ACUPUNTURA,SEM_VAGA,0
2026-09-14T12:55:18,CIRURGIA PLÁSTICA,SEM_VAGA,0
2026-09-14T12:55:22,DERMATOLOGIA,SEM_VAGA,0
2026-09-14T12:55:27,FISIOTERAPIA MEMBROS INFERIORES,SEM_VAGA,0
2026-09-14T12:55:30,FISIOTERAPIA MEMBROS INFERIORES,SEM_VAGA,0
2026-09-14T12:55:33,GASTROCLÍNICA,SEM_VAGA,0
2026-09-14T12:55:36,NUTRIÇÃO - DIETÉTICA,SEM_VAGA,0
2026-09-14T12:55:40,ODONTOLOGIA - DENTÍSTICA,SEM_VAGA,0
2026-09-14T13:00:49,ACUPUNTURA,SEM_VAGA,0
2026-09-14T13:00:53,CIRURGIA PLÁSTICA,SEM_VAGA,0
2026-09-14T13:00:56,DERMATOLOGIA,SEM_VAGA,0
2026-09-14T13:01:00,FISIOTERAPIA MEMBROS INFERIORES,SEM_VAGA,0
2026-09-14T13:01:03,FISIOTERAPIA MEMBROS INFERIORES,SEM_VAGA,0
2026-09-14T13:01:07,GASTROCLÍNICA,SEM_VAGA,0
2026-09-14T13:01:10,NUTRIÇÃO - DIETÉTICA,SEM_VAGA,0
2026-09-14T13:01:13,ODONTOLOGIA - DENTÍSTICA,SEM_VAGA,0
2026-09-14T13:06:23,ACUPUNTURA,SEM_VAGA,0
2026-09-14T13:06:26,CIRURGIA PLÁSTICA,SEM_VAGA,0
2026-09-14T13:06:30,DERMATOLOGIA,SEM_VAGA,0
2026-09-14T13:06:33,FISIOTERAPIA MEMBROS INFERIORES,SEM_VAGA,0
2026-09-14T13:06:36,FISIOTERAPIA MEMBROS INFERIORES,SEM_VAGA,0
2026-09-14T13:06:40,GASTROCLÍNICA,SEM_VAGA,0
2026-09-14T13:06:44,NUTRIÇÃO - DIETÉTICA,SEM_VAGA,0
2026-09-14T13:06:48,ODONTOLOGIA - DENTÍSTICA,SEM_VAGA,0
2026-09-14T13:11:56,ACUPUNTURA,SEM_VAGA,0
2026-09-14T13:11:59,CIRURGIA PLÁSTICA,SEM_VAGA,0
2026-09-14T13:12:02,DERMATOLOGIA,SEM_VAGA,0
2026-09-14T13:12:05,FISIOTERAPIA MEMBROS INFERIORES,SEM_VAGA,0
2026-09-14T13:12:09,FISIOTERAPIA MEMBROS INFERIORES,SEM_VAGA,0
2026-09-14T13:12:12,GASTROCLÍNICA,SEM_VAGA,0
2026-09-14T13:12:15,NUTRIÇÃO - DIETÉTICA,SEM_VAGA,0
2026-09-14T13:12:18,ODONTOLOGIA - DENTÍSTICA,SEM_VAGA,0
2026-09-14T13:17:28,ACUPUNTURA,SEM_VAGA,0
2026-09-14T13:17:31,CIRURGIA PLÁSTICA,SEM_VAGA,0
2026-09-14T13:17:35,DERMATOLOGIA,SEM_VAGA,0
2026-09-14T13:17:39,FISIOTERAPIA MEMBROS INFERIORES,SEM_VAGA,0
2026-09-14T13:17:43,FISIOTERAPIA MEMBROS INFERIORES,SEM_VAGA,0
2026-09-14T13:17:46,GASTROCLÍNICA,SEM_VAGA,0
2026-09-14T13:17:49,NUTRIÇÃO - DIETÉTICA,SEM_VAGA,0
2026-09-14T13:17:54,ODONTOLOGIA - DENTÍSTICA,SEM_VAGA,0
2026-09-14T13:23:02,ACUPUNTURA,SEM_VAGA,0
2026-09-14T13:23:05,CIRURGIA PLÁSTICA,SEM_VAGA,0
2026-09-14T13:23:09,DERMATOLOGIA,SEM_VAGA,0
2026-09-14T13:23:12,FISIOTERAPIA MEMBROS INFERIORES,SEM_VAGA,0
2026-09-14T13:23:15,FISIOTERAPIA MEMBROS INFERIORES,SEM_VAGA,0
2026-09-14T13:23:19,GASTROCLÍNICA,SEM_VAGA,0
2026-09-14T13:23:22,NUTRIÇÃO - DIETÉTICA,SEM_VAGA,0
2026-09-14T13:23:29,ODONTOLOGIA - DENTÍSTICA,VAGA_ENCONTRADA,
2026-09-14T13:28:42,ACUPUNTURA,SEM_VAGA,0
2026-09-14T13:28:47,CIRURGIA PLÁSTICA,SEM_VAGA,0
2026-09-14T13:28:51,DERMATOLOGIA,SEM_VAGA,0
2026-09-14T13:28:55,FISIOTERAPIA MEMBROS INFERIORES,SEM_VAGA,0
2026-09-14T13:29:01,FISIOTERAPIA MEMBROS INFERIORES,SEM_VAGA,0
2026-09-14T13:29:05,GASTROCLÍNICA,SEM_VAGA,0
2026-09-14T13:29:10,NUTRIÇÃO - DIETÉTICA,SEM_VAGA,0
2026-09-14T13:29:18,ODONTOLOGIA - DENTÍSTICA,VAGA_ENCONTRADA,
2026-09-14T13:34:30,ACUPUNTURA,SEM_VAGA,0
2026-09-14T13:34:33,CIRURGIA PLÁSTICA,SEM_VAGA,0
2026-09-14T13:34:36,DERMATOLOGIA,SEM_VAGA,0
2026-09-14T13:34:39,FISIOTERAPIA MEMBROS INFERIORES,SEM_VAGA,0
2026-09-14T13:34:42,FISIOTERAPIA MEMBROS INFERIORES,SEM_VAGA,0
2026-09-14T13:34:46,GASTROCLÍNICA,SEM_VAGA,0
2026-09-14T13:34:49,NUTRIÇÃO - DIETÉTICA,SEM_VAGA,0
2026-09-14T13:34:53,ODONTOLOGIA - DENTÍSTICA,SEM_VAGA,0
2026-09-14T13:40:01,ACUPUNTURA,SEM_VAGA,0
2026-09-14T13:40:05,CIRURGIA PLÁSTICA,SEM_VAGA,0
2026-09-14T13:40:08,DERMATOLOGIA,SEM_VAGA,0
2026-09-14T13:40:11,FISIOTERAPIA MEMBROS INFERIORES,SEM_VAGA,0
2026-09-14T13:40:15,FISIOTERAPIA MEMBROS INFERIORES,SEM_VAGA,0
2026-09-14T13:40:18,GASTROCLÍNICA,SEM_VAGA,0
2026-09-14T13:40:21,NUTRIÇÃO - DIETÉTICA,SEM_VAGA,0
2026-09-14T13:40:24,ODONTOLOGIA - DENTÍSTICA,SEM_VAGA,0
2026-09-14T13:45:33,ACUPUNTURA,SEM_VAGA,0
2026-09-14T13:45:36,CIRURGIA PLÁSTICA,SEM_VAGA,0
2026-09-14T13:45:39,DERMATOLOGIA,SEM_VAGA,0
2026-09-14T13:45:42,FISIOTERAPIA MEMBROS INFERIORES,SEM_VAGA,0
2026-09-14T13:45:46,FISIOTERAPIA MEMBROS INFERIORES,SEM_VAGA,0
2026-09-14T13:45:49,GASTROCLÍNICA,SEM_VAGA,0
2026-09-14T13:45:52,NUTRIÇÃO - DIETÉTICA,SEM_VAGA,0
2026-09-14T13:45:56,ODONTOLOGIA - DENTÍSTICA,SEM_VAGA,0
2026-09-14T13:51:04,ACUPUNTURA,SEM_VAGA,0
2026-09-14T13:51:07,CIRURGIA PLÁSTICA,SEM_VAGA,0
2026-09-14T13:51:10,DERMATOLOGIA,SEM_VAGA,0
2026-09-14T13:51:14,FISIOTERAPIA MEMBROS INFERIORES,SEM_VAGA,0
2026-09-14T13:51:17,FISIOTERAPIA MEMBROS INFERIORES,SEM_VAGA,0
2026-09-14T13:51:20,GASTROCLÍNICA,SEM_VAGA,0
2026-09-14T13:51:23,NUTRIÇÃO - DIETÉTICA,SEM_VAGA,0
2026-09-14T13:51:28,ODONTOLOGIA - DENTÍSTICA,SEM_VAGA,0
2026-09-14T13:56:36,ACUPUNTURA,SEM_VAGA,0
2026-09-14T13:56:40,CIRURGIA PLÁSTICA,SEM_VAGA,0
2026-09-14T13:56:43,DERMATOLOGIA,SEM_VAGA,0
2026-09-14T13:56:46,FISIOTERAPIA MEMBROS INFERIORES,SEM_VAGA,0
2026-09-14T13:56:50,FISIOTERAPIA MEMBROS INFERIORES,SEM_VAGA,0
2026-09-14T13:56:53,GASTROCLÍNICA,SEM_VAGA,0
2026-09-14T13:56:56,NUTRIÇÃO - DIETÉTICA,SEM_VAGA,0
2026-09-14T13:57:00,ODONTOLOGIA - DENTÍSTICA,SEM_VAGA,0
2026-09-14T14:02:08,ACUPUNTURA,SEM_VAGA,0
2026-09-14T14:02:11,CIRURGIA PLÁSTICA,SEM_VAGA,0
2026-09-14T14:02:14,DERMATOLOGIA,SEM_VAGA,0
2026-09-14T14:02:18,FISIOTERAPIA MEMBROS INFERIORES,SEM_VAGA,0
2026-09-14T14:02:23,FISIOTERAPIA MEMBROS INFERIORES,SEM_VAGA,0
2026-09-14T14:02:27,GASTROCLÍNICA,SEM_VAGA,0
2026-09-14T14:02:30,NUTRIÇÃO - DIETÉTICA,SEM_VAGA,0
2026-09-14T14:02:34,ODONTOLOGIA - DENTÍSTICA,SEM_VAGA,0
2026-09-14T14:07:43,ACUPUNTURA,SEM_VAGA,0
2026-09-14T14:07:46,CIRURGIA PLÁSTICA,SEM_VAGA,0
2026-09-14T14:07:49,DERMATOLOGIA,SEM_VAGA,0
2026-09-14T14:07:53,FISIOTERAPIA MEMBROS INFERIORES,SEM_VAGA,0
2026-09-14T14:07:56,FISIOTERAPIA MEMBROS INFERIORES,SEM_VAGA,0
2026-09-14T14:08:00,GASTROCLÍNICA,SEM_VAGA,0
2026-09-14T14:08:03,NUTRIÇÃO - DIETÉTICA,SEM_VAGA,0
2026-09-14T14:08:06,ODONTOLOGIA - DENTÍSTICA,SEM_VAGA,0
2026-09-14T14:13:15,ACUPUNTURA,SEM_VAGA,0
2026-09-14T14:13:18,CIRURGIA PLÁSTICA,SEM_VAGA,0
2026-09-14T14:13:25,DERMATOLOGIA,VAGA_ENCONTRADA,
2026-09-14T14:13:32,FISIOTERAPIA MEMBROS INFERIORES,SEM_VAGA,0
2026-09-14T14:13:36,FISIOTERAPIA MEMBROS INFERIORES,SEM_VAGA,0
2026-09-14T14:13:40,GASTROCLÍNICA,SEM_VAGA,0
2026-09-14T14:13:44,NUTRIÇÃO - DIETÉTICA,SEM_VAGA,0
2026-09-14T14:13:47,ODONTOLOGIA - DENTÍSTICA,SEM_VAGA,0
2026-09-14T14:18:56,ACUPUNTURA,SEM_VAGA,0
2026-09-14T14:19:00,CIRURGIA PLÁSTICA,SEM_VAGA,0
2026-09-14T14:19:05,DERMATOLOGIA,SEM_VAGA,0
2026-09-14T14:19:09,FISIOTERAPIA MEMBROS INFERIORES,SEM_VAGA,0
2026-09-14T14:19:16,FISIOTERAPIA MEMBROS INFERIORES,SEM_VAGA,0
2026-09-14T14:19:21,GASTROCLÍNICA,SEM_VAGA,0
2026-09-14T14:19:25,NUTRIÇÃO - DIETÉTICA,SEM_VAGA,0
2026-09-14T14:19:28,ODONTOLOGIA - DENTÍSTICA,SEM_VAGA,0
2026-09-14T14:24:37,ACUPUNTURA,SEM_VAGA,0
2026-09-14T14:24:40,CIRURGIA PLÁSTICA,SEM_VAGA,0
2026-09-14T14:24:43,DERMATOLOGIA,SEM_VAGA,0
2026-09-14T14:24:47,FISIOTERAPIA MEMBROS INFERIORES,SEM_VAGA,0
2026-09-14T14:24:50,FISIOTERAPIA MEMBROS INFERIORES,SEM_VAGA,0
2026-09-14T14:24:54,GASTROCLÍNICA,SEM_VAGA,0
2026-09-14T14:24:57,NUTRIÇÃO - DIETÉTICA,SEM_VAGA,0
2026-09-14T14:25:00,ODONTOLOGIA - DENTÍSTICA,SEM_VAGA,0
2026-09-14T14:30:09,ACUPUNTURA,SEM_VAGA,0
2026-09-14T14:30:12,CIRURGIA PLÁSTICA,SEM_VAGA,0
2026-09-14T14:30:15,DERMATOLOGIA,SEM_VAGA,0
2026-09-14T14:30:18,FISIOTERAPIA MEMBROS INFERIORES,SEM_VAGA,0
2026-09-14T14:30:21,FISIOTERAPIA MEMBROS INFERIORES,SEM_VAGA,0
2026-09-14T14:30:25,GASTROCLÍNICA,SEM_VAGA,0
2026-09-14T14:30:28,NUTRIÇÃO - DIETÉTICA,SEM_VAGA,0
2026-09-14T14:30:31,ODONTOLOGIA - DENTÍSTICA,SEM_VAGA,0
2026-09-14T14:35:40,ACUPUNTURA,SEM_VAGA,0
2026-09-14T14:35:44,CIRURGIA PLÁSTICA,SEM_VAGA,0
2026-09-14T14:35:49,DERMATOLOGIA,SEM_VAGA,0
2026-09-14T14:35:52,FISIOTERAPIA MEMBROS INFERIORES,SEM_VAGA,0
2026-09-14T14:35:56,FISIOTERAPIA MEMBROS INFERIORES,SEM_VAGA,0
2026-09-14T14:35:59,GASTROCLÍNICA,SEM_VAGA,0
2026-09-14T14:36:02,NUTRIÇÃO - DIETÉTICA,SEM_VAGA,0
2026-09-14T14:36:06,ODONTOLOGIA - DENTÍSTICA,SEM_VAGA,0
2026-09-14T14:41:14,ACUPUNTURA,SEM_VAGA,0
2026-09-14T14:41:18,CIRURGIA PLÁSTICA,SEM_VAGA,0
2026-09-14T14:41:21,DERMATOLOGIA,SEM_VAGA,0
2026-09-14T14:41:24,FISIOTERAPIA MEMBROS INFERIORES,SEM_VAGA,0
2026-09-14T14:41:28,FISIOTERAPIA MEMBROS INFERIORES,SEM_VAGA,0
2026-09-14T14:41:31,GASTROCLÍNICA,SEM_VAGA,0
2026-09-14T14:41:34,NUTRIÇÃO - DIETÉTICA,SEM_VAGA,0
2026-09-14T14:41:38,ODONTOLOGIA - DENTÍSTICA,SEM_VAGA,0
2026-09-14T14:46:46,ACUPUNTURA,SEM_VAGA,0
2026-09-14T14:46:50,CIRURGIA PLÁSTICA,SEM_VAGA,0
2026-09-14T14:46:53,DERMATOLOGIA,SEM_VAGA,0
2026-09-14T14:46:57,FISIOTERAPIA MEMBROS INFERIORES,SEM_VAGA,0
2026-09-14T14:47:02,FISIOTERAPIA MEMBROS INFERIORES,SEM_VAGA,0
2026-09-14T14:47:05,GASTROCLÍNICA,SEM_VAGA,0
2026-09-14T14:47:09,NUTRIÇÃO - DIETÉTICA,SEM_VAGA,0
2026-09-14T14:47:13,ODONTOLOGIA - DENTÍSTICA,SEM_VAGA,0
2026-09-14T14:52:22,ACUPUNTURA,SEM_VAGA,0
2026-09-14T14:52:25,CIRURGIA PLÁSTICA,SEM_VAGA,0
2026-09-14T14:52:28,DERMATOLOGIA,SEM_VAGA,0
2026-09-14T14:52:32,FISIOTERAPIA MEMBROS INFERIORES,SEM_VAGA,0
2026-09-14T14:52:36,FISIOTERAPIA MEMBROS INFERIORES,SEM_VAGA,0
2026-09-14T14:52:39,GASTROCLÍNICA,SEM_VAGA,0
2026-09-14T14:52:43,NUTRIÇÃO - DIETÉTICA,SEM_VAGA,0
2026-09-14T14:52:46,ODONTOLOGIA - DENTÍSTICA,SEM_VAGA,0
2026-09-14T14:57:54,ACUPUNTURA,SEM_VAGA,0
2026-09-14T14:57:58,CIRURGIA PLÁSTICA,SEM_VAGA,0
2026-09-14T14:58:00,DERMATOLOGIA,SEM_VAGA,0
2026-09-14T14:58:04,FISIOTERAPIA MEMBROS INFERIORES,SEM_VAGA,0
2026-09-14T14:58:07,FISIOTERAPIA MEMBROS INFERIORES,SEM_VAGA,0
2026-09-14T14:58:10,GASTROCLÍNICA,SEM_VAGA,0
2026-09-14T14:58:13,NUTRIÇÃO - DIETÉTICA,SEM_VAGA,0
2026-09-14T14:58:17,ODONTOLOGIA - DENTÍSTICA,SEM_VAGA,0
2026-09-14T15:03:24,ACUPUNTURA,SEM_VAGA,0
2026-09-14T15:03:28,CIRURGIA PLÁSTICA,SEM_VAGA,0
2026-09-14T15:03:31,DERMATOLOGIA,SEM_VAGA,0
2026-09-14T15:03:34,FISIOTERAPIA MEMBROS INFERIORES,SEM_VAGA,0
2026-09-14T15:03:37,FISIOTERAPIA MEMBROS INFERIORES,SEM_VAGA,0
2026-09-14T15:03:40,GASTROCLÍNICA,SEM_VAGA,0
2026-09-14T15:03:43,NUTRIÇÃO - DIETÉTICA,SEM_VAGA,0
2026-09-14T15:03:47,ODONTOLOGIA - DENTÍSTICA,SEM_VAGA,0
2026-09-14T15:08:56,ACUPUNTURA,SEM_VAGA,0
2026-09-14T15:08:59,CIRURGIA PLÁSTICA,SEM_VAGA,0
2026-09-14T15:09:03,DERMATOLOGIA,SEM_VAGA,0
2026-09-14T15:09:06,FISIOTERAPIA MEMBROS INFERIORES,SEM_VAGA,0
2026-09-14T15:09:10,FISIOTERAPIA MEMBROS INFERIORES,SEM_VAGA,0
2026-09-14T15:09:13,GASTROCLÍNICA,SEM_VAGA,0
2026-09-14T15:09:17,NUTRIÇÃO - DIETÉTICA,SEM_VAGA,0
2026-09-14T15:09:20,ODONTOLOGIA - DENTÍSTICA,SEM_VAGA,0
2026-09-14T15:14:28,ACUPUNTURA,SEM_VAGA,0
2026-09-14T15:14:32,CIRURGIA PLÁSTICA,SEM_VAGA,0
2026-09-14T15:14:35,DERMATOLOGIA,SEM_VAGA,0
2026-09-14T15:14:38,FISIOTERAPIA MEMBROS INFERIORES,SEM_VAGA,0
2026-09-14T15:14:41,FISIOTERAPIA MEMBROS INFERIORES,SEM_VAGA,0
2026-09-14T15:14:44,GASTROCLÍNICA,SEM_VAGA,0
2026-09-14T15:14:47,NUTRIÇÃO - DIETÉTICA,SEM_VAGA,0
2026-09-14T15:14:50,ODONTOLOGIA - DENTÍSTICA,SEM_VAGA,0
2026-09-14T15:19:59,ACUPUNTURA,SEM_VAGA,0
2026-09-14T15:20:02,CIRURGIA PLÁSTICA,SEM_VAGA,0
2026-09-14T15:20:05,DERMATOLOGIA,SEM_VAGA,0
2026-09-14T15:20:08,FISIOTERAPIA MEMBROS INFERIORES,SEM_VAGA,0
2026-09-14T15:27:06,ACUPUNTURA,SEM_VAGA,0
2026-09-14T15:27:09,CIRURGIA PLÁSTICA,SEM_VAGA,0
2026-09-14T15:27:12,DERMATOLOGIA,SEM_VAGA,0
2026-09-14T15:27:17,FISIOTERAPIA MEMBROS INFERIORES,SEM_VAGA,0
2026-09-14T15:27:21,FISIOTERAPIA MEMBROS INFERIORES,SEM_VAGA,0
2026-09-14T15:27:25,GASTROCLÍNICA,SEM_VAGA,0
2026-09-14T15:27:29,NUTRIÇÃO - DIETÉTICA,SEM_VAGA,0
2026-09-14T15:27:32,ODONTOLOGIA - DENTÍSTICA,SEM_VAGA,0
2026-09-14T15:32:41,ACUPUNTURA,SEM_VAGA,0
2026-09-14T15:32:44,CIRURGIA PLÁSTICA,SEM_VAGA,0
2026-09-14T15:32:47,DERMATOLOGIA,SEM_VAGA,0
2026-09-14T15:32:51,FISIOTERAPIA MEMBROS INFERIORES,SEM_VAGA,0
2026-09-14T15:32:54,FISIOTERAPIA MEMBROS INFERIORES,SEM_VAGA,0
2026-09-14T15:32:57,GASTROCLÍNICA,SEM_VAGA,0
2026-09-14T15:33:02,NUTRIÇÃO - DIETÉTICA,SEM_VAGA,0
2026-09-14T15:33:06,ODONTOLOGIA - DENTÍSTICA,SEM_VAGA,0
2026-09-14T15:38:14,ACUPUNTURA,SEM_VAGA,0
2026-09-14T15:38:18,CIRURGIA PLÁSTICA,SEM_VAGA,0
2026-09-14T15:38:21,DERMATOLOGIA,SEM_VAGA,0
2026-09-14T15:38:24,FISIOTERAPIA MEMBROS INFERIORES,SEM_VAGA,0
2026-09-14T15:38:27,FISIOTERAPIA MEMBROS INFERIORES,SEM_VAGA,0
2026-09-14T15:38:30,GASTROCLÍNICA,SEM_VAGA,0
2026-09-14T15:38:33,NUTRIÇÃO - DIETÉTICA,SEM_VAGA,0
2026-09-14T15:38:36,ODONTOLOGIA - DENTÍSTICA,SEM_VAGA,0
2026-09-14T15:43:46,ACUPUNTURA,SEM_VAGA,0
2026-09-14T15:43:50,CIRURGIA PLÁSTICA,SEM_VAGA,0
2026-09-14T15:43:54,DERMATOLOGIA,SEM_VAGA,0
2026-09-14T15:43:59,FISIOTERAPIA MEMBROS INFERIORES,SEM_VAGA,0
2026-09-14T15:44:03,FISIOTERAPIA MEMBROS INFERIORES,SEM_VAGA,0
2026-09-14T15:44:06,GASTROCLÍNICA,SEM_VAGA,0
2026-09-14T15:44:09,NUTRIÇÃO - DIETÉTICA,SEM_VAGA,0
2026-09-14T15:44:13,ODONTOLOGIA - DENTÍSTICA,SEM_VAGA,0
2026-09-14T15:49:21,ACUPUNTURA,SEM_VAGA,0
2026-09-14T15:49:24,CIRURGIA PLÁSTICA,SEM_VAGA,0
2026-09-14T15:49:27,DERMATOLOGIA,SEM_VAGA,0
2026-09-14T15:49:31,FISIOTERAPIA MEMBROS INFERIORES,SEM_VAGA,0
2026-09-14T15:49:34,FISIOTERAPIA MEMBROS INFERIORES,SEM_VAGA,0
2026-09-14T15:49:37,GASTROCLÍNICA,SEM_VAGA,0
2026-09-14T15:49:40,NUTRIÇÃO - DIETÉTICA,SEM_VAGA,0
2026-09-14T15:49:44,ODONTOLOGIA - DENTÍSTICA,SEM_VAGA,0
2026-09-14T15:54:54,ACUPUNTURA,SEM_VAGA,0
2026-09-14T15:54:59,CIRURGIA PLÁSTICA,SEM_VAGA,0
2026-09-14T15:55:04,DERMATOLOGIA,SEM_VAGA,0
2026-09-14T15:55:07,FISIOTERAPIA MEMBROS INFERIORES,SEM_VAGA,0
2026-09-14T15:55:10,FISIOTERAPIA MEMBROS INFERIORES,SEM_VAGA,0
2026-09-14T15:55:14,GASTROCLÍNICA,SEM_VAGA,0
2026-09-14T15:55:17,NUTRIÇÃO - DIETÉTICA,SEM_VAGA,0
2026-09-14T15:55:20,ODONTOLOGIA - DENTÍSTICA,SEM_VAGA,0
2026-09-14T16:00:29,ACUPUNTURA,SEM_VAGA,0
2026-09-14T16:00:32,CIRURGIA PLÁSTICA,SEM_VAGA,0
2026-09-14T16:00:35,DERMATOLOGIA,SEM_VAGA,0
2026-09-14T16:00:39,FISIOTERAPIA MEMBROS INFERIORES,SEM_VAGA,0
2026-09-14T16:00:41,FISIOTERAPIA MEMBROS INFERIORES,SEM_VAGA,0
2026-09-14T16:00:45,GASTROCLÍNICA,SEM_VAGA,0
2026-09-14T16:00:48,NUTRIÇÃO - DIETÉTICA,SEM_VAGA,0
2026-09-14T16:00:51,ODONTOLOGIA - DENTÍSTICA,SEM_VAGA,0
2026-09-14T16:03:52,ACUPUNTURA,SEM_VAGA,0
2026-09-14T16:03:55,CIRURGIA PLÁSTICA,SEM_VAGA,0
2026-09-14T16:03:59,FISIOTERAPIA MEMBROS INFERIORES,SEM_VAGA,0
2026-09-14T16:04:02,FISIOTERAPIA MEMBROS INFERIORES,SEM_VAGA,0
2026-09-14T16:04:05,GASTROCLÍNICA,SEM_VAGA,0
2026-09-14T16:04:09,GINECOLOGIA-OBSTETRÍCIA,SEM_VAGA,0
2026-09-14T16:04:12,NUTRIÇÃO - DIETÉTICA,SEM_VAGA,0
2026-09-14T16:04:15,UROLOGIA,SEM_VAGA,0
2026-09-14T16:09:26,ACUPUNTURA,SEM_VAGA,0
2026-09-14T16:09:31,CIRURGIA PLÁSTICA,SEM_VAGA,0
2026-09-14T16:09:36,FISIOTERAPIA MEMBROS INFERIORES,SEM_VAGA,0
2026-09-14T16:09:41,FISIOTERAPIA MEMBROS INFERIORES,SEM_VAGA,0
2026-09-14T16:09:46,GASTROCLÍNICA,SEM_VAGA,0
2026-09-14T16:09:52,GINECOLOGIA-OBSTETRÍCIA,SEM_VAGA,0
2026-09-14T16:09:56,NUTRIÇÃO - DIETÉTICA,SEM_VAGA,0
2026-09-14T16:10:00,UROLOGIA,SEM_VAGA,0
2026-09-14T16:15:09,ACUPUNTURA,SEM_VAGA,0
2026-09-14T16:15:13,CIRURGIA PLÁSTICA,SEM_VAGA,0
2026-09-14T16:15:18,FISIOTERAPIA MEMBROS INFERIORES,SEM_VAGA,0
2026-09-14T16:15:22,FISIOTERAPIA MEMBROS INFERIORES,SEM_VAGA,0
2026-09-14T16:15:26,GASTROCLÍNICA,SEM_VAGA,0
2026-09-14T16:15:30,GINECOLOGIA-OBSTETRÍCIA,SEM_VAGA,0
2026-09-14T16:15:34,NUTRIÇÃO - DIETÉTICA,SEM_VAGA,0
2026-09-14T16:15:39,UROLOGIA,SEM_VAGA,0
2026-09-14T16:20:48,ACUPUNTURA,SEM_VAGA,0
2026-09-14T16:20:51,CIRURGIA PLÁSTICA,SEM_VAGA,0
2026-09-14T16:20:55,FISIOTERAPIA MEMBROS INFERIORES,SEM_VAGA,0
2026-09-14T16:21:00,FISIOTERAPIA MEMBROS INFERIORES,SEM_VAGA,0
2026-09-14T16:21:04,GASTROCLÍNICA,SEM_VAGA,0
2026-09-14T16:21:09,GINECOLOGIA-OBSTETRÍCIA,SEM_VAGA,0
2026-09-14T16:21:13,NUTRIÇÃO - DIETÉTICA,SEM_VAGA,0
2026-09-14T16:21:17,UROLOGIA,SEM_VAGA,0
2026-09-14T16:26:25,ACUPUNTURA,SEM_VAGA,0
2026-09-14T16:26:29,CIRURGIA PLÁSTICA,SEM_VAGA,0
2026-09-14T16:26:33,FISIOTERAPIA MEMBROS INFERIORES,SEM_VAGA,0
2026-09-14T16:26:38,FISIOTERAPIA MEMBROS INFERIORES,SEM_VAGA,0
2026-09-14T16:26:43,GASTROCLÍNICA,SEM_VAGA,0
2026-09-14T16:26:48,GINECOLOGIA-OBSTETRÍCIA,SEM_VAGA,0
2026-09-14T16:26:53,NUTRIÇÃO - DIETÉTICA,SEM_VAGA,0
2026-09-14T16:26:58,UROLOGIA,SEM_VAGA,0
2026-09-14T16:32:06,ACUPUNTURA,SEM_VAGA,0
2026-09-14T16:32:09,CIRURGIA PLÁSTICA,SEM_VAGA,0
2026-09-14T16:32:13,FISIOTERAPIA MEMBROS INFERIORES,SEM_VAGA,0
2026-09-14T16:32:16,FISIOTERAPIA MEMBROS INFERIORES,SEM_VAGA,0
2026-09-14T16:32:19,GASTROCLÍNICA,SEM_VAGA,0
2026-09-14T16:32:24,GINECOLOGIA-OBSTETRÍCIA,SEM_VAGA,0
2026-09-14T16:32:28,NUTRIÇÃO - DIETÉTICA,SEM_VAGA,0
2026-09-14T16:32:31,UROLOGIA,SEM_VAGA,0
2026-09-14T16:37:40,ACUPUNTURA,SEM_VAGA,0
2026-09-14T16:37:43,CIRURGIA PLÁSTICA,SEM_VAGA,0
2026-09-14T16:37:46,FISIOTERAPIA MEMBROS INFERIORES,SEM_VAGA,0
2026-09-14T16:37:49,FISIOTERAPIA MEMBROS INFERIORES,SEM_VAGA,0
2026-09-14T16:37:52,GASTROCLÍNICA,SEM_VAGA,0
2026-09-14T16:37:56,GINECOLOGIA-OBSTETRÍCIA,SEM_VAGA,0
2026-09-14T16:37:59,NUTRIÇÃO - DIETÉTICA,SEM_VAGA,0
2026-09-14T16:38:02,UROLOGIA,SEM_VAGA,0
2026-09-14T16:43:11,ACUPUNTURA,SEM_VAGA,0
2026-09-14T16:43:14,CIRURGIA PLÁSTICA,SEM_VAGA,0
2026-09-14T16:43:17,FISIOTERAPIA MEMBROS INFERIORES,SEM_VAGA,0
2026-09-14T16:43:20,FISIOTERAPIA MEMBROS INFERIORES,SEM_VAGA,0
2026-09-14T16:43:23,GASTROCLÍNICA,SEM_VAGA,0
2026-09-14T16:43:27,GINECOLOGIA-OBSTETRÍCIA,SEM_VAGA,0
2026-09-14T16:43:29,NUTRIÇÃO - DIETÉTICA,SEM_VAGA,0
2026-09-14T16:43:33,UROLOGIA,SEM_VAGA,0
2026-09-14T16:48:41,ACUPUNTURA,SEM_VAGA,0
2026-09-14T16:48:44,CIRURGIA PLÁSTICA,SEM_VAGA,0
2026-09-14T16:48:47,FISIOTERAPIA MEMBROS INFERIORES,SEM_VAGA,0
2026-09-14T16:48:51,FISIOTERAPIA MEMBROS INFERIORES,SEM_VAGA,0
2026-09-14T16:48:54,GASTROCLÍNICA,SEM_VAGA,0
2026-09-14T16:48:57,GINECOLOGIA-OBSTETRÍCIA,SEM_VAGA,0
2026-09-14T16:49:01,NUTRIÇÃO - DIETÉTICA,SEM_VAGA,0
2026-09-14T16:49:04,UROLOGIA,SEM_VAGA,0
2026-09-14T16:54:12,ACUPUNTURA,SEM_VAGA,0
2026-09-14T16:54:15,CIRURGIA PLÁSTICA,SEM_VAGA,0
2026-09-14T16:54:19,FISIOTERAPIA MEMBROS INFERIORES,SEM_VAGA,0
2026-09-14T16:54:22,FISIOTERAPIA MEMBROS INFERIORES,SEM_VAGA,0
2026-09-14T16:54:25,GASTROCLÍNICA,SEM_VAGA,0
2026-09-14T16:54:28,GINECOLOGIA-OBSTETRÍCIA,SEM_VAGA,0
2026-09-14T16:54:31,NUTRIÇÃO - DIETÉTICA,SEM_VAGA,0
2026-09-14T16:54:35,UROLOGIA,SEM_VAGA,0
2026-09-14T16:59:43,ACUPUNTURA,SEM_VAGA,0
2026-09-14T16:59:46,CIRURGIA PLÁSTICA,SEM_VAGA,0
2026-09-14T16:59:50,FISIOTERAPIA MEMBROS INFERIORES,SEM_VAGA,0
2026-09-14T16:59:53,FISIOTERAPIA MEMBROS INFERIORES,SEM_VAGA,0
2026-09-14T16:59:57,GASTROCLÍNICA,SEM_VAGA,0
2026-09-14T17:00:01,GINECOLOGIA-OBSTETRÍCIA,SEM_VAGA,0
2026-09-14T17:00:05,NUTRIÇÃO - DIETÉTICA,SEM_VAGA,0
2026-09-14T17:00:09,UROLOGIA,SEM_VAGA,0
2026-09-14T17:05:17,ACUPUNTURA,SEM_VAGA,0
2026-09-14T17:05:21,CIRURGIA PLÁSTICA,SEM_VAGA,0
2026-09-14T17:05:24,FISIOTERAPIA MEMBROS INFERIORES,SEM_VAGA,0
2026-09-14T17:05:27,FISIOTERAPIA MEMBROS INFERIORES,SEM_VAGA,0
2026-09-14T17:05:30,GASTROCLÍNICA,SEM_VAGA,0
2026-09-14T17:05:34,GINECOLOGIA-OBSTETRÍCIA,SEM_VAGA,0
2026-09-14T17:05:36,NUTRIÇÃO - DIETÉTICA,SEM_VAGA,0
2026-09-14T17:05:39,UROLOGIA,SEM_VAGA,0
2026-09-14T17:10:49,ACUPUNTURA,SEM_VAGA,0
2026-09-14T17:10:54,CIRURGIA PLÁSTICA,SEM_VAGA,0
2026-09-14T17:10:58,FISIOTERAPIA MEMBROS INFERIORES,SEM_VAGA,0
2026-09-14T17:11:02,FISIOTERAPIA MEMBROS INFERIORES,SEM_VAGA,0
2026-09-14T17:11:07,GASTROCLÍNICA,SEM_VAGA,0
2026-09-14T17:11:11,GINECOLOGIA-OBSTETRÍCIA,SEM_VAGA,0
2026-09-14T17:11:15,NUTRIÇÃO - DIETÉTICA,SEM_VAGA,0
2026-09-14T17:11:18,UROLOGIA,SEM_VAGA,0
2026-09-14T17:16:27,ACUPUNTURA,SEM_VAGA,0
2026-09-14T17:16:30,CIRURGIA PLÁSTICA,SEM_VAGA,0
2026-09-14T17:16:34,FISIOTERAPIA MEMBROS INFERIORES,SEM_VAGA,0
2026-09-14T17:16:37,FISIOTERAPIA MEMBROS INFERIORES,SEM_VAGA,0
2026-09-14T17:16:40,GASTROCLÍNICA,SEM_VAGA,0
2026-09-14T17:16:44,GINECOLOGIA-OBSTETRÍCIA,SEM_VAGA,0
2026-09-14T17:16:47,NUTRIÇÃO - DIETÉTICA,SEM_VAGA,0
2026-09-14T17:16:50,UROLOGIA,SEM_VAGA,0
2026-09-14T17:21:58,ACUPUNTURA,SEM_VAGA,0
2026-09-14T17:22:02,CIRURGIA PLÁSTICA,SEM_VAGA,0
2026-09-14T17:22:05,FISIOTERAPIA MEMBROS INFERIORES,SEM_VAGA,0
2026-09-14T17:22:08,FISIOTERAPIA MEMBROS INFERIORES,SEM_VAGA,0
2026-09-14T17:22:11,GASTROCLÍNICA,SEM_VAGA,0
2026-09-14T17:22:15,GINECOLOGIA-OBSTETRÍCIA,SEM_VAGA,0
2026-09-14T17:22:18,NUTRIÇÃO - DIETÉTICA,SEM_VAGA,0
2026-09-14T17:22:23,UROLOGIA,SEM_VAGA,0
2026-09-14T17:27:31,ACUPUNTURA,SEM_VAGA,0
2026-09-14T17:27:34,CIRURGIA PLÁSTICA,SEM_VAGA,0
2026-09-14T17:27:38,FISIOTERAPIA MEMBROS INFERIORES,SEM_VAGA,0
2026-09-14T17:27:40,FISIOTERAPIA MEMBROS INFERIORES,SEM_VAGA,0
2026-09-14T17:27:44,GASTROCLÍNICA,SEM_VAGA,0
2026-09-14T17:27:47,GINECOLOGIA-OBSTETRÍCIA,SEM_VAGA,0
2026-09-14T17:27:50,NUTRIÇÃO - DIETÉTICA,SEM_VAGA,0
2026-09-14T17:27:54,UROLOGIA,SEM_VAGA,0
2026-09-14T17:33:02,ACUPUNTURA,SEM_VAGA,0
2026-09-14T17:33:05,CIRURGIA PLÁSTICA,SEM_VAGA,0
2026-09-14T17:33:08,FISIOTERAPIA MEMBROS INFERIORES,SEM_VAGA,0
2026-09-14T17:33:12,FISIOTERAPIA MEMBROS INFERIORES,SEM_VAGA,0
2026-09-14T17:33:15,GASTROCLÍNICA,SEM_VAGA,0
2026-09-14T17:33:18,GINECOLOGIA-OBSTETRÍCIA,SEM_VAGA,0
2026-09-14T17:33:21,NUTRIÇÃO - DIETÉTICA,SEM_VAGA,0
2026-09-14T17:33:25,UROLOGIA,SEM_VAGA,0
2026-09-14T17:38:33,ACUPUNTURA,SEM_VAGA,0
2026-09-14T17:38:36,CIRURGIA PLÁSTICA,SEM_VAGA,0
2026-09-14T17:38:41,FISIOTERAPIA MEMBROS INFERIORES,SEM_VAGA,0
2026-09-14T17:38:44,FISIOTERAPIA MEMBROS INFERIORES,SEM_VAGA,0
2026-09-14T17:38:48,GASTROCLÍNICA,SEM_VAGA,0
2026-09-14T17:38:51,GINECOLOGIA-OBSTETRÍCIA,SEM_VAGA,0
2026-09-14T17:38:54,NUTRIÇÃO - DIETÉTICA,SEM_VAGA,0
2026-09-14T17:38:58,UROLOGIA,SEM_VAGA,0
2026-09-14T17:44:07,ACUPUNTURA,SEM_VAGA,0
2026-09-14T17:44:10,CIRURGIA PLÁSTICA,SEM_VAGA,0
2026-09-14T17:44:13,FISIOTERAPIA MEMBROS INFERIORES,SEM_VAGA,0
2026-09-14T17:44:16,FISIOTERAPIA MEMBROS INFERIORES,SEM_VAGA,0
2026-09-14T17:44:19,GASTROCLÍNICA,SEM_VAGA,0
2026-09-14T17:44:24,GINECOLOGIA-OBSTETRÍCIA,SEM_VAGA,0
2026-09-14T17:44:28,NUTRIÇÃO - DIETÉTICA,SEM_VAGA,0
2026-09-14T17:44:33,UROLOGIA,SEM_VAGA,0
2026-09-14T17:49:41,ACUPUNTURA,SEM_VAGA,0
2026-09-14T17:49:44,CIRURGIA PLÁSTICA,SEM_VAGA,0
2026-09-14T17:49:48,FISIOTERAPIA MEMBROS INFERIORES,SEM_VAGA,0
2026-09-14T17:49:51,FISIOTERAPIA MEMBROS INFERIORES,SEM_VAGA,0
2026-09-14T17:49:54,GASTROCLÍNICA,SEM_VAGA,0
2026-09-14T17:49:57,GINECOLOGIA-OBSTETRÍCIA,SEM_VAGA,0
2026-09-14T17:50:00,NUTRIÇÃO - DIETÉTICA,SEM_VAGA,0
2026-09-14T17:50:04,UROLOGIA,SEM_VAGA,0
2026-09-14T17:55:15,ACUPUNTURA,SEM_VAGA,0
2026-09-14T17:55:20,CIRURGIA PLÁSTICA,SEM_VAGA,0
2026-09-14T17:55:24,FISIOTERAPIA MEMBROS INFERIORES,SEM_VAGA,0
2026-09-14T17:55:29,FISIOTERAPIA MEMBROS INFERIORES,SEM_VAGA,0
2026-09-14T17:55:33,GASTROCLÍNICA,SEM_VAGA,0
2026-09-14T17:55:39,GINECOLOGIA-OBSTETRÍCIA,SEM_VAGA,0
2026-09-14T17:55:44,NUTRIÇÃO - DIETÉTICA,SEM_VAGA,0
2026-09-14T17:55:52,UROLOGIA,VAGA_ENCONTRADA,
2026-09-14T18:01:32,ACUPUNTURA,SEM_VAGA,0
2026-09-14T18:01:35,CIRURGIA PLÁSTICA,SEM_VAGA,0
2026-09-14T18:01:38,FISIOTERAPIA MEMBROS INFERIORES,SEM_VAGA,0
2026-09-14T18:01:41,FISIOTERAPIA MEMBROS INFERIORES,SEM_VAGA,0
2026-09-14T18:01:45,GASTROCLÍNICA,SEM_VAGA,0
2026-09-14T18:01:48,GINECOLOGIA-OBSTETRÍCIA,SEM_VAGA,0
2026-09-14T18:01:51,NUTRIÇÃO - DIETÉTICA,SEM_VAGA,0
2026-09-14T18:01:54,UROLOGIA,SEM_VAGA,0
2026-09-14T18:07:04,ACUPUNTURA,SEM_VAGA,0
2026-09-14T18:07:07,CIRURGIA PLÁSTICA,SEM_VAGA,0
2026-09-14T18:07:11,FISIOTERAPIA MEMBROS INFERIORES,SEM_VAGA,0
2026-09-14T18:07:14,FISIOTERAPIA MEMBROS INFERIORES,SEM_VAGA,0
2026-09-14T18:07:17,GASTROCLÍNICA,SEM_VAGA,0
2026-09-14T18:07:21,GINECOLOGIA-OBSTETRÍCIA,SEM_VAGA,0
2026-09-14T18:07:24,NUTRIÇÃO - DIETÉTICA,SEM_VAGA,0
2026-09-14T18:07:27,UROLOGIA,SEM_VAGA,0
2026-09-14T18:12:38,ACUPUNTURA,SEM_VAGA,0
2026-09-14T18:12:43,CIRURGIA PLÁSTICA,SEM_VAGA,0
2026-09-14T18:12:47,FISIOTERAPIA MEMBROS INFERIORES,SEM_VAGA,0
2026-09-14T18:12:52,FISIOTERAPIA MEMBROS INFERIORES,SEM_VAGA,0
2026-09-14T18:12:55,GASTROCLÍNICA,SEM_VAGA,0
2026-09-14T18:13:00,GINECOLOGIA-OBSTETRÍCIA,SEM_VAGA,0
2026-09-14T18:13:03,NUTRIÇÃO - DIETÉTICA,SEM_VAGA,0
2026-09-14T18:13:06,UROLOGIA,SEM_VAGA,0
2026-09-14T18:18:16,ACUPUNTURA,SEM_VAGA,0
2026-09-14T18:18:20,CIRURGIA PLÁSTICA,SEM_VAGA,0
2026-09-14T18:18:24,FISIOTERAPIA MEMBROS INFERIORES,SEM_VAGA,0
2026-09-14T18:18:29,FISIOTERAPIA MEMBROS INFERIORES,SEM_VAGA,0
2026-09-14T18:18:33,GASTROCLÍNICA,SEM_VAGA,0
2026-09-14T18:18:36,GINECOLOGIA-OBSTETRÍCIA,SEM_VAGA,0
2026-09-14T18:18:39,NUTRIÇÃO - DIETÉTICA,SEM_VAGA,0
2026-09-14T18:18:43,UROLOGIA,SEM_VAGA,0
2026-09-14T18:23:51,ACUPUNTURA,SEM_VAGA,0
2026-09-14T18:23:54,CIRURGIA PLÁSTICA,SEM_VAGA,0
2026-09-14T18:23:58,FISIOTERAPIA MEMBROS INFERIORES,SEM_VAGA,0
2026-09-14T18:24:02,FISIOTERAPIA MEMBROS INFERIORES,SEM_VAGA,0
2026-09-14T18:24:05,GASTROCLÍNICA,SEM_VAGA,0
2026-09-14T18:24:08,GINECOLOGIA-OBSTETRÍCIA,SEM_VAGA,0
2026-09-14T18:24:11,NUTRIÇÃO - DIETÉTICA,SEM_VAGA,0
2026-09-14T18:24:15,UROLOGIA,SEM_VAGA,0
2026-09-14T18:29:23,ACUPUNTURA,SEM_VAGA,0
2026-09-14T18:29:26,CIRURGIA PLÁSTICA,SEM_VAGA,0
2026-09-14T18:29:30,FISIOTERAPIA MEMBROS INFERIORES,SEM_VAGA,0
2026-09-14T18:29:32,FISIOTERAPIA MEMBROS INFERIORES,SEM_VAGA,0
2026-09-14T18:29:36,GASTROCLÍNICA,SEM_VAGA,0
2026-09-14T18:29:39,GINECOLOGIA-OBSTETRÍCIA,SEM_VAGA,0
2026-09-14T18:29:42,NUTRIÇÃO - DIETÉTICA,SEM_VAGA,0
2026-09-14T18:29:45,UROLOGIA,SEM_VAGA,0
2026-09-14T18:34:54,ACUPUNTURA,SEM_VAGA,0
2026-09-14T18:34:57,CIRURGIA PLÁSTICA,SEM_VAGA,0
2026-09-14T18:35:00,FISIOTERAPIA MEMBROS INFERIORES,SEM_VAGA,0
2026-09-14T18:35:03,FISIOTERAPIA MEMBROS INFERIORES,SEM_VAGA,0
2026-09-14T18:35:06,GASTROCLÍNICA,SEM_VAGA,0
2026-09-14T18:35:09,GINECOLOGIA-OBSTETRÍCIA,SEM_VAGA,0
2026-09-14T18:35:13,NUTRIÇÃO - DIETÉTICA,SEM_VAGA,0
2026-09-14T18:35:17,UROLOGIA,SEM_VAGA,0
2026-09-14T18:40:26,ACUPUNTURA,SEM_VAGA,0
2026-09-14T18:40:29,CIRURGIA PLÁSTICA,SEM_VAGA,0
2026-09-14T18:40:32,FISIOTERAPIA MEMBROS INFERIORES,SEM_VAGA,0
2026-09-14T18:40:35,FISIOTERAPIA MEMBROS INFERIORES,SEM_VAGA,0
2026-09-14T18:40:38,GASTROCLÍNICA,SEM_VAGA,0
2026-09-14T18:40:42,GINECOLOGIA-OBSTETRÍCIA,SEM_VAGA,0
2026-09-14T18:40:45,NUTRIÇÃO - DIETÉTICA,SEM_VAGA,0
2026-09-14T18:40:48,UROLOGIA,SEM_VAGA,0
2026-09-14T18:45:57,ACUPUNTURA,SEM_VAGA,0
2026-09-14T18:46:00,CIRURGIA PLÁSTICA,SEM_VAGA,0
2026-09-14T18:46:03,FISIOTERAPIA MEMBROS INFERIORES,SEM_VAGA,0
2026-09-14T18:46:06,FISIOTERAPIA MEMBROS INFERIORES,SEM_VAGA,0
2026-09-14T18:46:11,GASTROCLÍNICA,SEM_VAGA,0
2026-09-14T18:46:15,GINECOLOGIA-OBSTETRÍCIA,SEM_VAGA,0
2026-09-14T18:46:18,NUTRIÇÃO - DIETÉTICA,SEM_VAGA,0
2026-09-14T18:46:21,UROLOGIA,SEM_VAGA,0
2026-09-14T18:51:29,ACUPUNTURA,SEM_VAGA,0
2026-09-14T18:51:33,CIRURGIA PLÁSTICA,SEM_VAGA,0
2026-09-14T18:51:36,FISIOTERAPIA MEMBROS INFERIORES,SEM_VAGA,0
2026-09-14T18:51:39,FISIOTERAPIA MEMBROS INFERIORES,SEM_VAGA,0
2026-09-14T18:51:42,GASTROCLÍNICA,SEM_VAGA,0
2026-09-14T18:51:46,GINECOLOGIA-OBSTETRÍCIA,SEM_VAGA,0
2026-09-14T18:51:49,NUTRIÇÃO - DIETÉTICA,SEM_VAGA,0
2026-09-14T18:51:52,UROLOGIA,SEM_VAGA,0
2026-09-14T18:57:00,ACUPUNTURA,SEM_VAGA,0
2026-09-14T18:57:04,CIRURGIA PLÁSTICA,SEM_VAGA,0
2026-09-14T18:57:07,FISIOTERAPIA MEMBROS INFERIORES,SEM_VAGA,0
2026-09-14T18:57:10,FISIOTERAPIA MEMBROS INFERIORES,SEM_VAGA,0
2026-09-14T18:57:13,GASTROCLÍNICA,SEM_VAGA,0
2026-09-14T18:57:17,GINECOLOGIA-OBSTETRÍCIA,SEM_VAGA,0
2026-09-14T18:57:20,NUTRIÇÃO - DIETÉTICA,SEM_VAGA,0
2026-09-14T18:57:24,UROLOGIA,SEM_VAGA,0
2026-09-14T19:02:32,ACUPUNTURA,SEM_VAGA,0
2026-09-14T19:02:35,CIRURGIA PLÁSTICA,SEM_VAGA,0
2026-09-14T19:02:39,FISIOTERAPIA MEMBROS INFERIORES,SEM_VAGA,0
2026-09-14T19:02:41,FISIOTERAPIA MEMBROS INFERIORES,SEM_VAGA,0
2026-09-14T19:02:45,GASTROCLÍNICA,SEM_VAGA,0
2026-09-14T19:02:48,GINECOLOGIA-OBSTETRÍCIA,SEM_VAGA,0
2026-09-14T19:02:51,NUTRIÇÃO - DIETÉTICA,SEM_VAGA,0
2026-09-14T19:02:55,UROLOGIA,SEM_VAGA,0
2026-09-14T19:08:03,ACUPUNTURA,SEM_VAGA,0
2026-09-14T19:08:06,CIRURGIA PLÁSTICA,SEM_VAGA,0
2026-09-14T19:08:09,FISIOTERAPIA MEMBROS INFERIORES,SEM_VAGA,0
2026-09-14T19:08:12,FISIOTERAPIA MEMBROS INFERIORES,SEM_VAGA,0
2026-09-14T19:08:16,GASTROCLÍNICA,SEM_VAGA,0
2026-09-14T19:08:19,GINECOLOGIA-OBSTETRÍCIA,SEM_VAGA,0
2026-09-14T19:08:22,NUTRIÇÃO - DIETÉTICA,SEM_VAGA,0
2026-09-14T19:08:25,UROLOGIA,SEM_VAGA,0
2026-09-14T19:13:34,ACUPUNTURA,SEM_VAGA,0
2026-09-14T19:13:37,CIRURGIA PLÁSTICA,SEM_VAGA,0
2026-09-14T19:13:40,FISIOTERAPIA MEMBROS INFERIORES,SEM_VAGA,0
2026-09-14T19:13:43,FISIOTERAPIA MEMBROS INFERIORES,SEM_VAGA,0
2026-09-14T19:13:47,GASTROCLÍNICA,SEM_VAGA,0
2026-09-14T19:13:50,GINECOLOGIA-OBSTETRÍCIA,SEM_VAGA,0
2026-09-14T19:13:53,NUTRIÇÃO - DIETÉTICA,SEM_VAGA,0
2026-09-14T19:13:56,UROLOGIA,SEM_VAGA,0
2026-09-14T19:19:04,ACUPUNTURA,SEM_VAGA,0
2026-09-14T19:19:08,CIRURGIA PLÁSTICA,SEM_VAGA,0
2026-09-14T19:19:11,FISIOTERAPIA MEMBROS INFERIORES,SEM_VAGA,0
2026-09-14T19:19:14,FISIOTERAPIA MEMBROS INFERIORES,SEM_VAGA,0
2026-09-14T19:19:18,GASTROCLÍNICA,SEM_VAGA,0
2026-09-14T19:19:21,GINECOLOGIA-OBSTETRÍCIA,SEM_VAGA,0
2026-09-14T19:19:24,NUTRIÇÃO - DIETÉTICA,SEM_VAGA,0
2026-09-14T19:19:27,UROLOGIA,SEM_VAGA,0
2026-09-14T19:24:37,ACUPUNTURA,SEM_VAGA,0
2026-09-14T19:24:41,CIRURGIA PLÁSTICA,SEM_VAGA,0
2026-09-14T19:24:44,FISIOTERAPIA MEMBROS INFERIORES,SEM_VAGA,0
2026-09-14T19:24:48,FISIOTERAPIA MEMBROS INFERIORES,SEM_VAGA,0
2026-09-14T19:24:51,GASTROCLÍNICA,SEM_VAGA,0
2026-09-14T19:24:55,GINECOLOGIA-OBSTETRÍCIA,SEM_VAGA,0
2026-09-14T19:24:58,NUTRIÇÃO - DIETÉTICA,SEM_VAGA,0
2026-09-14T19:25:02,UROLOGIA,SEM_VAGA,0
2026-09-14T19:30:10,ACUPUNTURA,SEM_VAGA,0
2026-09-14T19:30:14,CIRURGIA PLÁSTICA,SEM_VAGA,0
2026-09-14T19:30:17,FISIOTERAPIA MEMBROS INFERIORES,SEM_VAGA,0
2026-09-14T19:30:22,FISIOTERAPIA MEMBROS INFERIORES,SEM_VAGA,0
2026-09-14T19:30:26,GASTROCLÍNICA,SEM_VAGA,0
2026-09-14T19:30:30,GINECOLOGIA-OBSTETRÍCIA,SEM_VAGA,0
2026-09-14T19:30:34,NUTRIÇÃO - DIETÉTICA,SEM_VAGA,0
2026-09-14T19:30:38,UROLOGIA,SEM_VAGA,0
2026-09-14T19:35:48,ACUPUNTURA,SEM_VAGA,0
2026-09-14T19:35:53,CIRURGIA PLÁSTICA,SEM_VAGA,0
2026-09-14T19:35:58,FISIOTERAPIA MEMBROS INFERIORES,SEM_VAGA,0
2026-09-14T19:36:02,FISIOTERAPIA MEMBROS INFERIORES,SEM_VAGA,0
2026-09-14T19:36:06,GASTROCLÍNICA,SEM_VAGA,0
2026-09-14T19:36:10,GINECOLOGIA-OBSTETRÍCIA,SEM_VAGA,0
2026-09-14T19:36:14,NUTRIÇÃO - DIETÉTICA,SEM_VAGA,0
2026-09-14T19:36:18,UROLOGIA,SEM_VAGA,0
2026-09-14T19:41:27,ACUPUNTURA,SEM_VAGA,0
2026-09-14T19:41:31,CIRURGIA PLÁSTICA,SEM_VAGA,0
2026-09-14T19:41:36,FISIOTERAPIA MEMBROS INFERIORES,SEM_VAGA,0
2026-09-14T19:41:40,FISIOTERAPIA MEMBROS INFERIORES,SEM_VAGA,0
2026-09-14T19:41:43,GASTROCLÍNICA,SEM_VAGA,0
2026-09-14T19:41:46,GINECOLOGIA-OBSTETRÍCIA,SEM_VAGA,0
2026-09-14T19:41:49,NUTRIÇÃO - DIETÉTICA,SEM_VAGA,0
2026-09-14T19:41:53,UROLOGIA,SEM_VAGA,0
2026-09-14T19:47:01,ACUPUNTURA,SEM_VAGA,0
2026-09-14T19:47:04,CIRURGIA PLÁSTICA,SEM_VAGA,0
2026-09-14T19:47:08,FISIOTERAPIA MEMBROS INFERIORES,SEM_VAGA,0
2026-09-14T19:47:11,FISIOTERAPIA MEMBROS INFERIORES,SEM_VAGA,0
2026-09-14T19:47:14,GASTROCLÍNICA,SEM_VAGA,0
2026-09-14T19:47:17,GINECOLOGIA-OBSTETRÍCIA,SEM_VAGA,0
2026-09-14T19:47:21,NUTRIÇÃO - DIETÉTICA,SEM_VAGA,0
2026-09-14T19:47:24,UROLOGIA,SEM_VAGA,0
2026-09-14T19:52:32,ACUPUNTURA,SEM_VAGA,0
2026-09-14T19:52:35,CIRURGIA PLÁSTICA,SEM_VAGA,0
2026-09-14T19:52:38,FISIOTERAPIA MEMBROS INFERIORES,SEM_VAGA,0
2026-09-14T19:52:42,FISIOTERAPIA MEMBROS INFERIORES,SEM_VAGA,0
2026-09-14T19:52:45,GASTROCLÍNICA,SEM_VAGA,0
2026-09-14T19:52:48,GINECOLOGIA-OBSTETRÍCIA,SEM_VAGA,0
2026-09-14T19:52:51,NUTRIÇÃO - DIETÉTICA,SEM_VAGA,0
2026-09-14T19:52:55,UROLOGIA,SEM_VAGA,0
2026-09-14T19:58:03,ACUPUNTURA,SEM_VAGA,0
2026-09-14T19:58:06,CIRURGIA PLÁSTICA,SEM_VAGA,0
2026-09-14T19:58:09,FISIOTERAPIA MEMBROS INFERIORES,SEM_VAGA,0
2026-09-14T19:58:12,FISIOTERAPIA MEMBROS INFERIORES,SEM_VAGA,0
2026-09-14T19:58:16,GASTROCLÍNICA,SEM_VAGA,0
2026-09-14T19:58:19,GINECOLOGIA-OBSTETRÍCIA,SEM_VAGA,0
2026-09-14T19:58:22,NUTRIÇÃO - DIETÉTICA,SEM_VAGA,0
2026-09-14T19:58:25,UROLOGIA,SEM_VAGA,0
2026-09-14T20:03:34,ACUPUNTURA,SEM_VAGA,0
2026-09-14T20:03:37,CIRURGIA PLÁSTICA,SEM_VAGA,0
2026-09-14T20:03:40,FISIOTERAPIA MEMBROS INFERIORES,SEM_VAGA,0
2026-09-14T20:03:43,FISIOTERAPIA MEMBROS INFERIORES,SEM_VAGA,0
2026-09-14T20:03:47,GASTROCLÍNICA,SEM_VAGA,0
2026-09-14T20:03:50,GINECOLOGIA-OBSTETRÍCIA,SEM_VAGA,0
2026-09-14T20:03:53,NUTRIÇÃO - DIETÉTICA,SEM_VAGA,0
2026-09-14T20:03:57,UROLOGIA,SEM_VAGA,0
2026-09-14T20:09:05,ACUPUNTURA,SEM_VAGA,0
2026-09-14T20:09:08,CIRURGIA PLÁSTICA,SEM_VAGA,0
2026-09-14T20:09:11,FISIOTERAPIA MEMBROS INFERIORES,SEM_VAGA,0
2026-09-14T20:09:14,FISIOTERAPIA MEMBROS INFERIORES,SEM_VAGA,0
2026-09-14T20:09:18,GASTROCLÍNICA,SEM_VAGA,0
2026-09-14T20:09:21,GINECOLOGIA-OBSTETRÍCIA,SEM_VAGA,0
2026-09-14T20:09:24,NUTRIÇÃO - DIETÉTICA,SEM_VAGA,0
2026-09-14T20:09:28,UROLOGIA,SEM_VAGA,0
2026-09-14T20:14:35,ACUPUNTURA,SEM_VAGA,0
2026-09-14T20:14:39,CIRURGIA PLÁSTICA,SEM_VAGA,0
2026-09-14T20:14:41,FISIOTERAPIA MEMBROS INFERIORES,SEM_VAGA,0
2026-09-14T20:14:45,FISIOTERAPIA MEMBROS INFERIORES,SEM_VAGA,0
2026-09-14T20:14:48,GASTROCLÍNICA,SEM_VAGA,0
2026-09-14T20:14:52,GINECOLOGIA-OBSTETRÍCIA,SEM_VAGA,0
2026-09-14T20:14:55,NUTRIÇÃO - DIETÉTICA,SEM_VAGA,0
2026-09-14T20:14:58,UROLOGIA,SEM_VAGA,0
2026-09-14T20:20:09,ACUPUNTURA,SEM_VAGA,0
2026-09-14T20:20:14,CIRURGIA PLÁSTICA,SEM_VAGA,0
2026-09-14T20:20:19,FISIOTERAPIA MEMBROS INFERIORES,SEM_VAGA,0
2026-09-14T20:20:24,FISIOTERAPIA MEMBROS INFERIORES,SEM_VAGA,0
2026-09-14T20:20:29,GASTROCLÍNICA,SEM_VAGA,0
2026-09-14T20:20:35,GINECOLOGIA-OBSTETRÍCIA,SEM_VAGA,0
2026-09-14T20:20:40,NUTRIÇÃO - DIETÉTICA,SEM_VAGA,0
2026-09-14T20:20:45,UROLOGIA,SEM_VAGA,0
2026-09-14T20:25:53,ACUPUNTURA,SEM_VAGA,0
2026-09-14T20:25:57,CIRURGIA PLÁSTICA,SEM_VAGA,0
2026-09-14T20:26:00,FISIOTERAPIA MEMBROS INFERIORES,SEM_VAGA,0
2026-09-14T20:26:04,FISIOTERAPIA MEMBROS INFERIORES,SEM_VAGA,0
2026-09-14T20:26:06,GASTROCLÍNICA,SEM_VAGA,0
2026-09-14T20:26:10,GINECOLOGIA-OBSTETRÍCIA,SEM_VAGA,0
2026-09-14T20:26:13,NUTRIÇÃO - DIETÉTICA,SEM_VAGA,0
2026-09-14T20:26:16,UROLOGIA,SEM_VAGA,0
2026-09-14T20:31:24,ACUPUNTURA,SEM_VAGA,0
2026-09-14T20:31:28,CIRURGIA PLÁSTICA,SEM_VAGA,0
2026-09-14T20:31:31,FISIOTERAPIA MEMBROS INFERIORES,SEM_VAGA,0
2026-09-14T20:31:34,FISIOTERAPIA MEMBROS INFERIORES,SEM_VAGA,0
2026-09-14T20:31:38,GASTROCLÍNICA,SEM_VAGA,0
2026-09-14T20:31:40,GINECOLOGIA-OBSTETRÍCIA,SEM_VAGA,0
2026-09-14T20:31:44,NUTRIÇÃO - DIETÉTICA,SEM_VAGA,0
2026-09-14T20:31:47,UROLOGIA,SEM_VAGA,0
2026-09-14T20:36:56,ACUPUNTURA,SEM_VAGA,0
2026-09-14T20:37:00,CIRURGIA PLÁSTICA,SEM_VAGA,0
2026-09-14T20:37:03,FISIOTERAPIA MEMBROS INFERIORES,SEM_VAGA,0
2026-09-14T20:37:06,FISIOTERAPIA MEMBROS INFERIORES,SEM_VAGA,0
2026-09-14T20:37:10,GASTROCLÍNICA,SEM_VAGA,0
2026-09-14T20:37:14,GINECOLOGIA-OBSTETRÍCIA,SEM_VAGA,0
2026-09-14T20:37:18,NUTRIÇÃO - DIETÉTICA,SEM_VAGA,0
2026-09-14T20:37:22,UROLOGIA,SEM_VAGA,0
2026-09-14T20:42:31,ACUPUNTURA,SEM_VAGA,0
2026-09-14T20:42:34,CIRURGIA PLÁSTICA,SEM_VAGA,0
2026-09-14T20:42:37,FISIOTERAPIA MEMBROS INFERIORES,SEM_VAGA,0
2026-09-14T20:42:40,FISIOTERAPIA MEMBROS INFERIORES,SEM_VAGA,0
2026-09-14T20:42:43,GASTROCLÍNICA,SEM_VAGA,0
2026-09-14T20:42:47,GINECOLOGIA-OBSTETRÍCIA,SEM_VAGA,0
2026-09-14T20:42:50,NUTRIÇÃO - DIETÉTICA,SEM_VAGA,0
2026-09-14T20:42:53,UROLOGIA,SEM_VAGA,0
2026-09-14T20:48:01,ACUPUNTURA,SEM_VAGA,0
2026-09-14T20:48:05,CIRURGIA PLÁSTICA,SEM_VAGA,0
2026-09-14T20:48:07,FISIOTERAPIA MEMBROS INFERIORES,SEM_VAGA,0
2026-09-14T20:48:11,FISIOTERAPIA MEMBROS INFERIORES,SEM_VAGA,0
2026-09-14T20:48:14,GASTROCLÍNICA,SEM_VAGA,0
2026-09-14T20:48:17,GINECOLOGIA-OBSTETRÍCIA,SEM_VAGA,0
2026-09-14T20:48:21,NUTRIÇÃO - DIETÉTICA,SEM_VAGA,0
2026-09-14T20:48:24,UROLOGIA,SEM_VAGA,0
2026-09-14T20:53:32,ACUPUNTURA,SEM_VAGA,0
2026-09-14T20:53:35,CIRURGIA PLÁSTICA,SEM_VAGA,0
2026-09-14T20:53:39,FISIOTERAPIA MEMBROS INFERIORES,SEM_VAGA,0
2026-09-14T20:53:41,FISIOTERAPIA MEMBROS INFERIORES,SEM_VAGA,0
2026-09-14T20:53:45,GASTROCLÍNICA,SEM_VAGA,0
2026-09-14T20:53:48,GINECOLOGIA-OBSTETRÍCIA,SEM_VAGA,0
2026-09-14T20:53:51,NUTRIÇÃO - DIETÉTICA,SEM_VAGA,0
2026-09-14T20:53:54,UROLOGIA,SEM_VAGA,0
2026-09-14T20:59:03,ACUPUNTURA,SEM_VAGA,0
2026-09-14T20:59:06,CIRURGIA PLÁSTICA,SEM_VAGA,0
2026-09-14T20:59:11,FISIOTERAPIA MEMBROS INFERIORES,SEM_VAGA,0
2026-09-14T20:59:15,FISIOTERAPIA MEMBROS INFERIORES,SEM_VAGA,0
2026-09-14T20:59:18,GASTROCLÍNICA,SEM_VAGA,0
2026-09-14T20:59:21,GINECOLOGIA-OBSTETRÍCIA,SEM_VAGA,0
2026-09-14T20:59:24,NUTRIÇÃO - DIETÉTICA,SEM_VAGA,0
2026-09-14T20:59:27,UROLOGIA,SEM_VAGA,0
2026-09-14T21:04:37,ACUPUNTURA,SEM_VAGA,0
2026-09-14T21:04:41,CIRURGIA PLÁSTICA,SEM_VAGA,0
2026-09-14T21:04:44,FISIOTERAPIA MEMBROS INFERIORES,SEM_VAGA,0
2026-09-14T21:04:48,FISIOTERAPIA MEMBROS INFERIORES,SEM_VAGA,0
2026-09-14T21:04:51,GASTROCLÍNICA,SEM_VAGA,0
2026-09-14T21:04:54,GINECOLOGIA-OBSTETRÍCIA,SEM_VAGA,0
2026-09-14T21:04:58,NUTRIÇÃO - DIETÉTICA,SEM_VAGA,0
2026-09-14T21:05:02,UROLOGIA,SEM_VAGA,0
2026-09-14T21:10:10,ACUPUNTURA,SEM_VAGA,0
2026-09-14T21:10:13,CIRURGIA PLÁSTICA,SEM_VAGA,0
2026-09-14T21:10:16,FISIOTERAPIA MEMBROS INFERIORES,SEM_VAGA,0
2026-09-14T21:10:20,FISIOTERAPIA MEMBROS INFERIORES,SEM_VAGA,0
2026-09-14T21:10:23,GASTROCLÍNICA,SEM_VAGA,0
2026-09-14T21:10:26,GINECOLOGIA-OBSTETRÍCIA,SEM_VAGA,0
2026-09-14T21:10:29,NUTRIÇÃO - DIETÉTICA,SEM_VAGA,0
2026-09-14T21:10:32,UROLOGIA,SEM_VAGA,0
2026-09-14T21:15:41,ACUPUNTURA,SEM_VAGA,0
2026-09-14T21:15:44,CIRURGIA PLÁSTICA,SEM_VAGA,0
2026-09-14T21:15:47,FISIOTERAPIA MEMBROS INFERIORES,SEM_VAGA,0
2026-09-14T21:15:51,FISIOTERAPIA MEMBROS INFERIORES,SEM_VAGA,0
2026-09-14T21:15:54,GASTROCLÍNICA,SEM_VAGA,0
2026-09-14T21:15:57,GINECOLOGIA-OBSTETRÍCIA,SEM_VAGA,0
2026-09-14T21:16:01,NUTRIÇÃO - DIETÉTICA,SEM_VAGA,0
2026-09-14T21:16:04,UROLOGIA,SEM_VAGA,0
2026-09-14T21:18:15,ACUPUNTURA,SEM_VAGA,0
2026-09-14T21:18:18,CIRURGIA PLÁSTICA,SEM_VAGA,0
2026-09-14T21:18:21,FISIOTERAPIA MEMBROS INFERIORES,SEM_VAGA,0
2026-09-14T21:18:24,FISIOTERAPIA MEMBROS INFERIORES,SEM_VAGA,0
2026-09-14T21:18:28,GASTROCLÍNICA,SEM_VAGA,0
2026-09-14T21:18:31,GINECOLOGIA-OBSTETRÍCIA,SEM_VAGA,0
2026-09-14T21:18:34,NUTRIÇÃO - DIETÉTICA,SEM_VAGA,0
2026-09-14T21:18:37,UROLOGIA,SEM_VAGA,0
2026-09-14T21:23:45,ACUPUNTURA,SEM_VAGA,0
2026-09-14T21:31:11,ACUPUNTURA,SEM_VAGA,0
2026-09-14T21:31:14,CIRURGIA PLÁSTICA,SEM_VAGA,0
2026-09-14T21:31:18,FISIOTERAPIA MEMBROS INFERIORES,SEM_VAGA,0
2026-09-14T21:31:21,FISIOTERAPIA MEMBROS INFERIORES,SEM_VAGA,0
2026-09-14T21:31:24,GASTROCLÍNICA,SEM_VAGA,0
2026-09-14T21:31:27,GINECOLOGIA-OBSTETRÍCIA,SEM_VAGA,0
2026-09-14T21:31:31,NUTRIÇÃO - DIETÉTICA,SEM_VAGA,0
2026-09-14T21:31:34,UROLOGIA,SEM_VAGA,0
2026-09-14T21:36:42,ACUPUNTURA,SEM_VAGA,0
2026-09-14T21:36:45,CIRURGIA PLÁSTICA,SEM_VAGA,0
2026-09-14T21:36:49,FISIOTERAPIA MEMBROS INFERIORES,SEM_VAGA,0
2026-09-14T21:36:52,FISIOTERAPIA MEMBROS INFERIORES,SEM_VAGA,0
2026-09-14T21:36:55,GASTROCLÍNICA,SEM_VAGA,0
2026-09-14T21:36:58,GINECOLOGIA-OBSTETRÍCIA,SEM_VAGA,0
2026-09-14T21:37:02,NUTRIÇÃO - DIETÉTICA,SEM_VAGA,0
2026-09-14T21:37:05,UROLOGIA,SEM_VAGA,0
2026-09-14T21:42:14,ACUPUNTURA,SEM_VAGA,0
2026-09-14T21:42:17,CIRURGIA PLÁSTICA,SEM_VAGA,0
2026-09-14T21:42:20,FISIOTERAPIA MEMBROS INFERIORES,SEM_VAGA,0
2026-09-14T21:42:23,FISIOTERAPIA MEMBROS INFERIORES,SEM_VAGA,0
2026-09-14T21:42:26,GASTROCLÍNICA,SEM_VAGA,0
2026-09-14T21:42:29,GINECOLOGIA-OBSTETRÍCIA,SEM_VAGA,0
2026-09-14T21:42:33,NUTRIÇÃO - DIETÉTICA,SEM_VAGA,0
2026-09-14T21:42:37,UROLOGIA,SEM_VAGA,0
2026-09-14T21:47:45,ACUPUNTURA,SEM_VAGA,0
2026-09-14T21:47:49,CIRURGIA PLÁSTICA,SEM_VAGA,0
2026-09-14T21:47:52,FISIOTERAPIA MEMBROS INFERIORES,SEM_VAGA,0
2026-09-14T21:47:55,FISIOTERAPIA MEMBROS INFERIORES,SEM_VAGA,0
2026-09-14T21:47:58,GASTROCLÍNICA,SEM_VAGA,0
2026-09-14T21:48:02,GINECOLOGIA-OBSTETRÍCIA,SEM_VAGA,0
2026-09-14T21:48:05,NUTRIÇÃO - DIETÉTICA,SEM_VAGA,0
2026-09-14T21:48:08,UROLOGIA,SEM_VAGA,0
2026-09-14T21:53:17,ACUPUNTURA,SEM_VAGA,0
2026-09-14T21:53:20,CIRURGIA PLÁSTICA,SEM_VAGA,0
2026-09-14T21:53:23,FISIOTERAPIA MEMBROS INFERIORES,SEM_VAGA,0
2026-09-14T21:53:26,FISIOTERAPIA MEMBROS INFERIORES,SEM_VAGA,0
2026-09-14T21:53:29,GASTROCLÍNICA,SEM_VAGA,0
2026-09-14T21:53:33,GINECOLOGIA-OBSTETRÍCIA,SEM_VAGA,0
2026-09-14T21:53:36,NUTRIÇÃO - DIETÉTICA,SEM_VAGA,0
2026-09-14T21:53:39,UROLOGIA,SEM_VAGA,0
2026-09-14T21:58:47,ACUPUNTURA,SEM_VAGA,0
2026-09-14T21:58:50,CIRURGIA PLÁSTICA,SEM_VAGA,0
2026-09-14T21:58:53,FISIOTERAPIA MEMBROS INFERIORES,SEM_VAGA,0
2026-09-14T21:58:57,FISIOTERAPIA MEMBROS INFERIORES,SEM_VAGA,0
2026-09-14T21:59:00,GASTROCLÍNICA,SEM_VAGA,0
2026-09-14T21:59:03,GINECOLOGIA-OBSTETRÍCIA,SEM_VAGA,0
2026-09-14T21:59:06,NUTRIÇÃO - DIETÉTICA,SEM_VAGA,0
2026-09-14T21:59:09,UROLOGIA,SEM_VAGA,0
2026-09-14T22:04:18,ACUPUNTURA,SEM_VAGA,0
2026-09-14T22:04:21,CIRURGIA PLÁSTICA,SEM_VAGA,0
2026-09-14T22:04:25,FISIOTERAPIA MEMBROS INFERIORES,SEM_VAGA,0
2026-09-14T22:04:30,FISIOTERAPIA MEMBROS INFERIORES,SEM_VAGA,0
2026-09-14T22:04:34,GASTROCLÍNICA,SEM_VAGA,0
2026-09-14T22:04:38,GINECOLOGIA-OBSTETRÍCIA,SEM_VAGA,0
2026-09-14T22:04:42,NUTRIÇÃO - DIETÉTICA,SEM_VAGA,0
2026-09-14T22:04:45,UROLOGIA,SEM_VAGA,0
2026-09-14T22:09:54,ACUPUNTURA,SEM_VAGA,0
2026-09-14T22:09:57,CIRURGIA PLÁSTICA,SEM_VAGA,0
2026-09-14T22:10:00,FISIOTERAPIA MEMBROS INFERIORES,SEM_VAGA,0
2026-09-14T22:10:04,FISIOTERAPIA MEMBROS INFERIORES,SEM_VAGA,0
2026-09-14T22:10:07,GASTROCLÍNICA,SEM_VAGA,0
2026-09-14T22:10:10,GINECOLOGIA-OBSTETRÍCIA,SEM_VAGA,0
2026-09-14T22:10:13,NUTRIÇÃO - DIETÉTICA,SEM_VAGA,0
2026-09-14T22:10:17,UROLOGIA,SEM_VAGA,0
2026-09-14T22:15:25,ACUPUNTURA,SEM_VAGA,0
2026-09-14T22:15:28,CIRURGIA PLÁSTICA,SEM_VAGA,0
2026-09-14T22:15:31,FISIOTERAPIA MEMBROS INFERIORES,SEM_VAGA,0
2026-09-14T22:15:34,FISIOTERAPIA MEMBROS INFERIORES,SEM_VAGA,0
2026-09-14T22:15:37,GASTROCLÍNICA,SEM_VAGA,0
2026-09-14T22:15:40,GINECOLOGIA-OBSTETRÍCIA,SEM_VAGA,0
2026-09-14T22:15:44,NUTRIÇÃO - DIETÉTICA,SEM_VAGA,0
2026-09-14T22:15:47,UROLOGIA,SEM_VAGA,0
2026-09-14T22:20:55,ACUPUNTURA,SEM_VAGA,0
2026-09-14T22:20:58,CIRURGIA PLÁSTICA,SEM_VAGA,0
2026-09-14T22:21:02,FISIOTERAPIA MEMBROS INFERIORES,SEM_VAGA,0
2026-09-14T22:21:05,FISIOTERAPIA MEMBROS INFERIORES,SEM_VAGA,0
2026-09-14T22:21:08,GASTROCLÍNICA,SEM_VAGA,0
2026-09-14T22:21:11,GINECOLOGIA-OBSTETRÍCIA,SEM_VAGA,0
2026-09-14T22:21:15,NUTRIÇÃO - DIETÉTICA,SEM_VAGA,0
2026-09-14T22:21:18,UROLOGIA,SEM_VAGA,0
2026-09-14T22:26:26,ACUPUNTURA,SEM_VAGA,0
2026-09-14T22:26:29,CIRURGIA PLÁSTICA,SEM_VAGA,0
2026-09-14T22:26:32,FISIOTERAPIA MEMBROS INFERIORES,SEM_VAGA,0
2026-09-14T22:26:36,FISIOTERAPIA MEMBROS INFERIORES,SEM_VAGA,0
2026-09-14T22:26:39,GASTROCLÍNICA,SEM_VAGA,0
2026-09-14T22:26:42,GINECOLOGIA-OBSTETRÍCIA,SEM_VAGA,0
2026-09-14T22:26:45,NUTRIÇÃO - DIETÉTICA,SEM_VAGA,0
2026-09-14T22:26:48,UROLOGIA,SEM_VAGA,0
2026-09-14T22:31:57,ACUPUNTURA,SEM_VAGA,0
2026-09-14T22:32:00,CIRURGIA PLÁSTICA,SEM_VAGA,0
2026-09-14T22:32:03,FISIOTERAPIA MEMBROS INFERIORES,SEM_VAGA,0
2026-09-14T22:32:07,FISIOTERAPIA MEMBROS INFERIORES,SEM_VAGA,0
2026-09-14T22:32:10,GASTROCLÍNICA,SEM_VAGA,0
2026-09-14T22:32:13,GINECOLOGIA-OBSTETRÍCIA,SEM_VAGA,0
2026-09-14T22:32:16,NUTRIÇÃO - DIETÉTICA,SEM_VAGA,0
2026-09-14T22:32:19,UROLOGIA,SEM_VAGA,0
2026-09-14T22:37:28,ACUPUNTURA,SEM_VAGA,0
2026-09-14T22:37:31,CIRURGIA PLÁSTICA,SEM_VAGA,0
2026-09-14T22:37:34,FISIOTERAPIA MEMBROS INFERIORES,SEM_VAGA,0
2026-09-14T22:37:38,FISIOTERAPIA MEMBROS INFERIORES,SEM_VAGA,0
2026-09-14T22:37:41,GASTROCLÍNICA,SEM_VAGA,0
2026-09-14T22:37:44,GINECOLOGIA-OBSTETRÍCIA,SEM_VAGA,0
2026-09-14T22:37:47,NUTRIÇÃO - DIETÉTICA,SEM_VAGA,0
2026-09-14T22:37:51,UROLOGIA,SEM_VAGA,0
2026-09-14T22:42:59,ACUPUNTURA,SEM_VAGA,0
2026-09-14T22:43:02,CIRURGIA PLÁSTICA,SEM_VAGA,0
2026-09-14T22:43:05,FISIOTERAPIA MEMBROS INFERIORES,SEM_VAGA,0
2026-09-14T22:43:08,FISIOTERAPIA MEMBROS INFERIORES,SEM_VAGA,0
2026-09-14T22:43:12,GASTROCLÍNICA,SEM_VAGA,0
2026-09-14T22:43:15,GINECOLOGIA-OBSTETRÍCIA,SEM_VAGA,0
2026-09-14T22:43:18,NUTRIÇÃO - DIETÉTICA,SEM_VAGA,0
2026-09-14T22:43:21,UROLOGIA,SEM_VAGA,0
2026-09-14T22:48:29,ACUPUNTURA,SEM_VAGA,0
2026-09-14T22:48:32,CIRURGIA PLÁSTICA,SEM_VAGA,0
2026-09-14T22:48:35,FISIOTERAPIA MEMBROS INFERIORES,SEM_VAGA,0
2026-09-14T22:48:39,FISIOTERAPIA MEMBROS INFERIORES,SEM_VAGA,0
2026-09-14T22:48:42,GASTROCLÍNICA,SEM_VAGA,0
2026-09-14T22:48:45,GINECOLOGIA-OBSTETRÍCIA,SEM_VAGA,0
2026-09-14T22:48:48,NUTRIÇÃO - DIETÉTICA,SEM_VAGA,0
2026-09-14T22:48:52,UROLOGIA,SEM_VAGA,0
2026-09-14T22:54:00,ACUPUNTURA,SEM_VAGA,0
2026-09-14T22:54:04,CIRURGIA PLÁSTICA,SEM_VAGA,0
2026-09-14T22:54:07,FISIOTERAPIA MEMBROS INFERIORES,SEM_VAGA,0
2026-09-14T22:54:10,FISIOTERAPIA MEMBROS INFERIORES,SEM_VAGA,0
2026-09-14T22:54:13,GASTROCLÍNICA,SEM_VAGA,0
2026-09-14T22:54:17,GINECOLOGIA-OBSTETRÍCIA,SEM_VAGA,0
2026-09-14T22:54:20,NUTRIÇÃO - DIETÉTICA,SEM_VAGA,0
2026-09-14T22:54:23,UROLOGIA,SEM_VAGA,0
2026-09-14T22:59:31,ACUPUNTURA,SEM_VAGA,0
2026-09-14T22:59:35,CIRURGIA PLÁSTICA,SEM_VAGA,0
2026-09-14T22:59:38,FISIOTERAPIA MEMBROS INFERIORES,SEM_VAGA,0
2026-09-14T22:59:41,FISIOTERAPIA MEMBROS INFERIORES,SEM_VAGA,0
2026-09-14T22:59:44,GASTROCLÍNICA,SEM_VAGA,0
2026-09-14T22:59:47,GINECOLOGIA-OBSTETRÍCIA,SEM_VAGA,0
2026-09-14T22:59:50,NUTRIÇÃO - DIETÉTICA,SEM_VAGA,0
2026-09-14T22:59:53,UROLOGIA,SEM_VAGA,0
2026-09-14T23:05:03,ACUPUNTURA,SEM_VAGA,0
2026-09-14T23:05:06,CIRURGIA PLÁSTICA,SEM_VAGA,0
2026-09-14T23:05:09,FISIOTERAPIA MEMBROS INFERIORES,SEM_VAGA,0
2026-09-14T23:05:12,FISIOTERAPIA MEMBROS INFERIORES,SEM_VAGA,0
2026-09-14T23:05:15,GASTROCLÍNICA,SEM_VAGA,0
2026-09-14T23:05:19,GINECOLOGIA-OBSTETRÍCIA,SEM_VAGA,0
2026-09-14T23:05:22,NUTRIÇÃO - DIETÉTICA,SEM_VAGA,0
2026-09-14T23:05:25,UROLOGIA,SEM_VAGA,0
2026-09-14T23:10:33,ACUPUNTURA,SEM_VAGA,0
2026-09-14T23:10:37,CIRURGIA PLÁSTICA,SEM_VAGA,0
2026-09-14T23:10:40,FISIOTERAPIA MEMBROS INFERIORES,SEM_VAGA,0
2026-09-14T23:10:43,FISIOTERAPIA MEMBROS INFERIORES,SEM_VAGA,0
2026-09-14T23:10:46,GASTROCLÍNICA,SEM_VAGA,0
2026-09-14T23:10:50,GINECOLOGIA-OBSTETRÍCIA,SEM_VAGA,0
2026-09-14T23:10:53,NUTRIÇÃO - DIETÉTICA,SEM_VAGA,0
2026-09-14T23:10:56,UROLOGIA,SEM_VAGA,0
2026-09-14T23:16:05,ACUPUNTURA,SEM_VAGA,0
2026-09-14T23:16:08,CIRURGIA PLÁSTICA,SEM_VAGA,0
2026-09-14T23:16:11,FISIOTERAPIA MEMBROS INFERIORES,SEM_VAGA,0
2026-09-14T23:16:15,FISIOTERAPIA MEMBROS INFERIORES,SEM_VAGA,0
2026-09-14T23:16:18,GASTROCLÍNICA,SEM_VAGA,0
2026-09-14T23:16:21,GINECOLOGIA-OBSTETRÍCIA,SEM_VAGA,0
2026-09-14T23:16:24,NUTRIÇÃO - DIETÉTICA,SEM_VAGA,0
2026-09-14T23:16:28,UROLOGIA,SEM_VAGA,0
2026-09-14T23:21:36,ACUPUNTURA,SEM_VAGA,0
2026-09-14T23:21:39,CIRURGIA PLÁSTICA,SEM_VAGA,0
2026-09-14T23:21:42,FISIOTERAPIA MEMBROS INFERIORES,SEM_VAGA,0
2026-09-14T23:21:45,FISIOTERAPIA MEMBROS INFERIORES,SEM_VAGA,0
2026-09-14T23:21:48,GASTROCLÍNICA,SEM_VAGA,0
2026-09-14T23:21:51,GINECOLOGIA-OBSTETRÍCIA,SEM_VAGA,0
2026-09-14T23:21:54,NUTRIÇÃO - DIETÉTICA,SEM_VAGA,0
2026-09-14T23:21:57,UROLOGIA,SEM_VAGA,0
2026-09-14T23:27:06,ACUPUNTURA,SEM_VAGA,0
2026-09-14T23:27:09,CIRURGIA PLÁSTICA,SEM_VAGA,0
2026-09-14T23:27:13,FISIOTERAPIA MEMBROS INFERIORES,SEM_VAGA,0
2026-09-14T23:27:16,FISIOTERAPIA MEMBROS INFERIORES,SEM_VAGA,0
2026-09-14T23:27:19,GASTROCLÍNICA,SEM_VAGA,0
2026-09-14T23:27:22,GINECOLOGIA-OBSTETRÍCIA,SEM_VAGA,0
2026-09-14T23:27:25,NUTRIÇÃO - DIETÉTICA,SEM_VAGA,0
2026-09-14T23:27:28,UROLOGIA,SEM_VAGA,0
2026-09-14T23:32:37,ACUPUNTURA,SEM_VAGA,0
2026-09-14T23:32:40,CIRURGIA PLÁSTICA,SEM_VAGA,0
2026-09-14T23:32:43,FISIOTERAPIA MEMBROS INFERIORES,SEM_VAGA,0
2026-09-14T23:32:47,FISIOTERAPIA MEMBROS INFERIORES,SEM_VAGA,0
2026-09-14T23:32:50,GASTROCLÍNICA,SEM_VAGA,0
2026-09-14T23:32:53,GINECOLOGIA-OBSTETRÍCIA,SEM_VAGA,0
2026-09-14T23:32:56,NUTRIÇÃO - DIETÉTICA,SEM_VAGA,0
2026-09-14T23:32:59,UROLOGIA,SEM_VAGA,0
2026-09-14T23:38:07,ACUPUNTURA,SEM_VAGA,0
2026-09-14T23:38:11,CIRURGIA PLÁSTICA,SEM_VAGA,0
2026-09-14T23:38:14,FISIOTERAPIA MEMBROS INFERIORES,SEM_VAGA,0
2026-09-14T23:38:17,FISIOTERAPIA MEMBROS INFERIORES,SEM_VAGA,0
2026-09-14T23:38:20,GASTROCLÍNICA,SEM_VAGA,0
2026-09-14T23:38:23,GINECOLOGIA-OBSTETRÍCIA,SEM_VAGA,0
2026-09-14T23:38:27,NUTRIÇÃO - DIETÉTICA,SEM_VAGA,0
2026-09-14T23:38:30,UROLOGIA,SEM_VAGA,0
2026-09-14T23:43:38,ACUPUNTURA,SEM_VAGA,0
2026-09-14T23:43:41,CIRURGIA PLÁSTICA,SEM_VAGA,0
2026-09-14T23:43:45,FISIOTERAPIA MEMBROS INFERIORES,SEM_VAGA,0
2026-09-14T23:43:48,FISIOTERAPIA MEMBROS INFERIORES,SEM_VAGA,0
2026-09-14T23:43:51,GASTROCLÍNICA,SEM_VAGA,0
2026-09-14T23:43:54,GINECOLOGIA-OBSTETRÍCIA,SEM_VAGA,0
2026-09-14T23:43:57,NUTRIÇÃO - DIETÉTICA,SEM_VAGA,0
2026-09-14T23:44:04,UROLOGIA,VAGA_ENCONTRADA,
2026-09-14T23:49:16,ACUPUNTURA,SEM_VAGA,0
2026-09-14T23:49:19,CIRURGIA PLÁSTICA,SEM_VAGA,0
2026-09-14T23:49:24,FISIOTERAPIA MEMBROS INFERIORES,SEM_VAGA,0
2026-09-14T23:49:28,FISIOTERAPIA MEMBROS INFERIORES,SEM_VAGA,0
2026-09-14T23:49:33,GASTROCLÍNICA,SEM_VAGA,0
2026-09-14T23:49:39,GINECOLOGIA-OBSTETRÍCIA,SEM_VAGA,0
2026-09-14T23:49:44,NUTRIÇÃO - DIETÉTICA,SEM_VAGA,0
2026-09-14T23:49:51,UROLOGIA,VAGA_ENCONTRADA,
2026-09-14T23:55:03,ACUPUNTURA,SEM_VAGA,0
2026-09-14T23:55:07,CIRURGIA PLÁSTICA,SEM_VAGA,0
2026-09-14T23:55:10,FISIOTERAPIA MEMBROS INFERIORES,SEM_VAGA,0
2026-09-14T23:55:13,FISIOTERAPIA MEMBROS INFERIORES,SEM_VAGA,0
2026-09-14T23:55:16,GASTROCLÍNICA,SEM_VAGA,0
2026-09-14T23:55:19,GINECOLOGIA-OBSTETRÍCIA,SEM_VAGA,0
2026-09-14T23:55:22,NUTRIÇÃO - DIETÉTICA,SEM_VAGA,0
2026-09-14T23:55:29,UROLOGIA,VAGA_ENCONTRADA,
2026-09-15T00:00:40,ACUPUNTURA,SEM_VAGA,0
2026-09-15T00:00:43,CIRURGIA PLÁSTICA,SEM_VAGA,0
2026-09-15T00:00:46,FISIOTERAPIA MEMBROS INFERIORES,SEM_VAGA,0
2026-09-15T00:00:50,FISIOTERAPIA MEMBROS INFERIORES,SEM_VAGA,0
2026-09-15T00:00:53,GASTROCLÍNICA,SEM_VAGA,0
2026-09-15T00:00:57,GINECOLOGIA-OBSTETRÍCIA,SEM_VAGA,0
2026-09-15T00:01:00,NUTRIÇÃO - DIETÉTICA,SEM_VAGA,0
2026-09-15T00:01:07,UROLOGIA,VAGA_ENCONTRADA,
2026-09-15T00:06:18,ACUPUNTURA,SEM_VAGA,0
2026-09-15T00:06:21,CIRURGIA PLÁSTICA,SEM_VAGA,0
2026-09-15T00:06:25,FISIOTERAPIA MEMBROS INFERIORES,SEM_VAGA,0
2026-09-15T00:06:28,FISIOTERAPIA MEMBROS INFERIORES,SEM_VAGA,0
2026-09-15T00:06:31,GASTROCLÍNICA,SEM_VAGA,0
2026-09-15T00:06:34,GINECOLOGIA-OBSTETRÍCIA,SEM_VAGA,0
2026-09-15T00:06:37,NUTRIÇÃO - DIETÉTICA,SEM_VAGA,0
2026-09-15T00:06:45,UROLOGIA,VAGA_ENCONTRADA,
2026-09-15T00:11:56,ACUPUNTURA,SEM_VAGA,0
2026-09-15T00:11:59,CIRURGIA PLÁSTICA,SEM_VAGA,0
2026-09-15T00:12:02,FISIOTERAPIA MEMBROS INFERIORES,SEM_VAGA,0
2026-09-15T00:12:05,FISIOTERAPIA MEMBROS INFERIORES,SEM_VAGA,0
2026-09-15T00:12:09,GASTROCLÍNICA,SEM_VAGA,0
2026-09-15T00:12:12,GINECOLOGIA-OBSTETRÍCIA,SEM_VAGA,0
2026-09-15T00:12:15,NUTRIÇÃO - DIETÉTICA,SEM_VAGA,0
2026-09-15T00:12:22,UROLOGIA,VAGA_ENCONTRADA,
2026-09-15T00:17:34,ACUPUNTURA,SEM_VAGA,0
2026-09-15T00:17:37,CIRURGIA PLÁSTICA,SEM_VAGA,0
2026-09-15T00:17:40,FISIOTERAPIA MEMBROS INFERIORES,SEM_VAGA,0
2026-09-15T00:17:44,FISIOTERAPIA MEMBROS INFERIORES,SEM_VAGA,0
2026-09-15T00:17:47,GASTROCLÍNICA,SEM_VAGA,0
2026-09-15T00:17:50,GINECOLOGIA-OBSTETRÍCIA,SEM_VAGA,0
2026-09-15T00:17:54,NUTRIÇÃO - DIETÉTICA,SEM_VAGA,0
2026-09-15T00:18:01,UROLOGIA,VAGA_ENCONTRADA,
2026-09-15T00:23:11,ACUPUNTURA,SEM_VAGA,0
2026-09-15T00:23:15,CIRURGIA PLÁSTICA,SEM_VAGA,0
2026-09-15T00:23:17,FISIOTERAPIA MEMBROS INFERIORES,SEM_VAGA,0
2026-09-15T00:23:23,FISIOTERAPIA MEMBROS INFERIORES,SEM_VAGA,0
2026-09-15T00:23:28,GASTROCLÍNICA,SEM_VAGA,0
2026-09-15T00:23:32,GINECOLOGIA-OBSTETRÍCIA,SEM_VAGA,0
2026-09-15T00:23:36,NUTRIÇÃO - DIETÉTICA,SEM_VAGA,0
2026-09-15T00:23:43,UROLOGIA,VAGA_ENCONTRADA,
2026-09-15T00:28:54,ACUPUNTURA,SEM_VAGA,0
2026-09-15T00:28:57,CIRURGIA PLÁSTICA,SEM_VAGA,0
2026-09-15T00:29:00,FISIOTERAPIA MEMBROS INFERIORES,SEM_VAGA,0
2026-09-15T00:29:03,FISIOTERAPIA MEMBROS INFERIORES,SEM_VAGA,0
2026-09-15T00:29:06,GASTROCLÍNICA,SEM_VAGA,0
2026-09-15T00:29:10,GINECOLOGIA-OBSTETRÍCIA,SEM_VAGA,0
2026-09-15T00:29:13,NUTRIÇÃO - DIETÉTICA,SEM_VAGA,0
2026-09-15T00:29:17,UROLOGIA,SEM_VAGA,0
2026-09-15T00:34:25,ACUPUNTURA,SEM_VAGA,0
2026-09-15T00:34:28,CIRURGIA PLÁSTICA,SEM_VAGA,0
2026-09-15T00:34:31,FISIOTERAPIA MEMBROS INFERIORES,SEM_VAGA,0
2026-09-15T00:34:35,FISIOTERAPIA MEMBROS INFERIORES,SEM_VAGA,0
2026-09-15T00:34:38,GASTROCLÍNICA,SEM_VAGA,0
2026-09-15T00:34:42,GINECOLOGIA-OBSTETRÍCIA,SEM_VAGA,0
2026-09-15T00:34:46,NUTRIÇÃO - DIETÉTICA,SEM_VAGA,0
2026-09-15T00:34:49,UROLOGIA,SEM_VAGA,0
2026-09-15T11:33:31,ACUPUNTURA,SEM_VAGA,0
2026-09-15T11:33:35,ALERGIA E IMUNOLOGIA - TELECONSULTA,SEM_VAGA,0
2026-09-15T11:33:45,CIRURGIA CABEÇA E PESCOÇO,SEM_VAGA,0
2026-09-15T11:33:52,CIRURGIA DA MÃO,VAGA_ENCONTRADA,
2026-09-15T11:33:58,CIRURGIA PLÁSTICA,SEM_VAGA,0
2026-09-15T11:34:01,CIRURGIA VASCULAR,SEM_VAGA,0
2026-09-15T11:34:05,CLÍNICA MÉDICA,SEM_VAGA,0
2026-09-15T11:34:16,DERMATOLOGIA,SEM_VAGA,0
2026-09-15T11:34:20,DERMATOLOGIA - TRIAGEM,SEM_VAGA,0
2026-09-15T11:34:24,DERMATOLOGIA - TRICOLOGIA,SEM_VAGA,0
2026-09-15T11:34:34,FISIOTERAPIA COLUNA CERVICAL,SEM_VAGA,0
2026-09-15T11:34:37,FISIOTERAPIA COLUNA LOMBAR,SEM_VAGA,0
2026-09-15T11:34:40,FISIOTERAPIA MEMBROS INFERIORES,SEM_VAGA,0
2026-09-15T11:34:43,FISIOTERAPIA MEMBROS INFERIORES,SEM_VAGA,0
2026-09-15T11:34:46,GASTROCIRURGIA,SEM_VAGA,0
2026-09-15T11:34:49,GASTROCLÍNICA,SEM_VAGA,0
2026-09-15T11:35:01,GINECOLOGIA-OBSTETRÍCIA,SEM_VAGA,0
2026-09-15T11:35:08,GINECOLOGIA-OBSTETRÍCIA - PRE NATAL (GESTANTE),VAGA_ENCONTRADA,
2026-09-15T11:35:19,INFECTOLOGIA,VAGA_ENCONTRADA,
2026-09-15T11:35:26,NEFROLOGIA,SEM_VAGA,0
2026-09-15T11:35:29,NEUROLOGIA,SEM_VAGA,0
2026-09-15T11:35:32,NUTRIÇÃO - DIETÉTICA,SEM_VAGA,0
2026-09-15T11:35:35,ODONTOLOGIA - ACUPUNTURA,SEM_VAGA,0
2026-09-15T11:35:39,ODONTOLOGIA - ATM,SEM_VAGA,0
2026-09-15T11:35:46,ODONTOLOGIA - DENTÍSTICA,VAGA_ENCONTRADA,
2026-09-15T11:35:52,ODONTOLOGIA - ENDODONTIA,SEM_VAGA,0
2026-09-15T11:35:59,ODONTOLOGIA - PERIODONTIA,VAGA_ENCONTRADA,
2026-09-15T11:36:07,OFTALMOLOGIA,SEM_VAGA,0
2026-09-15T11:36:11,OFTALMOLOGIA - FUNDO DE OLHO,SEM_VAGA,0
2026-09-15T11:36:15,OFTALMOLOGIA - GLAUCOMA,SEM_VAGA,0
2026-09-15T11:36:19,ORTOPEDIA,SEM_VAGA,0
2026-09-15T11:36:22,OTORRINOLARINGOLOGIA,SEM_VAGA,0
2026-09-15T11:36:29,PNEUMOLOGIA,VAGA_ENCONTRADA,
2026-09-15T11:36:35,PROCTOLOGIA,SEM_VAGA,0
2026-09-15T11:36:46,REUMATOLOGIA,SEM_VAGA,0
2026-09-15T11:36:49,UROLOGIA,SEM_VAGA,0
2026-09-15T11:41:58,ACUPUNTURA,SEM_VAGA,0
2026-09-15T11:42:01,ALERGIA E IMUNOLOGIA - TELECONSULTA,SEM_VAGA,0
2026-09-15T11:42:11,CIRURGIA CABEÇA E PESCOÇO,SEM_VAGA,0
2026-09-15T11:42:18,CIRURGIA DA MÃO,VAGA_ENCONTRADA,
2026-09-15T11:42:25,CIRURGIA PLÁSTICA,SEM_VAGA,0
2026-09-15T11:42:28,CIRURGIA VASCULAR,SEM_VAGA,0
2026-09-15T11:42:31,CLÍNICA MÉDICA,SEM_VAGA,0
2026-09-15T11:42:41,DERMATOLOGIA,SEM_VAGA,0
2026-09-15T11:42:44,DERMATOLOGIA - TRIAGEM,SEM_VAGA,0
2026-09-15T11:42:47,DERMATOLOGIA - TRICOLOGIA,SEM_VAGA,0
2026-09-15T11:42:57,FISIOTERAPIA COLUNA CERVICAL,SEM_VAGA,0
2026-09-15T11:43:00,FISIOTERAPIA COLUNA LOMBAR,SEM_VAGA,0
2026-09-15T11:43:04,FISIOTERAPIA MEMBROS INFERIORES,SEM_VAGA,0
2026-09-15T11:43:07,FISIOTERAPIA MEMBROS INFERIORES,SEM_VAGA,0
2026-09-15T11:43:10,GASTROCIRURGIA,SEM_VAGA,0
2026-09-15T11:43:13,GASTROCLÍNICA,SEM_VAGA,0
2026-09-15T11:43:23,GINECOLOGIA-OBSTETRÍCIA,SEM_VAGA,0
2026-09-15T11:43:30,GINECOLOGIA-OBSTETRÍCIA - PRE NATAL (GESTANTE),VAGA_ENCONTRADA,
2026-09-15T11:43:39,INFECTOLOGIA,VAGA_ENCONTRADA,
2026-09-15T11:43:46,NEFROLOGIA,SEM_VAGA,0
2026-09-15T11:43:49,NEUROLOGIA,SEM_VAGA,0
2026-09-15T11:43:52,NUTRIÇÃO - DIETÉTICA,SEM_VAGA,0
2026-09-15T11:43:55,ODONTOLOGIA - ACUPUNTURA,SEM_VAGA,0
2026-09-15T11:43:59,ODONTOLOGIA - ATM,SEM_VAGA,0
2026-09-15T11:44:06,ODONTOLOGIA - DENTÍSTICA,VAGA_ENCONTRADA,
2026-09-15T11:44:12,ODONTOLOGIA - ENDODONTIA,SEM_VAGA,0
2026-09-15T11:44:19,ODONTOLOGIA - PERIODONTIA,VAGA_ENCONTRADA,
2026-09-15T11:44:25,OFTALMOLOGIA,SEM_VAGA,0
2026-09-15T11:44:28,OFTALMOLOGIA - FUNDO DE OLHO,SEM_VAGA,0
2026-09-15T11:44:31,OFTALMOLOGIA - GLAUCOMA,SEM_VAGA,0
2026-09-15T11:44:34,ORTOPEDIA,SEM_VAGA,0
2026-09-15T11:44:38,OTORRINOLARINGOLOGIA,SEM_VAGA,0
2026-09-15T11:44:44,PNEUMOLOGIA,VAGA_ENCONTRADA,
2026-09-15T11:44:50,PROCTOLOGIA,SEM_VAGA,0
2026-09-15T11:45:00,REUMATOLOGIA,SEM_VAGA,0
2026-09-15T11:45:03,UROLOGIA,SEM_VAGA,0
2026-09-15T11:50:11,ACUPUNTURA,SEM_VAGA,0
2026-09-15T11:50:15,ALERGIA E IMUNOLOGIA - TELECONSULTA,SEM_VAGA,0
2026-09-15T11:50:25,CIRURGIA CABEÇA E PESCOÇO,SEM_VAGA,0
2026-09-15T11:50:32,CIRURGIA DA MÃO,VAGA_ENCONTRADA,
2026-09-15T11:50:37,CIRURGIA PLÁSTICA,SEM_VAGA,0
2026-09-15T11:50:41,CIRURGIA VASCULAR,SEM_VAGA,0
2026-09-15T11:50:44,CLÍNICA MÉDICA,SEM_VAGA,0
2026-09-15T11:50:54,DERMATOLOGIA,SEM_VAGA,0
2026-09-15T11:50:58,DERMATOLOGIA - TRIAGEM,SEM_VAGA,0
2026-09-15T11:51:01,DERMATOLOGIA - TRICOLOGIA,SEM_VAGA,0
2026-09-15T11:51:11,FISIOTERAPIA COLUNA CERVICAL,SEM_VAGA,0
2026-09-15T11:51:14,FISIOTERAPIA COLUNA LOMBAR,SEM_VAGA,0
2026-09-15T11:51:17,FISIOTERAPIA MEMBROS INFERIORES,SEM_VAGA,0
2026-09-15T11:51:21,FISIOTERAPIA MEMBROS INFERIORES,SEM_VAGA,0
2026-09-15T11:51:24,GASTROCIRURGIA,SEM_VAGA,0
2026-09-15T11:51:28,GASTROCLÍNICA,SEM_VAGA,0
2026-09-15T11:51:40,GINECOLOGIA-OBSTETRÍCIA,SEM_VAGA,0
2026-09-15T11:51:47,GINECOLOGIA-OBSTETRÍCIA - PRE NATAL (GESTANTE),VAGA_ENCONTRADA,
2026-09-15T11:51:57,INFECTOLOGIA,VAGA_ENCONTRADA,
2026-09-15T11:52:03,NEFROLOGIA,SEM_VAGA,0
2026-09-15T11:52:06,NEUROLOGIA,SEM_VAGA,0
2026-09-15T11:52:09,NUTRIÇÃO - DIETÉTICA,SEM_VAGA,0
2026-09-15T11:52:13,ODONTOLOGIA - ACUPUNTURA,SEM_VAGA,0
2026-09-15T11:52:16,ODONTOLOGIA - ATM,SEM_VAGA,0
2026-09-15T11:52:23,ODONTOLOGIA - DENTÍSTICA,VAGA_ENCONTRADA,
2026-09-15T11:52:29,ODONTOLOGIA - ENDODONTIA,SEM_VAGA,0
2026-09-15T11:52:36,ODONTOLOGIA - PERIODONTIA,VAGA_ENCONTRADA,
2026-09-15T11:52:43,OFTALMOLOGIA,SEM_VAGA,0
2026-09-15T11:52:46,OFTALMOLOGIA - FUNDO DE OLHO,SEM_VAGA,0
2026-09-15T11:52:50,OFTALMOLOGIA - GLAUCOMA,SEM_VAGA,0
2026-09-15T11:52:53,ORTOPEDIA,SEM_VAGA,0
2026-09-15T11:52:56,OTORRINOLARINGOLOGIA,SEM_VAGA,0
2026-09-15T11:53:03,PNEUMOLOGIA,VAGA_ENCONTRADA,
2026-09-15T11:53:09,PROCTOLOGIA,SEM_VAGA,0
2026-09-15T11:53:19,REUMATOLOGIA,SEM_VAGA,0
2026-09-15T11:53:22,UROLOGIA,SEM_VAGA,0
2026-09-15T11:58:31,ACUPUNTURA,SEM_VAGA,0
2026-09-15T11:58:34,ALERGIA E IMUNOLOGIA - TELECONSULTA,SEM_VAGA,0
2026-09-15T11:58:44,CIRURGIA CABEÇA E PESCOÇO,SEM_VAGA,0
2026-09-15T11:58:51,CIRURGIA DA MÃO,VAGA_ENCONTRADA,
2026-09-15T11:58:57,CIRURGIA PLÁSTICA,SEM_VAGA,0
2026-09-15T11:59:00,CIRURGIA VASCULAR,SEM_VAGA,0
2026-09-15T11:59:03,CLÍNICA MÉDICA,SEM_VAGA,0
2026-09-15T11:59:14,DERMATOLOGIA,SEM_VAGA,0
2026-09-15T11:59:19,DERMATOLOGIA - TRIAGEM,SEM_VAGA,0
2026-09-15T11:59:23,DERMATOLOGIA - TRICOLOGIA,SEM_VAGA,0
2026-09-15T11:59:35,FISIOTERAPIA COLUNA CERVICAL,SEM_VAGA,0
2026-09-15T11:59:40,FISIOTERAPIA COLUNA LOMBAR,SEM_VAGA,0
2026-09-15T11:59:45,FISIOTERAPIA MEMBROS INFERIORES,SEM_VAGA,0
2026-09-15T11:59:50,FISIOTERAPIA MEMBROS INFERIORES,SEM_VAGA,0
2026-09-15T11:59:55,GASTROCIRURGIA,SEM_VAGA,0
2026-09-15T12:00:00,GASTROCLÍNICA,SEM_VAGA,0
2026-09-15T12:00:11,GINECOLOGIA-OBSTETRÍCIA,SEM_VAGA,0
2026-09-15T12:00:18,GINECOLOGIA-OBSTETRÍCIA - PRE NATAL (GESTANTE),VAGA_ENCONTRADA,
2026-09-15T12:00:28,INFECTOLOGIA,VAGA_ENCONTRADA,
2026-09-15T12:00:35,NEFROLOGIA,SEM_VAGA,0
2026-09-15T12:00:39,NEUROLOGIA,SEM_VAGA,0
2026-09-15T12:00:43,NUTRIÇÃO - DIETÉTICA,SEM_VAGA,0
2026-09-15T12:00:48,ODONTOLOGIA - ACUPUNTURA,SEM_VAGA,0
2026-09-15T12:00:52,ODONTOLOGIA - ATM,SEM_VAGA,0
2026-09-15T12:00:56,ODONTOLOGIA - DENTÍSTICA,SEM_VAGA,0
2026-09-15T12:01:00,ODONTOLOGIA - ENDODONTIA,SEM_VAGA,0
2026-09-15T12:01:07,ODONTOLOGIA - PERIODONTIA,VAGA_ENCONTRADA,
2026-09-15T12:01:13,OFTALMOLOGIA,SEM_VAGA,0
2026-09-15T12:01:16,OFTALMOLOGIA - FUNDO DE OLHO,SEM_VAGA,0
2026-09-15T12:01:20,OFTALMOLOGIA - GLAUCOMA,SEM_VAGA,0
2026-09-15T12:01:23,ORTOPEDIA,SEM_VAGA,0
2026-09-15T12:01:27,OTORRINOLARINGOLOGIA,SEM_VAGA,0
2026-09-15T12:01:34,PNEUMOLOGIA,VAGA_ENCONTRADA,
2026-09-15T12:01:40,PROCTOLOGIA,SEM_VAGA,0
2026-09-15T12:01:50,REUMATOLOGIA,SEM_VAGA,0
2026-09-15T12:01:53,UROLOGIA,SEM_VAGA,0
2026-09-15T12:07:02,ACUPUNTURA,SEM_VAGA,0
2026-09-15T12:07:07,ALERGIA E IMUNOLOGIA - TELECONSULTA,SEM_VAGA,0
2026-09-15T12:07:17,CIRURGIA CABEÇA E PESCOÇO,SEM_VAGA,0
2026-09-15T12:07:24,CIRURGIA DA MÃO,VAGA_ENCONTRADA,
2026-09-15T12:07:30,CIRURGIA PLÁSTICA,SEM_VAGA,0
2026-09-15T12:07:34,CIRURGIA VASCULAR,SEM_VAGA,0
2026-09-15T12:07:37,CLÍNICA MÉDICA,SEM_VAGA,0
2026-09-15T12:07:48,DERMATOLOGIA,SEM_VAGA,0
2026-09-15T12:07:52,DERMATOLOGIA - TRIAGEM,SEM_VAGA,0
2026-09-15T12:07:56,DERMATOLOGIA - TRICOLOGIA,SEM_VAGA,0
2026-09-15T12:08:06,FISIOTERAPIA COLUNA CERVICAL,SEM_VAGA,0
2026-09-15T12:08:09,FISIOTERAPIA COLUNA LOMBAR,SEM_VAGA,0
2026-09-15T12:08:13,FISIOTERAPIA MEMBROS INFERIORES,SEM_VAGA,0
2026-09-15T12:08:17,FISIOTERAPIA MEMBROS INFERIORES,SEM_VAGA,0
2026-09-15T12:08:21,GASTROCIRURGIA,SEM_VAGA,0
2026-09-15T12:08:25,GASTROCLÍNICA,SEM_VAGA,0
2026-09-15T12:08:35,GINECOLOGIA-OBSTETRÍCIA,SEM_VAGA,0
2026-09-15T12:08:42,GINECOLOGIA-OBSTETRÍCIA - PRE NATAL (GESTANTE),VAGA_ENCONTRADA,
2026-09-15T12:08:51,INFECTOLOGIA,VAGA_ENCONTRADA,
2026-09-15T12:08:57,NEFROLOGIA,SEM_VAGA,0
2026-09-15T12:09:00,NEUROLOGIA,SEM_VAGA,0
2026-09-15T12:09:04,NUTRIÇÃO - DIETÉTICA,SEM_VAGA,0
2026-09-15T12:09:07,ODONTOLOGIA - ACUPUNTURA,SEM_VAGA,0
2026-09-15T12:09:10,ODONTOLOGIA - ATM,SEM_VAGA,0
2026-09-15T12:09:13,ODONTOLOGIA - DENTÍSTICA,SEM_VAGA,0
2026-09-15T12:09:16,ODONTOLOGIA - ENDODONTIA,SEM_VAGA,0
2026-09-15T12:09:23,ODONTOLOGIA - PERIODONTIA,VAGA_ENCONTRADA,
2026-09-15T12:09:29,OFTALMOLOGIA,SEM_VAGA,0
2026-09-15T12:09:32,OFTALMOLOGIA - FUNDO DE OLHO,SEM_VAGA,0
2026-09-15T12:09:36,OFTALMOLOGIA - GLAUCOMA,SEM_VAGA,0
2026-09-15T12:09:38,ORTOPEDIA,SEM_VAGA,0
2026-09-15T12:09:41,OTORRINOLARINGOLOGIA,SEM_VAGA,0
2026-09-15T12:09:48,PNEUMOLOGIA,VAGA_ENCONTRADA,
2026-09-15T12:09:55,PROCTOLOGIA,SEM_VAGA,0
2026-09-15T12:10:06,REUMATOLOGIA,SEM_VAGA,0
2026-09-15T12:10:10,UROLOGIA,SEM_VAGA,0
2026-09-15T12:15:19,ACUPUNTURA,SEM_VAGA,0
2026-09-15T12:15:24,ALERGIA E IMUNOLOGIA - TELECONSULTA,SEM_VAGA,0
2026-09-15T12:15:34,CIRURGIA CABEÇA E PESCOÇO,SEM_VAGA,0
2026-09-15T12:15:41,CIRURGIA DA MÃO,VAGA_ENCONTRADA,
2026-09-15T12:15:47,CIRURGIA PLÁSTICA,SEM_VAGA,0
2026-09-15T12:15:50,CIRURGIA VASCULAR,SEM_VAGA,0
2026-09-15T12:15:54,CLÍNICA MÉDICA,SEM_VAGA,0
2026-09-15T12:16:06,DERMATOLOGIA,SEM_VAGA,0
2026-09-15T12:16:11,DERMATOLOGIA - TRIAGEM,SEM_VAGA,0
2026-09-15T12:16:16,DERMATOLOGIA - TRICOLOGIA,SEM_VAGA,0
2026-09-15T12:16:27,FISIOTERAPIA COLUNA CERVICAL,SEM_VAGA,0
2026-09-15T12:16:32,FISIOTERAPIA COLUNA LOMBAR,SEM_VAGA,0
2026-09-15T12:16:35,FISIOTERAPIA MEMBROS INFERIORES,SEM_VAGA,0
2026-09-15T12:16:38,FISIOTERAPIA MEMBROS INFERIORES,SEM_VAGA,0
2026-09-15T12:16:42,GASTROCIRURGIA,SEM_VAGA,0
2026-09-15T12:16:45,GASTROCLÍNICA,SEM_VAGA,0
2026-09-15T12:16:54,GINECOLOGIA-OBSTETRÍCIA,SEM_VAGA,0
2026-09-15T12:17:01,GINECOLOGIA-OBSTETRÍCIA - PRE NATAL (GESTANTE),VAGA_ENCONTRADA,
2026-09-15T12:17:11,INFECTOLOGIA,VAGA_ENCONTRADA,
2026-09-15T12:17:17,NEFROLOGIA,SEM_VAGA,0
2026-09-15T12:17:20,NEUROLOGIA,SEM_VAGA,0
2026-09-15T12:17:24,NUTRIÇÃO - DIETÉTICA,SEM_VAGA,0
2026-09-15T12:17:27,ODONTOLOGIA - ACUPUNTURA,SEM_VAGA,0
2026-09-15T12:17:30,ODONTOLOGIA - ATM,SEM_VAGA,0
2026-09-15T12:17:33,ODONTOLOGIA - DENTÍSTICA,SEM_VAGA,0
2026-09-15T12:17:37,ODONTOLOGIA - ENDODONTIA,SEM_VAGA,0
2026-09-15T12:17:44,ODONTOLOGIA - PERIODONTIA,VAGA_ENCONTRADA,
2026-09-15T12:17:50,OFTALMOLOGIA,SEM_VAGA,0
2026-09-15T12:17:53,OFTALMOLOGIA - FUNDO DE OLHO,SEM_VAGA,0
2026-09-15T12:17:56,OFTALMOLOGIA - GLAUCOMA,SEM_VAGA,0
2026-09-15T12:17:59,ORTOPEDIA,SEM_VAGA,0
2026-09-15T12:18:03,OTORRINOLARINGOLOGIA,SEM_VAGA,0
2026-09-15T12:18:10,PNEUMOLOGIA,VAGA_ENCONTRADA,
2026-09-15T12:18:15,PROCTOLOGIA,SEM_VAGA,0
2026-09-15T12:18:25,REUMATOLOGIA,SEM_VAGA,0
2026-09-15T12:18:28,UROLOGIA,SEM_VAGA,0
2026-09-15T12:23:36,ACUPUNTURA,SEM_VAGA,0
2026-09-15T12:23:40,ALERGIA E IMUNOLOGIA - TELECONSULTA,SEM_VAGA,0
2026-09-15T12:23:50,CIRURGIA CABEÇA E PESCOÇO,SEM_VAGA,0
2026-09-15T12:23:56,CIRURGIA DA MÃO,VAGA_ENCONTRADA,
2026-09-15T12:24:03,CIRURGIA PLÁSTICA,SEM_VAGA,0
2026-09-15T12:24:06,CIRURGIA VASCULAR,SEM_VAGA,0
2026-09-15T12:24:09,CLÍNICA MÉDICA,SEM_VAGA,0
2026-09-15T12:24:19,DERMATOLOGIA,SEM_VAGA,0
2026-09-15T12:24:22,DERMATOLOGIA - TRIAGEM,SEM_VAGA,0
2026-09-15T12:24:26,DERMATOLOGIA - TRICOLOGIA,SEM_VAGA,0
2026-09-15T12:24:36,FISIOTERAPIA COLUNA CERVICAL,SEM_VAGA,0
2026-09-15T12:24:39,FISIOTERAPIA COLUNA LOMBAR,SEM_VAGA,0
2026-09-15T12:24:44,FISIOTERAPIA MEMBROS INFERIORES,SEM_VAGA,0
2026-09-15T12:24:47,FISIOTERAPIA MEMBROS INFERIORES,SEM_VAGA,0
2026-09-15T12:24:50,GASTROCIRURGIA,SEM_VAGA,0
2026-09-15T12:24:54,GASTROCLÍNICA,SEM_VAGA,0
2026-09-15T12:25:03,GINECOLOGIA-OBSTETRÍCIA,SEM_VAGA,0
2026-09-15T12:25:10,GINECOLOGIA-OBSTETRÍCIA - PRE NATAL (GESTANTE),VAGA_ENCONTRADA,
2026-09-15T12:25:21,INFECTOLOGIA,VAGA_ENCONTRADA,
2026-09-15T12:25:26,NEFROLOGIA,SEM_VAGA,0
2026-09-15T12:25:29,NEUROLOGIA,SEM_VAGA,0
2026-09-15T12:25:33,NUTRIÇÃO - DIETÉTICA,SEM_VAGA,0
2026-09-15T12:25:37,ODONTOLOGIA - ACUPUNTURA,SEM_VAGA,0
2026-09-15T12:25:40,ODONTOLOGIA - ATM,SEM_VAGA,0
2026-09-15T12:25:44,ODONTOLOGIA - DENTÍSTICA,SEM_VAGA,0
2026-09-15T12:25:47,ODONTOLOGIA - ENDODONTIA,SEM_VAGA,0
2026-09-15T12:25:54,ODONTOLOGIA - PERIODONTIA,VAGA_ENCONTRADA,
2026-09-15T12:26:00,OFTALMOLOGIA,SEM_VAGA,0
2026-09-15T12:26:04,OFTALMOLOGIA - FUNDO DE OLHO,SEM_VAGA,0
2026-09-15T12:26:07,OFTALMOLOGIA - GLAUCOMA,SEM_VAGA,0
2026-09-15T12:26:11,ORTOPEDIA,SEM_VAGA,0
2026-09-15T12:26:14,OTORRINOLARINGOLOGIA,SEM_VAGA,0
2026-09-15T12:26:21,PNEUMOLOGIA,VAGA_ENCONTRADA,
2026-09-15T12:26:27,PROCTOLOGIA,SEM_VAGA,0
2026-09-15T12:26:37,REUMATOLOGIA,SEM_VAGA,0
2026-09-15T12:26:40,UROLOGIA,SEM_VAGA,0
2026-09-15T12:31:48,ACUPUNTURA,SEM_VAGA,0
2026-09-15T12:31:52,ALERGIA E IMUNOLOGIA - TELECONSULTA,SEM_VAGA,0
2026-09-15T12:32:02,CIRURGIA CABEÇA E PESCOÇO,SEM_VAGA,0
2026-09-15T12:32:10,CIRURGIA DA MÃO,VAGA_ENCONTRADA,
2026-09-15T12:32:15,CIRURGIA PLÁSTICA,SEM_VAGA,0
2026-09-15T12:32:20,CIRURGIA VASCULAR,SEM_VAGA,0
2026-09-15T12:32:24,CLÍNICA MÉDICA,SEM_VAGA,0
2026-09-15T12:32:34,DERMATOLOGIA,SEM_VAGA,0
2026-09-15T12:32:37,DERMATOLOGIA - TRIAGEM,SEM_VAGA,0
2026-09-15T12:32:42,DERMATOLOGIA - TRICOLOGIA,SEM_VAGA,0
2026-09-15T12:32:53,FISIOTERAPIA COLUNA CERVICAL,SEM_VAGA,0
2026-09-15T12:32:58,FISIOTERAPIA COLUNA LOMBAR,SEM_VAGA,0
2026-09-15T12:33:02,FISIOTERAPIA MEMBROS INFERIORES,SEM_VAGA,0
2026-09-15T12:33:06,FISIOTERAPIA MEMBROS INFERIORES,SEM_VAGA,0
2026-09-15T12:33:09,GASTROCIRURGIA,SEM_VAGA,0
2026-09-15T12:33:12,GASTROCLÍNICA,SEM_VAGA,0
2026-09-15T12:33:22,GINECOLOGIA-OBSTETRÍCIA,SEM_VAGA,0
2026-09-15T12:33:29,GINECOLOGIA-OBSTETRÍCIA - PRE NATAL (GESTANTE),VAGA_ENCONTRADA,
2026-09-15T12:33:39,INFECTOLOGIA,VAGA_ENCONTRADA,
2026-09-15T12:33:45,NEFROLOGIA,SEM_VAGA,0
2026-09-15T12:33:48,NEUROLOGIA,SEM_VAGA,0
2026-09-15T12:33:52,NUTRIÇÃO - DIETÉTICA,SEM_VAGA,0
2026-09-15T12:33:55,ODONTOLOGIA - ACUPUNTURA,SEM_VAGA,0
2026-09-15T12:33:58,ODONTOLOGIA - ATM,SEM_VAGA,0
2026-09-15T12:34:01,ODONTOLOGIA - DENTÍSTICA,SEM_VAGA,0
2026-09-15T12:34:05,ODONTOLOGIA - ENDODONTIA,SEM_VAGA,0
2026-09-15T12:34:12,ODONTOLOGIA - PERIODONTIA,VAGA_ENCONTRADA,
2026-09-15T12:34:18,OFTALMOLOGIA,SEM_VAGA,0
2026-09-15T12:34:21,OFTALMOLOGIA - FUNDO DE OLHO,SEM_VAGA,0
2026-09-15T12:34:24,OFTALMOLOGIA - GLAUCOMA,SEM_VAGA,0
2026-09-15T12:34:27,ORTOPEDIA,SEM_VAGA,0
2026-09-15T12:34:30,OTORRINOLARINGOLOGIA,SEM_VAGA,0
2026-09-15T12:34:37,PNEUMOLOGIA,VAGA_ENCONTRADA,
2026-09-15T12:34:43,PROCTOLOGIA,SEM_VAGA,0
2026-09-15T12:34:53,REUMATOLOGIA,SEM_VAGA,0
2026-09-15T12:34:56,UROLOGIA,SEM_VAGA,0
2026-09-15T12:40:04,ACUPUNTURA,SEM_VAGA,0
2026-09-15T12:40:08,ALERGIA E IMUNOLOGIA - TELECONSULTA,SEM_VAGA,0
2026-09-15T12:40:18,CIRURGIA CABEÇA E PESCOÇO,SEM_VAGA,0
2026-09-15T12:40:25,CIRURGIA DA MÃO,VAGA_ENCONTRADA,
2026-09-15T12:40:30,CIRURGIA PLÁSTICA,SEM_VAGA,0
2026-09-15T12:40:34,CIRURGIA VASCULAR,SEM_VAGA,0
2026-09-15T12:40:37,CLÍNICA MÉDICA,SEM_VAGA,0
2026-09-15T12:40:47,DERMATOLOGIA,SEM_VAGA,0
2026-09-15T12:40:50,DERMATOLOGIA - TRIAGEM,SEM_VAGA,0
2026-09-15T12:40:54,DERMATOLOGIA - TRICOLOGIA,SEM_VAGA,0
2026-09-15T12:41:04,FISIOTERAPIA COLUNA CERVICAL,SEM_VAGA,0
2026-09-15T12:41:07,FISIOTERAPIA COLUNA LOMBAR,SEM_VAGA,0
2026-09-15T12:41:10,FISIOTERAPIA MEMBROS INFERIORES,SEM_VAGA,0
2026-09-15T12:41:13,FISIOTERAPIA MEMBROS INFERIORES,SEM_VAGA,0
2026-09-15T12:41:16,GASTROCIRURGIA,SEM_VAGA,0
2026-09-15T12:41:19,GASTROCLÍNICA,SEM_VAGA,0
2026-09-15T12:41:29,GINECOLOGIA-OBSTETRÍCIA,SEM_VAGA,0
2026-09-15T12:41:36,GINECOLOGIA-OBSTETRÍCIA - PRE NATAL (GESTANTE),VAGA_ENCONTRADA,
2026-09-15T12:41:46,INFECTOLOGIA,VAGA_ENCONTRADA,
2026-09-15T12:41:52,NEFROLOGIA,SEM_VAGA,0
2026-09-15T12:41:55,NEUROLOGIA,SEM_VAGA,0
2026-09-15T12:41:59,NUTRIÇÃO - DIETÉTICA,SEM_VAGA,0
2026-09-15T12:42:02,ODONTOLOGIA - ACUPUNTURA,SEM_VAGA,0
2026-09-15T12:42:05,ODONTOLOGIA - ATM,SEM_VAGA,0
2026-09-15T12:42:09,ODONTOLOGIA - DENTÍSTICA,SEM_VAGA,0
2026-09-15T12:42:12,ODONTOLOGIA - ENDODONTIA,SEM_VAGA,0
2026-09-15T12:42:19,ODONTOLOGIA - PERIODONTIA,VAGA_ENCONTRADA,
2026-09-15T12:42:26,OFTALMOLOGIA,SEM_VAGA,0
2026-09-15T12:42:30,OFTALMOLOGIA - FUNDO DE OLHO,SEM_VAGA,0
2026-09-15T12:42:34,OFTALMOLOGIA - GLAUCOMA,SEM_VAGA,0
2026-09-15T12:42:38,ORTOPEDIA,SEM_VAGA,0
2026-09-15T12:42:43,OTORRINOLARINGOLOGIA,SEM_VAGA,0
2026-09-15T12:42:51,PNEUMOLOGIA,VAGA_ENCONTRADA,
2026-09-15T12:42:58,PROCTOLOGIA,SEM_VAGA,0
2026-09-15T12:43:09,REUMATOLOGIA,SEM_VAGA,0
2026-09-15T12:43:13,UROLOGIA,SEM_VAGA,0
2026-09-15T12:48:21,ACUPUNTURA,SEM_VAGA,0
2026-09-15T12:48:25,ALERGIA E IMUNOLOGIA - TELECONSULTA,SEM_VAGA,0
2026-09-15T12:48:34,CIRURGIA CABEÇA E PESCOÇO,SEM_VAGA,0
2026-09-15T12:48:41,CIRURGIA DA MÃO,VAGA_ENCONTRADA,
2026-09-15T12:48:47,CIRURGIA PLÁSTICA,SEM_VAGA,0
2026-09-15T12:48:50,CIRURGIA VASCULAR,SEM_VAGA,0
2026-09-15T12:48:53,CLÍNICA MÉDICA,SEM_VAGA,0
2026-09-15T12:49:03,DERMATOLOGIA,SEM_VAGA,0
2026-09-15T12:49:07,DERMATOLOGIA - TRIAGEM,SEM_VAGA,0
2026-09-15T12:49:10,DERMATOLOGIA - TRICOLOGIA,SEM_VAGA,0
2026-09-15T12:49:20,FISIOTERAPIA COLUNA CERVICAL,SEM_VAGA,0
2026-09-15T12:49:23,FISIOTERAPIA COLUNA LOMBAR,SEM_VAGA,0
2026-09-15T12:49:26,FISIOTERAPIA MEMBROS INFERIORES,SEM_VAGA,0
2026-09-15T12:49:30,FISIOTERAPIA MEMBROS INFERIORES,SEM_VAGA,0
2026-09-15T12:49:33,GASTROCIRURGIA,SEM_VAGA,0
2026-09-15T12:49:36,GASTROCLÍNICA,SEM_VAGA,0
2026-09-15T12:49:46,GINECOLOGIA-OBSTETRÍCIA,SEM_VAGA,0
2026-09-15T12:49:53,GINECOLOGIA-OBSTETRÍCIA - PRE NATAL (GESTANTE),VAGA_ENCONTRADA,
2026-09-15T12:50:02,INFECTOLOGIA,VAGA_ENCONTRADA,
2026-09-15T12:50:08,NEFROLOGIA,SEM_VAGA,0
2026-09-15T12:50:12,NEUROLOGIA,SEM_VAGA,0
2026-09-15T12:50:15,NUTRIÇÃO - DIETÉTICA,SEM_VAGA,0
2026-09-15T12:50:18,ODONTOLOGIA - ACUPUNTURA,SEM_VAGA,0
2026-09-15T12:50:21,ODONTOLOGIA - ATM,SEM_VAGA,0
2026-09-15T12:50:25,ODONTOLOGIA - DENTÍSTICA,SEM_VAGA,0
2026-09-15T12:50:28,ODONTOLOGIA - ENDODONTIA,SEM_VAGA,0
2026-09-15T12:50:35,ODONTOLOGIA - PERIODONTIA,VAGA_ENCONTRADA,
2026-09-15T12:50:41,OFTALMOLOGIA,SEM_VAGA,0
2026-09-15T12:50:44,OFTALMOLOGIA - FUNDO DE OLHO,SEM_VAGA,0
2026-09-15T12:50:47,OFTALMOLOGIA - GLAUCOMA,SEM_VAGA,0
2026-09-15T12:50:50,ORTOPEDIA,SEM_VAGA,0
2026-09-15T12:50:54,OTORRINOLARINGOLOGIA,SEM_VAGA,0
2026-09-15T12:51:01,PNEUMOLOGIA,VAGA_ENCONTRADA,
2026-09-15T12:51:07,PROCTOLOGIA,SEM_VAGA,0
2026-09-15T12:51:17,REUMATOLOGIA,SEM_VAGA,0
2026-09-15T12:51:20,UROLOGIA,SEM_VAGA,0
2026-09-15T12:56:28,ACUPUNTURA,SEM_VAGA,0
2026-09-15T12:56:31,ALERGIA E IMUNOLOGIA - TELECONSULTA,SEM_VAGA,0
2026-09-15T12:56:42,CIRURGIA CABEÇA E PESCOÇO,SEM_VAGA,0
2026-09-15T12:56:48,CIRURGIA DA MÃO,VAGA_ENCONTRADA,
2026-09-15T12:56:54,CIRURGIA PLÁSTICA,SEM_VAGA,0
2026-09-15T12:56:57,CIRURGIA VASCULAR,SEM_VAGA,0
2026-09-15T12:57:01,CLÍNICA MÉDICA,SEM_VAGA,0
2026-09-15T12:57:11,DERMATOLOGIA,SEM_VAGA,0
2026-09-15T12:57:14,DERMATOLOGIA - TRIAGEM,SEM_VAGA,0
2026-09-15T12:57:17,DERMATOLOGIA - TRICOLOGIA,SEM_VAGA,0
2026-09-15T12:57:27,FISIOTERAPIA COLUNA CERVICAL,SEM_VAGA,0
2026-09-15T12:57:30,FISIOTERAPIA COLUNA LOMBAR,SEM_VAGA,0
2026-09-15T12:57:34,FISIOTERAPIA MEMBROS INFERIORES,SEM_VAGA,0
2026-09-15T12:57:37,FISIOTERAPIA MEMBROS INFERIORES,SEM_VAGA,0
2026-09-15T12:57:40,GASTROCIRURGIA,SEM_VAGA,0
2026-09-15T12:57:43,GASTROCLÍNICA,SEM_VAGA,0
2026-09-15T12:57:53,GINECOLOGIA-OBSTETRÍCIA,SEM_VAGA,0
2026-09-15T12:58:00,GINECOLOGIA-OBSTETRÍCIA - PRE NATAL (GESTANTE),VAGA_ENCONTRADA,
2026-09-15T12:58:11,INFECTOLOGIA,VAGA_ENCONTRADA,
2026-09-15T12:58:17,NEFROLOGIA,SEM_VAGA,0
2026-09-15T12:58:21,NEUROLOGIA,SEM_VAGA,0
2026-09-15T12:58:24,NUTRIÇÃO - DIETÉTICA,SEM_VAGA,0
2026-09-15T12:58:27,ODONTOLOGIA - ACUPUNTURA,SEM_VAGA,0
2026-09-15T12:58:31,ODONTOLOGIA - ATM,SEM_VAGA,0
2026-09-15T12:58:34,ODONTOLOGIA - DENTÍSTICA,SEM_VAGA,0
2026-09-15T12:58:37,ODONTOLOGIA - ENDODONTIA,SEM_VAGA,0
2026-09-15T12:58:44,ODONTOLOGIA - PERIODONTIA,VAGA_ENCONTRADA,
2026-09-15T12:58:51,OFTALMOLOGIA,SEM_VAGA,0
2026-09-15T12:58:54,OFTALMOLOGIA - FUNDO DE OLHO,SEM_VAGA,0
2026-09-15T12:58:57,OFTALMOLOGIA - GLAUCOMA,SEM_VAGA,0
2026-09-15T12:59:00,ORTOPEDIA,SEM_VAGA,0
2026-09-15T12:59:03,OTORRINOLARINGOLOGIA,SEM_VAGA,0
2026-09-15T12:59:10,PNEUMOLOGIA,VAGA_ENCONTRADA,
2026-09-15T12:59:16,PROCTOLOGIA,SEM_VAGA,0
2026-09-15T12:59:26,REUMATOLOGIA,SEM_VAGA,0
2026-09-15T12:59:29,UROLOGIA,SEM_VAGA,0
2026-09-15T13:04:38,ACUPUNTURA,SEM_VAGA,0
2026-09-15T13:04:42,ALERGIA E IMUNOLOGIA - TELECONSULTA,SEM_VAGA,0
2026-09-15T13:04:52,CIRURGIA CABEÇA E PESCOÇO,SEM_VAGA,0
2026-09-15T13:04:59,CIRURGIA DA MÃO,VAGA_ENCONTRADA,
2026-09-15T13:05:05,CIRURGIA PLÁSTICA,SEM_VAGA,0
2026-09-15T13:05:08,CIRURGIA VASCULAR,SEM_VAGA,0
2026-09-15T13:05:11,CLÍNICA MÉDICA,SEM_VAGA,0
2026-09-15T13:05:21,DERMATOLOGIA,SEM_VAGA,0
2026-09-15T13:05:24,DERMATOLOGIA - TRIAGEM,SEM_VAGA,0
2026-09-15T13:05:28,DERMATOLOGIA - TRICOLOGIA,SEM_VAGA,0
2026-09-15T13:05:38,FISIOTERAPIA COLUNA CERVICAL,SEM_VAGA,0
2026-09-15T13:05:41,FISIOTERAPIA COLUNA LOMBAR,SEM_VAGA,0
2026-09-15T13:05:44,FISIOTERAPIA MEMBROS INFERIORES,SEM_VAGA,0
2026-09-15T13:05:48,FISIOTERAPIA MEMBROS INFERIORES,SEM_VAGA,0
2026-09-15T13:05:51,GASTROCIRURGIA,SEM_VAGA,0
2026-09-15T13:05:54,GASTROCLÍNICA,SEM_VAGA,0
2026-09-15T13:06:04,GINECOLOGIA-OBSTETRÍCIA,SEM_VAGA,0
2026-09-15T13:06:12,GINECOLOGIA-OBSTETRÍCIA - PRE NATAL (GESTANTE),VAGA_ENCONTRADA,
2026-09-15T13:06:21,INFECTOLOGIA,VAGA_ENCONTRADA,
2026-09-15T13:06:27,NEFROLOGIA,SEM_VAGA,0
2026-09-15T13:06:30,NEUROLOGIA,SEM_VAGA,0
2026-09-15T13:06:33,NUTRIÇÃO - DIETÉTICA,SEM_VAGA,0
2026-09-15T13:06:37,ODONTOLOGIA - ACUPUNTURA,SEM_VAGA,0
2026-09-15T13:06:40,ODONTOLOGIA - ATM,SEM_VAGA,0
2026-09-15T13:06:43,ODONTOLOGIA - DENTÍSTICA,SEM_VAGA,0
2026-09-15T13:06:46,ODONTOLOGIA - ENDODONTIA,SEM_VAGA,0
2026-09-15T13:06:53,ODONTOLOGIA - PERIODONTIA,VAGA_ENCONTRADA,
2026-09-15T13:06:59,OFTALMOLOGIA,SEM_VAGA,0
2026-09-15T13:07:03,OFTALMOLOGIA - FUNDO DE OLHO,SEM_VAGA,0
2026-09-15T13:07:06,OFTALMOLOGIA - GLAUCOMA,SEM_VAGA,0
2026-09-15T13:07:10,ORTOPEDIA,SEM_VAGA,0
2026-09-15T13:07:13,OTORRINOLARINGOLOGIA,SEM_VAGA,0
2026-09-15T13:07:20,PNEUMOLOGIA,VAGA_ENCONTRADA,
2026-09-15T13:07:25,PROCTOLOGIA,SEM_VAGA,0
2026-09-15T13:07:35,REUMATOLOGIA,SEM_VAGA,0
2026-09-15T13:07:39,UROLOGIA,SEM_VAGA,0
2026-09-15T13:12:47,ACUPUNTURA,SEM_VAGA,0
2026-09-15T13:12:50,ALERGIA E IMUNOLOGIA - TELECONSULTA,SEM_VAGA,0
2026-09-15T13:13:00,CIRURGIA CABEÇA E PESCOÇO,SEM_VAGA,0
2026-09-15T13:13:07,CIRURGIA DA MÃO,VAGA_ENCONTRADA,
2026-09-15T13:13:12,CIRURGIA PLÁSTICA,SEM_VAGA,0
2026-09-15T13:13:16,CIRURGIA VASCULAR,SEM_VAGA,0
2026-09-15T13:13:19,CLÍNICA MÉDICA,SEM_VAGA,0
2026-09-15T13:13:30,DERMATOLOGIA,SEM_VAGA,0
2026-09-15T13:13:34,DERMATOLOGIA - TRIAGEM,SEM_VAGA,0
2026-09-15T13:13:38,DERMATOLOGIA - TRICOLOGIA,SEM_VAGA,0
2026-09-15T13:13:48,FISIOTERAPIA COLUNA CERVICAL,SEM_VAGA,0
2026-09-15T13:13:51,FISIOTERAPIA COLUNA LOMBAR,SEM_VAGA,0
2026-09-15T13:13:55,FISIOTERAPIA MEMBROS INFERIORES,SEM_VAGA,0
2026-09-15T13:13:59,FISIOTERAPIA MEMBROS INFERIORES,SEM_VAGA,0
2026-09-15T13:14:03,GASTROCIRURGIA,SEM_VAGA,0
2026-09-15T13:14:06,GASTROCLÍNICA,SEM_VAGA,0
2026-09-15T13:14:17,GINECOLOGIA-OBSTETRÍCIA,SEM_VAGA,0
2026-09-15T13:14:24,GINECOLOGIA-OBSTETRÍCIA - PRE NATAL (GESTANTE),VAGA_ENCONTRADA,
2026-09-15T13:14:33,INFECTOLOGIA,VAGA_ENCONTRADA,
2026-09-15T13:14:40,NEFROLOGIA,SEM_VAGA,0
2026-09-15T13:14:43,NEUROLOGIA,SEM_VAGA,0
2026-09-15T13:14:47,NUTRIÇÃO - DIETÉTICA,SEM_VAGA,0
2026-09-15T13:14:50,ODONTOLOGIA - ACUPUNTURA,SEM_VAGA,0
2026-09-15T13:14:53,ODONTOLOGIA - ATM,SEM_VAGA,0
2026-09-15T13:14:58,ODONTOLOGIA - DENTÍSTICA,SEM_VAGA,0
2026-09-15T13:15:03,ODONTOLOGIA - ENDODONTIA,SEM_VAGA,0
2026-09-15T13:15:10,ODONTOLOGIA - PERIODONTIA,VAGA_ENCONTRADA,
2026-09-15T13:15:17,OFTALMOLOGIA,SEM_VAGA,0
2026-09-15T13:15:21,OFTALMOLOGIA - FUNDO DE OLHO,SEM_VAGA,0
2026-09-15T13:15:25,OFTALMOLOGIA - GLAUCOMA,SEM_VAGA,0
2026-09-15T13:15:28,ORTOPEDIA,SEM_VAGA,0
2026-09-15T13:15:31,OTORRINOLARINGOLOGIA,SEM_VAGA,0
2026-09-15T13:15:38,PNEUMOLOGIA,VAGA_ENCONTRADA,
2026-09-15T13:15:44,PROCTOLOGIA,SEM_VAGA,0
2026-09-15T13:15:54,REUMATOLOGIA,SEM_VAGA,0
2026-09-15T13:15:57,UROLOGIA,SEM_VAGA,0
2026-09-15T13:21:06,ACUPUNTURA,SEM_VAGA,0
2026-09-15T13:21:11,ALERGIA E IMUNOLOGIA - TELECONSULTA,SEM_VAGA,0
2026-09-15T13:21:21,CIRURGIA CABEÇA E PESCOÇO,SEM_VAGA,0
2026-09-15T13:21:28,CIRURGIA DA MÃO,VAGA_ENCONTRADA,
2026-09-15T13:21:34,CIRURGIA PLÁSTICA,SEM_VAGA,0
2026-09-15T13:21:38,CIRURGIA VASCULAR,SEM_VAGA,0
2026-09-15T13:21:41,CLÍNICA MÉDICA,SEM_VAGA,0
2026-09-15T13:21:51,DERMATOLOGIA,SEM_VAGA,0
2026-09-15T13:21:54,DERMATOLOGIA - TRIAGEM,SEM_VAGA,0
2026-09-15T13:21:58,DERMATOLOGIA - TRICOLOGIA,SEM_VAGA,0
2026-09-15T13:22:08,FISIOTERAPIA COLUNA CERVICAL,SEM_VAGA,0
2026-09-15T13:22:11,FISIOTERAPIA COLUNA LOMBAR,SEM_VAGA,0
2026-09-15T13:22:14,FISIOTERAPIA MEMBROS INFERIORES,SEM_VAGA,0
2026-09-15T13:22:17,FISIOTERAPIA MEMBROS INFERIORES,SEM_VAGA,0
2026-09-15T13:22:21,GASTROCIRURGIA,SEM_VAGA,0
2026-09-15T13:22:25,GASTROCLÍNICA,SEM_VAGA,0
2026-09-15T13:22:37,GINECOLOGIA-OBSTETRÍCIA,SEM_VAGA,0
2026-09-15T13:22:44,GINECOLOGIA-OBSTETRÍCIA - PRE NATAL (GESTANTE),VAGA_ENCONTRADA,
2026-09-15T13:22:55,INFECTOLOGIA,VAGA_ENCONTRADA,
2026-09-15T13:23:01,NEFROLOGIA,SEM_VAGA,0
2026-09-15T13:23:04,NEUROLOGIA,SEM_VAGA,0
2026-09-15T13:23:07,NUTRIÇÃO - DIETÉTICA,SEM_VAGA,0
2026-09-15T13:23:11,ODONTOLOGIA - ACUPUNTURA,SEM_VAGA,0
2026-09-15T13:23:14,ODONTOLOGIA - ATM,SEM_VAGA,0
2026-09-15T13:23:17,ODONTOLOGIA - DENTÍSTICA,SEM_VAGA,0
2026-09-15T13:23:21,ODONTOLOGIA - ENDODONTIA,SEM_VAGA,0
2026-09-15T13:23:28,ODONTOLOGIA - PERIODONTIA,VAGA_ENCONTRADA,
2026-09-15T13:23:34,OFTALMOLOGIA,SEM_VAGA,0
2026-09-15T13:23:37,OFTALMOLOGIA - FUNDO DE OLHO,SEM_VAGA,0
2026-09-15T13:23:40,OFTALMOLOGIA - GLAUCOMA,SEM_VAGA,0
2026-09-15T13:23:43,ORTOPEDIA,SEM_VAGA,0
2026-09-15T13:23:50,OTORRINOLARINGOLOGIA,VAGA_ENCONTRADA,
2026-09-15T13:24:01,PNEUMOLOGIA,VAGA_ENCONTRADA,
2026-09-15T13:24:07,PROCTOLOGIA,SEM_VAGA,0
2026-09-15T13:24:17,REUMATOLOGIA,SEM_VAGA,0
2026-09-15T13:24:20,UROLOGIA,SEM_VAGA,0
2026-09-15T13:29:28,ACUPUNTURA,SEM_VAGA,0
2026-09-15T13:29:32,ALERGIA E IMUNOLOGIA - TELECONSULTA,SEM_VAGA,0
2026-09-15T13:29:42,CIRURGIA CABEÇA E PESCOÇO,SEM_VAGA,0
2026-09-15T13:29:48,CIRURGIA DA MÃO,VAGA_ENCONTRADA,
2026-09-15T13:29:55,CIRURGIA PLÁSTICA,SEM_VAGA,0
2026-09-15T13:29:58,CIRURGIA VASCULAR,SEM_VAGA,0
2026-09-15T13:30:01,CLÍNICA MÉDICA,SEM_VAGA,0
2026-09-15T13:30:11,DERMATOLOGIA,SEM_VAGA,0
2026-09-15T13:30:14,DERMATOLOGIA - TRIAGEM,SEM_VAGA,0
2026-09-15T13:30:18,DERMATOLOGIA - TRICOLOGIA,SEM_VAGA,0
2026-09-15T13:30:28,FISIOTERAPIA COLUNA CERVICAL,SEM_VAGA,0
2026-09-15T13:30:31,FISIOTERAPIA COLUNA LOMBAR,SEM_VAGA,0
2026-09-15T13:30:34,FISIOTERAPIA MEMBROS INFERIORES,SEM_VAGA,0
2026-09-15T13:30:37,FISIOTERAPIA MEMBROS INFERIORES,SEM_VAGA,0
2026-09-15T13:30:40,GASTROCIRURGIA,SEM_VAGA,0
2026-09-15T13:30:43,GASTROCLÍNICA,SEM_VAGA,0
2026-09-15T13:30:53,GINECOLOGIA-OBSTETRÍCIA,SEM_VAGA,0
2026-09-15T13:31:00,GINECOLOGIA-OBSTETRÍCIA - PRE NATAL (GESTANTE),VAGA_ENCONTRADA,
2026-09-15T13:31:10,INFECTOLOGIA,VAGA_ENCONTRADA,
2026-09-15T13:31:16,NEFROLOGIA,SEM_VAGA,0
2026-09-15T13:31:19,NEUROLOGIA,SEM_VAGA,0
2026-09-15T13:31:22,NUTRIÇÃO - DIETÉTICA,SEM_VAGA,0
2026-09-15T13:31:25,ODONTOLOGIA - ACUPUNTURA,SEM_VAGA,0
2026-09-15T13:31:29,ODONTOLOGIA - ATM,SEM_VAGA,0
2026-09-15T13:31:32,ODONTOLOGIA - DENTÍSTICA,SEM_VAGA,0
2026-09-15T13:31:35,ODONTOLOGIA - ENDODONTIA,SEM_VAGA,0
2026-09-15T13:31:42,ODONTOLOGIA - PERIODONTIA,VAGA_ENCONTRADA,
2026-09-15T13:31:48,OFTALMOLOGIA,SEM_VAGA,0
2026-09-15T13:31:51,OFTALMOLOGIA - FUNDO DE OLHO,SEM_VAGA,0
2026-09-15T13:31:55,OFTALMOLOGIA - GLAUCOMA,SEM_VAGA,0
2026-09-15T13:31:58,ORTOPEDIA,SEM_VAGA,0
2026-09-15T13:32:01,OTORRINOLARINGOLOGIA,SEM_VAGA,0
2026-09-15T13:32:08,PNEUMOLOGIA,VAGA_ENCONTRADA,
2026-09-15T13:32:14,PROCTOLOGIA,SEM_VAGA,0
2026-09-15T13:32:24,REUMATOLOGIA,SEM_VAGA,0
2026-09-15T13:32:31,UROLOGIA,VAGA_ENCONTRADA,
2026-09-15T13:37:44,ACUPUNTURA,SEM_VAGA,0
2026-09-15T13:37:49,ALERGIA E IMUNOLOGIA - TELECONSULTA,SEM_VAGA,0
2026-09-15T13:38:00,CIRURGIA CABEÇA E PESCOÇO,SEM_VAGA,0
2026-09-15T13:38:08,CIRURGIA DA MÃO,VAGA_ENCONTRADA,
2026-09-15T13:38:14,CIRURGIA PLÁSTICA,SEM_VAGA,0
2026-09-15T13:38:19,CIRURGIA VASCULAR,SEM_VAGA,0
2026-09-15T13:38:23,CLÍNICA MÉDICA,SEM_VAGA,0
2026-09-15T13:38:33,DERMATOLOGIA,SEM_VAGA,0
2026-09-15T13:38:36,DERMATOLOGIA - TRIAGEM,SEM_VAGA,0
2026-09-15T13:38:40,DERMATOLOGIA - TRICOLOGIA,SEM_VAGA,0
2026-09-15T13:38:50,FISIOTERAPIA COLUNA CERVICAL,SEM_VAGA,0
2026-09-15T13:38:53,FISIOTERAPIA COLUNA LOMBAR,SEM_VAGA,0
2026-09-15T13:38:57,FISIOTERAPIA MEMBROS INFERIORES,SEM_VAGA,0
2026-09-15T13:39:00,FISIOTERAPIA MEMBROS INFERIORES,SEM_VAGA,0
2026-09-15T13:39:03,GASTROCIRURGIA,SEM_VAGA,0
2026-09-15T13:39:07,GASTROCLÍNICA,SEM_VAGA,0
2026-09-15T13:39:17,GINECOLOGIA-OBSTETRÍCIA,SEM_VAGA,0
2026-09-15T13:39:24,GINECOLOGIA-OBSTETRÍCIA - PRE NATAL (GESTANTE),VAGA_ENCONTRADA,
2026-09-15T13:39:33,INFECTOLOGIA,VAGA_ENCONTRADA,
2026-09-15T13:39:39,NEFROLOGIA,SEM_VAGA,0
2026-09-15T13:39:42,NEUROLOGIA,SEM_VAGA,0
2026-09-15T13:39:45,NUTRIÇÃO - DIETÉTICA,SEM_VAGA,0
2026-09-15T13:39:49,ODONTOLOGIA - ACUPUNTURA,SEM_VAGA,0
2026-09-15T13:39:52,ODONTOLOGIA - ATM,SEM_VAGA,0
2026-09-15T13:39:55,ODONTOLOGIA - DENTÍSTICA,SEM_VAGA,0
2026-09-15T13:39:59,ODONTOLOGIA - ENDODONTIA,SEM_VAGA,0
2026-09-15T13:40:06,ODONTOLOGIA - PERIODONTIA,VAGA_ENCONTRADA,
2026-09-15T13:40:11,OFTALMOLOGIA,SEM_VAGA,0
2026-09-15T13:40:15,OFTALMOLOGIA - FUNDO DE OLHO,SEM_VAGA,0
2026-09-15T13:40:18,OFTALMOLOGIA - GLAUCOMA,SEM_VAGA,0
2026-09-15T13:40:21,ORTOPEDIA,SEM_VAGA,0
2026-09-15T13:40:24,OTORRINOLARINGOLOGIA,SEM_VAGA,0
2026-09-15T13:40:31,PNEUMOLOGIA,VAGA_ENCONTRADA,
2026-09-15T13:40:37,PROCTOLOGIA,SEM_VAGA,0
2026-09-15T13:40:47,REUMATOLOGIA,SEM_VAGA,0
2026-09-15T13:40:50,UROLOGIA,SEM_VAGA,0
2026-09-15T13:45:59,ACUPUNTURA,SEM_VAGA,0
2026-09-15T13:46:02,ALERGIA E IMUNOLOGIA - TELECONSULTA,SEM_VAGA,0
2026-09-15T13:46:13,CIRURGIA CABEÇA E PESCOÇO,SEM_VAGA,0
2026-09-15T13:46:21,CIRURGIA DA MÃO,VAGA_ENCONTRADA,
2026-09-15T13:46:27,CIRURGIA PLÁSTICA,SEM_VAGA,0
2026-09-15T13:46:31,CIRURGIA VASCULAR,SEM_VAGA,0
2026-09-15T13:46:35,CLÍNICA MÉDICA,SEM_VAGA,0
2026-09-15T13:46:45,DERMATOLOGIA,SEM_VAGA,0
2026-09-15T13:46:50,DERMATOLOGIA - TRIAGEM,SEM_VAGA,0
2026-09-15T13:46:54,DERMATOLOGIA - TRICOLOGIA,SEM_VAGA,0
2026-09-15T13:47:04,FISIOTERAPIA COLUNA CERVICAL,SEM_VAGA,0
2026-09-15T13:47:07,FISIOTERAPIA COLUNA LOMBAR,SEM_VAGA,0
2026-09-15T13:47:11,FISIOTERAPIA MEMBROS INFERIORES,SEM_VAGA,0
2026-09-15T13:47:14,FISIOTERAPIA MEMBROS INFERIORES,SEM_VAGA,0
2026-09-15T13:47:17,GASTROCIRURGIA,SEM_VAGA,0
2026-09-15T13:47:21,GASTROCLÍNICA,SEM_VAGA,0
2026-09-15T13:47:31,GINECOLOGIA-OBSTETRÍCIA,SEM_VAGA,0
2026-09-15T13:47:38,GINECOLOGIA-OBSTETRÍCIA - PRE NATAL (GESTANTE),VAGA_ENCONTRADA,
2026-09-15T13:47:48,INFECTOLOGIA,VAGA_ENCONTRADA,
2026-09-15T13:47:54,NEFROLOGIA,SEM_VAGA,0
2026-09-15T13:47:57,NEUROLOGIA,SEM_VAGA,0
2026-09-15T13:48:01,NUTRIÇÃO - DIETÉTICA,SEM_VAGA,0
2026-09-15T13:48:04,ODONTOLOGIA - ACUPUNTURA,SEM_VAGA,0
2026-09-15T13:48:09,ODONTOLOGIA - ATM,SEM_VAGA,0
2026-09-15T13:48:14,ODONTOLOGIA - DENTÍSTICA,SEM_VAGA,0
2026-09-15T13:48:17,ODONTOLOGIA - ENDODONTIA,SEM_VAGA,0
2026-09-15T13:48:24,ODONTOLOGIA - PERIODONTIA,VAGA_ENCONTRADA,
2026-09-15T13:48:30,OFTALMOLOGIA,SEM_VAGA,0
2026-09-15T13:48:33,OFTALMOLOGIA - FUNDO DE OLHO,SEM_VAGA,0
2026-09-15T13:48:36,OFTALMOLOGIA - GLAUCOMA,SEM_VAGA,0
2026-09-15T13:48:39,ORTOPEDIA,SEM_VAGA,0
2026-09-15T13:48:42,OTORRINOLARINGOLOGIA,SEM_VAGA,0
2026-09-15T13:48:49,PNEUMOLOGIA,VAGA_ENCONTRADA,
2026-09-15T13:48:57,PROCTOLOGIA,SEM_VAGA,0
2026-09-15T13:49:07,REUMATOLOGIA,SEM_VAGA,0
2026-09-15T13:49:12,UROLOGIA,SEM_VAGA,0
2026-09-15T13:54:20,ACUPUNTURA,SEM_VAGA,0
2026-09-15T13:54:23,ALERGIA E IMUNOLOGIA - TELECONSULTA,SEM_VAGA,0
2026-09-15T13:54:33,CIRURGIA CABEÇA E PESCOÇO,SEM_VAGA,0
2026-09-15T13:54:40,CIRURGIA DA MÃO,VAGA_ENCONTRADA,
2026-09-15T13:54:47,CIRURGIA PLÁSTICA,SEM_VAGA,0
2026-09-15T13:54:51,CIRURGIA VASCULAR,SEM_VAGA,0
2026-09-15T13:54:55,CLÍNICA MÉDICA,SEM_VAGA,0
2026-09-15T13:55:04,DERMATOLOGIA,SEM_VAGA,0
2026-09-15T13:55:08,DERMATOLOGIA - TRIAGEM,SEM_VAGA,0
2026-09-15T13:55:11,DERMATOLOGIA - TRICOLOGIA,SEM_VAGA,0
2026-09-15T13:55:21,FISIOTERAPIA COLUNA CERVICAL,SEM_VAGA,0
2026-09-15T13:55:24,FISIOTERAPIA COLUNA LOMBAR,SEM_VAGA,0
2026-09-15T13:55:27,FISIOTERAPIA MEMBROS INFERIORES,SEM_VAGA,0
2026-09-15T13:55:30,FISIOTERAPIA MEMBROS INFERIORES,SEM_VAGA,0
2026-09-15T13:55:34,GASTROCIRURGIA,SEM_VAGA,0
2026-09-15T13:55:37,GASTROCLÍNICA,SEM_VAGA,0
2026-09-15T13:55:47,GINECOLOGIA-OBSTETRÍCIA,SEM_VAGA,0
2026-09-15T13:55:54,GINECOLOGIA-OBSTETRÍCIA - PRE NATAL (GESTANTE),VAGA_ENCONTRADA,
2026-09-15T13:56:04,INFECTOLOGIA,VAGA_ENCONTRADA,
2026-09-15T13:56:10,NEFROLOGIA,SEM_VAGA,0
2026-09-15T13:56:12,NEUROLOGIA,SEM_VAGA,0
2026-09-15T13:56:16,NUTRIÇÃO - DIETÉTICA,SEM_VAGA,0
2026-09-15T13:56:19,ODONTOLOGIA - ACUPUNTURA,SEM_VAGA,0
2026-09-15T13:56:23,ODONTOLOGIA - ATM,SEM_VAGA,0
2026-09-15T13:56:27,ODONTOLOGIA - DENTÍSTICA,SEM_VAGA,0
2026-09-15T13:56:30,ODONTOLOGIA - ENDODONTIA,SEM_VAGA,0
2026-09-15T13:56:37,ODONTOLOGIA - PERIODONTIA,VAGA_ENCONTRADA,
2026-09-15T13:56:42,OFTALMOLOGIA,SEM_VAGA,0
2026-09-15T13:56:46,OFTALMOLOGIA - FUNDO DE OLHO,SEM_VAGA,0
2026-09-15T13:56:49,OFTALMOLOGIA - GLAUCOMA,SEM_VAGA,0
2026-09-15T13:56:52,ORTOPEDIA,SEM_VAGA,0
2026-09-15T13:56:55,OTORRINOLARINGOLOGIA,SEM_VAGA,0
2026-09-15T13:57:02,PNEUMOLOGIA,VAGA_ENCONTRADA,
2026-09-15T13:57:08,PROCTOLOGIA,SEM_VAGA,0
2026-09-15T13:57:18,REUMATOLOGIA,SEM_VAGA,0
2026-09-15T13:57:21,UROLOGIA,SEM_VAGA,0
2026-09-15T14:02:29,ACUPUNTURA,SEM_VAGA,0
2026-09-15T14:02:33,ALERGIA E IMUNOLOGIA - TELECONSULTA,SEM_VAGA,0
2026-09-15T14:02:42,CIRURGIA CABEÇA E PESCOÇO,SEM_VAGA,0
2026-09-15T14:02:49,CIRURGIA DA MÃO,VAGA_ENCONTRADA,
2026-09-15T14:02:55,CIRURGIA PLÁSTICA,SEM_VAGA,0
2026-09-15T14:02:58,CIRURGIA VASCULAR,SEM_VAGA,0
2026-09-15T14:03:01,CLÍNICA MÉDICA,SEM_VAGA,0
2026-09-15T14:03:12,DERMATOLOGIA,SEM_VAGA,0
2026-09-15T14:03:15,DERMATOLOGIA - TRIAGEM,SEM_VAGA,0
2026-09-15T14:03:18,DERMATOLOGIA - TRICOLOGIA,SEM_VAGA,0
2026-09-15T14:03:28,FISIOTERAPIA COLUNA CERVICAL,SEM_VAGA,0
2026-09-15T14:03:31,FISIOTERAPIA COLUNA LOMBAR,SEM_VAGA,0
2026-09-15T14:03:35,FISIOTERAPIA MEMBROS INFERIORES,SEM_VAGA,0
2026-09-15T14:03:38,FISIOTERAPIA MEMBROS INFERIORES,SEM_VAGA,0
2026-09-15T14:03:42,GASTROCIRURGIA,SEM_VAGA,0
2026-09-15T14:03:45,GASTROCLÍNICA,SEM_VAGA,0
2026-09-15T14:03:55,GINECOLOGIA-OBSTETRÍCIA,SEM_VAGA,0
2026-09-15T14:04:02,GINECOLOGIA-OBSTETRÍCIA - PRE NATAL (GESTANTE),VAGA_ENCONTRADA,
2026-09-15T14:04:11,INFECTOLOGIA,VAGA_ENCONTRADA,
2026-09-15T14:04:17,NEFROLOGIA,SEM_VAGA,0
2026-09-15T14:04:21,NEUROLOGIA,SEM_VAGA,0
2026-09-15T14:04:24,NUTRIÇÃO - DIETÉTICA,SEM_VAGA,0
2026-09-15T14:04:27,ODONTOLOGIA - ACUPUNTURA,SEM_VAGA,0
2026-09-15T14:04:30,ODONTOLOGIA - ATM,SEM_VAGA,0
2026-09-15T14:04:34,ODONTOLOGIA - DENTÍSTICA,SEM_VAGA,0
2026-09-15T14:04:37,ODONTOLOGIA - ENDODONTIA,SEM_VAGA,0
2026-09-15T14:04:44,ODONTOLOGIA - PERIODONTIA,VAGA_ENCONTRADA,
2026-09-15T14:04:50,OFTALMOLOGIA,SEM_VAGA,0
2026-09-15T14:04:53,OFTALMOLOGIA - FUNDO DE OLHO,SEM_VAGA,0
2026-09-15T14:04:56,OFTALMOLOGIA - GLAUCOMA,SEM_VAGA,0
2026-09-15T14:04:59,ORTOPEDIA,SEM_VAGA,0
2026-09-15T14:05:02,OTORRINOLARINGOLOGIA,SEM_VAGA,0
2026-09-15T14:05:09,PNEUMOLOGIA,VAGA_ENCONTRADA,
2026-09-15T14:05:15,PROCTOLOGIA,SEM_VAGA,0
2026-09-15T14:05:25,REUMATOLOGIA,SEM_VAGA,0
2026-09-15T14:05:28,UROLOGIA,SEM_VAGA,0
2026-09-15T14:10:37,ACUPUNTURA,SEM_VAGA,0
2026-09-15T14:10:40,ALERGIA E IMUNOLOGIA - TELECONSULTA,SEM_VAGA,0
2026-09-15T14:10:50,CIRURGIA CABEÇA E PESCOÇO,SEM_VAGA,0
2026-09-15T14:10:57,CIRURGIA DA MÃO,VAGA_ENCONTRADA,
2026-09-15T14:11:03,CIRURGIA PLÁSTICA,SEM_VAGA,0
2026-09-15T14:11:07,CIRURGIA VASCULAR,SEM_VAGA,0
2026-09-15T14:11:10,CLÍNICA MÉDICA,SEM_VAGA,0
2026-09-15T14:11:21,DERMATOLOGIA,SEM_VAGA,0
2026-09-15T14:11:25,DERMATOLOGIA - TRIAGEM,SEM_VAGA,0
2026-09-15T14:11:30,DERMATOLOGIA - TRICOLOGIA,SEM_VAGA,0
2026-09-15T14:11:41,FISIOTERAPIA COLUNA CERVICAL,SEM_VAGA,0
2026-09-15T14:11:45,FISIOTERAPIA COLUNA LOMBAR,SEM_VAGA,0
2026-09-15T14:11:49,FISIOTERAPIA MEMBROS INFERIORES,SEM_VAGA,0
2026-09-15T14:11:53,FISIOTERAPIA MEMBROS INFERIORES,SEM_VAGA,0
2026-09-15T14:11:56,GASTROCIRURGIA,SEM_VAGA,0
2026-09-15T14:11:59,GASTROCLÍNICA,SEM_VAGA,0
2026-09-15T14:12:13,GINECOLOGIA-OBSTETRÍCIA,VAGA_ENCONTRADA,
2026-09-15T14:12:23,GINECOLOGIA-OBSTETRÍCIA - PRE NATAL (GESTANTE),VAGA_ENCONTRADA,
2026-09-15T14:12:33,INFECTOLOGIA,VAGA_ENCONTRADA,
2026-09-15T14:12:39,NEFROLOGIA,SEM_VAGA,0
2026-09-15T14:12:42,NEUROLOGIA,SEM_VAGA,0
2026-09-15T14:12:46,NUTRIÇÃO - DIETÉTICA,SEM_VAGA,0
2026-09-15T14:12:49,ODONTOLOGIA - ACUPUNTURA,SEM_VAGA,0
2026-09-15T14:12:52,ODONTOLOGIA - ATM,SEM_VAGA,0
2026-09-15T14:12:55,ODONTOLOGIA - DENTÍSTICA,SEM_VAGA,0
2026-09-15T14:12:58,ODONTOLOGIA - ENDODONTIA,SEM_VAGA,0
2026-09-15T14:13:05,ODONTOLOGIA - PERIODONTIA,VAGA_ENCONTRADA,
2026-09-15T14:13:12,OFTALMOLOGIA,SEM_VAGA,0
2026-09-15T14:13:15,OFTALMOLOGIA - FUNDO DE OLHO,SEM_VAGA,0
2026-09-15T14:13:18,OFTALMOLOGIA - GLAUCOMA,SEM_VAGA,0
2026-09-15T14:13:22,ORTOPEDIA,SEM_VAGA,0
2026-09-15T14:13:25,OTORRINOLARINGOLOGIA,SEM_VAGA,0
2026-09-15T14:13:32,PNEUMOLOGIA,VAGA_ENCONTRADA,
2026-09-15T14:13:38,PROCTOLOGIA,SEM_VAGA,0
2026-09-15T14:13:48,REUMATOLOGIA,SEM_VAGA,0
2026-09-15T14:13:52,UROLOGIA,SEM_VAGA,0
2026-09-15T14:19:01,ACUPUNTURA,SEM_VAGA,0
2026-09-15T14:19:04,ALERGIA E IMUNOLOGIA - TELECONSULTA,SEM_VAGA,0
2026-09-15T14:19:14,CIRURGIA CABEÇA E PESCOÇO,SEM_VAGA,0
2026-09-15T14:19:21,CIRURGIA DA MÃO,VAGA_ENCONTRADA,
2026-09-15T14:19:28,CIRURGIA PLÁSTICA,SEM_VAGA,0
2026-09-15T14:19:32,CIRURGIA VASCULAR,SEM_VAGA,0
2026-09-15T14:19:37,CLÍNICA MÉDICA,SEM_VAGA,0
2026-09-15T14:19:47,DERMATOLOGIA,SEM_VAGA,0
2026-09-15T14:19:50,DERMATOLOGIA - TRIAGEM,SEM_VAGA,0
2026-09-15T14:19:53,DERMATOLOGIA - TRICOLOGIA,SEM_VAGA,0
2026-09-15T14:20:03,FISIOTERAPIA COLUNA CERVICAL,SEM_VAGA,0
2026-09-15T14:20:07,FISIOTERAPIA COLUNA LOMBAR,SEM_VAGA,0
2026-09-15T14:20:10,FISIOTERAPIA MEMBROS INFERIORES,SEM_VAGA,0
2026-09-15T14:20:13,FISIOTERAPIA MEMBROS INFERIORES,SEM_VAGA,0
2026-09-15T14:20:17,GASTROCIRURGIA,SEM_VAGA,0
2026-09-15T14:20:21,GASTROCLÍNICA,SEM_VAGA,0
2026-09-15T14:20:35,GINECOLOGIA-OBSTETRÍCIA,VAGA_ENCONTRADA,
2026-09-15T14:20:45,GINECOLOGIA-OBSTETRÍCIA - PRE NATAL (GESTANTE),VAGA_ENCONTRADA,
2026-09-15T14:20:55,INFECTOLOGIA,VAGA_ENCONTRADA,
2026-09-15T14:21:01,NEFROLOGIA,SEM_VAGA,0
2026-09-15T14:21:04,NEUROLOGIA,SEM_VAGA,0
2026-09-15T14:21:07,NUTRIÇÃO - DIETÉTICA,SEM_VAGA,0
2026-09-15T14:21:10,ODONTOLOGIA - ACUPUNTURA,SEM_VAGA,0
2026-09-15T14:21:14,ODONTOLOGIA - ATM,SEM_VAGA,0
2026-09-15T14:21:17,ODONTOLOGIA - DENTÍSTICA,SEM_VAGA,0
2026-09-15T14:21:20,ODONTOLOGIA - ENDODONTIA,SEM_VAGA,0
2026-09-15T14:21:27,ODONTOLOGIA - PERIODONTIA,VAGA_ENCONTRADA,
2026-09-15T14:21:34,OFTALMOLOGIA,SEM_VAGA,0
2026-09-15T14:21:38,OFTALMOLOGIA - FUNDO DE OLHO,SEM_VAGA,0
2026-09-15T14:21:43,OFTALMOLOGIA - GLAUCOMA,SEM_VAGA,0
2026-09-15T14:21:47,ORTOPEDIA,SEM_VAGA,0
2026-09-15T14:21:50,OTORRINOLARINGOLOGIA,SEM_VAGA,0
2026-09-15T14:21:57,PNEUMOLOGIA,VAGA_ENCONTRADA,
2026-09-15T14:22:03,PROCTOLOGIA,SEM_VAGA,0
2026-09-15T14:22:13,REUMATOLOGIA,SEM_VAGA,0
2026-09-15T14:22:17,UROLOGIA,SEM_VAGA,0
2026-09-15T14:27:26,ACUPUNTURA,SEM_VAGA,0
2026-09-15T14:27:30,ALERGIA E IMUNOLOGIA - TELECONSULTA,SEM_VAGA,0
2026-09-15T14:27:40,CIRURGIA CABEÇA E PESCOÇO,SEM_VAGA,0
2026-09-15T14:27:47,CIRURGIA DA MÃO,VAGA_ENCONTRADA,
2026-09-15T14:27:54,CIRURGIA PLÁSTICA,SEM_VAGA,0
2026-09-15T14:27:59,CIRURGIA VASCULAR,SEM_VAGA,0
2026-09-15T14:28:03,CLÍNICA MÉDICA,SEM_VAGA,0
2026-09-15T14:28:13,DERMATOLOGIA,SEM_VAGA,0
2026-09-15T14:28:17,DERMATOLOGIA - TRIAGEM,SEM_VAGA,0
2026-09-15T14:28:20,DERMATOLOGIA - TRICOLOGIA,SEM_VAGA,0
2026-09-15T14:28:30,FISIOTERAPIA COLUNA CERVICAL,SEM_VAGA,0
2026-09-15T14:28:33,FISIOTERAPIA COLUNA LOMBAR,SEM_VAGA,0
2026-09-15T14:28:36,FISIOTERAPIA MEMBROS INFERIORES,SEM_VAGA,0
2026-09-15T14:28:40,FISIOTERAPIA MEMBROS INFERIORES,SEM_VAGA,0
2026-09-15T14:28:44,GASTROCIRURGIA,SEM_VAGA,0
2026-09-15T14:28:48,GASTROCLÍNICA,SEM_VAGA,0
2026-09-15T14:28:58,GINECOLOGIA-OBSTETRÍCIA,SEM_VAGA,0
2026-09-15T14:29:05,GINECOLOGIA-OBSTETRÍCIA - PRE NATAL (GESTANTE),VAGA_ENCONTRADA,
2026-09-15T14:29:15,INFECTOLOGIA,VAGA_ENCONTRADA,
2026-09-15T14:29:21,NEFROLOGIA,SEM_VAGA,0
2026-09-15T14:29:24,NEUROLOGIA,SEM_VAGA,0
2026-09-15T14:29:28,NUTRIÇÃO - DIETÉTICA,SEM_VAGA,0
2026-09-15T14:29:31,ODONTOLOGIA - ACUPUNTURA,SEM_VAGA,0
2026-09-15T14:29:34,ODONTOLOGIA - ATM,SEM_VAGA,0
2026-09-15T14:29:37,ODONTOLOGIA - DENTÍSTICA,SEM_VAGA,0
2026-09-15T14:29:40,ODONTOLOGIA - ENDODONTIA,SEM_VAGA,0
2026-09-15T14:29:47,ODONTOLOGIA - PERIODONTIA,VAGA_ENCONTRADA,
2026-09-15T14:29:54,OFTALMOLOGIA,SEM_VAGA,0
2026-09-15T14:29:58,OFTALMOLOGIA - FUNDO DE OLHO,SEM_VAGA,0
2026-09-15T14:30:02,OFTALMOLOGIA - GLAUCOMA,SEM_VAGA,0
2026-09-15T14:30:09,ORTOPEDIA,VAGA_ENCONTRADA,
2026-09-15T14:30:15,OTORRINOLARINGOLOGIA,SEM_VAGA,0
2026-09-15T14:30:22,PNEUMOLOGIA,VAGA_ENCONTRADA,
2026-09-15T14:30:29,PROCTOLOGIA,SEM_VAGA,0
2026-09-15T14:30:38,REUMATOLOGIA,SEM_VAGA,0
2026-09-15T14:30:42,UROLOGIA,SEM_VAGA,0
2026-09-15T14:35:50,ACUPUNTURA,SEM_VAGA,0
2026-09-15T14:35:53,ALERGIA E IMUNOLOGIA - TELECONSULTA,SEM_VAGA,0
2026-09-15T14:36:03,CIRURGIA CABEÇA E PESCOÇO,SEM_VAGA,0
2026-09-15T14:36:10,CIRURGIA DA MÃO,VAGA_ENCONTRADA,
2026-09-15T14:36:16,CIRURGIA PLÁSTICA,SEM_VAGA,0
2026-09-15T14:36:19,CIRURGIA VASCULAR,SEM_VAGA,0
2026-09-15T14:36:22,CLÍNICA MÉDICA,SEM_VAGA,0
2026-09-15T14:36:32,DERMATOLOGIA,SEM_VAGA,0
2026-09-15T14:36:35,DERMATOLOGIA - TRIAGEM,SEM_VAGA,0
2026-09-15T14:36:38,DERMATOLOGIA - TRICOLOGIA,SEM_VAGA,0
2026-09-15T14:36:48,FISIOTERAPIA COLUNA CERVICAL,SEM_VAGA,0
2026-09-15T14:36:52,FISIOTERAPIA COLUNA LOMBAR,SEM_VAGA,0
2026-09-15T14:36:55,FISIOTERAPIA MEMBROS INFERIORES,SEM_VAGA,0
2026-09-15T14:36:59,FISIOTERAPIA MEMBROS INFERIORES,SEM_VAGA,0
2026-09-15T14:37:04,GASTROCIRURGIA,SEM_VAGA,0
2026-09-15T14:37:08,GASTROCLÍNICA,SEM_VAGA,0
2026-09-15T14:37:19,GINECOLOGIA-OBSTETRÍCIA,SEM_VAGA,0
2026-09-15T14:37:26,GINECOLOGIA-OBSTETRÍCIA - PRE NATAL (GESTANTE),VAGA_ENCONTRADA,
2026-09-15T14:37:35,INFECTOLOGIA,VAGA_ENCONTRADA,
2026-09-15T14:37:41,NEFROLOGIA,SEM_VAGA,0
2026-09-15T14:37:44,NEUROLOGIA,SEM_VAGA,0
2026-09-15T14:37:48,NUTRIÇÃO - DIETÉTICA,SEM_VAGA,0
2026-09-15T14:37:51,ODONTOLOGIA - ACUPUNTURA,SEM_VAGA,0
2026-09-15T14:37:54,ODONTOLOGIA - ATM,SEM_VAGA,0
2026-09-15T14:37:57,ODONTOLOGIA - DENTÍSTICA,SEM_VAGA,0
2026-09-15T14:38:01,ODONTOLOGIA - ENDODONTIA,SEM_VAGA,0
2026-09-15T14:38:08,ODONTOLOGIA - PERIODONTIA,VAGA_ENCONTRADA,
2026-09-15T14:38:13,OFTALMOLOGIA,SEM_VAGA,0
2026-09-15T14:38:16,OFTALMOLOGIA - FUNDO DE OLHO,SEM_VAGA,0
2026-09-15T14:38:20,OFTALMOLOGIA - GLAUCOMA,SEM_VAGA,0
2026-09-15T14:38:23,ORTOPEDIA,SEM_VAGA,0
2026-09-15T14:38:26,OTORRINOLARINGOLOGIA,SEM_VAGA,0
2026-09-15T14:38:33,PNEUMOLOGIA,VAGA_ENCONTRADA,
2026-09-15T14:38:40,PROCTOLOGIA,SEM_VAGA,0
2026-09-15T14:38:51,REUMATOLOGIA,SEM_VAGA,0
2026-09-15T14:38:55,UROLOGIA,SEM_VAGA,0
2026-09-15T14:44:03,ACUPUNTURA,SEM_VAGA,0
2026-09-15T14:44:06,ALERGIA E IMUNOLOGIA - TELECONSULTA,SEM_VAGA,0
2026-09-15T14:44:16,CIRURGIA CABEÇA E PESCOÇO,SEM_VAGA,0
2026-09-15T14:44:23,CIRURGIA DA MÃO,VAGA_ENCONTRADA,
2026-09-15T14:44:29,CIRURGIA PLÁSTICA,SEM_VAGA,0
2026-09-15T14:44:33,CIRURGIA VASCULAR,SEM_VAGA,0
2026-09-15T14:44:36,CLÍNICA MÉDICA,SEM_VAGA,0
2026-09-15T14:44:47,DERMATOLOGIA,SEM_VAGA,0
2026-09-15T14:44:50,DERMATOLOGIA - TRIAGEM,SEM_VAGA,0
2026-09-15T14:44:54,DERMATOLOGIA - TRICOLOGIA,SEM_VAGA,0
2026-09-15T14:45:04,FISIOTERAPIA COLUNA CERVICAL,SEM_VAGA,0
2026-09-15T14:45:07,FISIOTERAPIA COLUNA LOMBAR,SEM_VAGA,0
2026-09-15T14:45:10,FISIOTERAPIA MEMBROS INFERIORES,SEM_VAGA,0
2026-09-15T14:45:13,FISIOTERAPIA MEMBROS INFERIORES,SEM_VAGA,0
2026-09-15T14:45:17,GASTROCIRURGIA,SEM_VAGA,0
2026-09-15T14:45:20,GASTROCLÍNICA,SEM_VAGA,0
2026-09-15T14:45:30,GINECOLOGIA-OBSTETRÍCIA,SEM_VAGA,0
2026-09-15T14:45:37,GINECOLOGIA-OBSTETRÍCIA - PRE NATAL (GESTANTE),VAGA_ENCONTRADA,
2026-09-15T14:45:46,INFECTOLOGIA,VAGA_ENCONTRADA,
2026-09-15T14:45:52,NEFROLOGIA,SEM_VAGA,0
2026-09-15T14:45:56,NEUROLOGIA,SEM_VAGA,0
2026-09-15T14:45:59,NUTRIÇÃO - DIETÉTICA,SEM_VAGA,0
2026-09-15T14:46:02,ODONTOLOGIA - ACUPUNTURA,SEM_VAGA,0
2026-09-15T14:46:05,ODONTOLOGIA - ATM,SEM_VAGA,0
2026-09-15T14:46:09,ODONTOLOGIA - DENTÍSTICA,SEM_VAGA,0
2026-09-15T14:46:12,ODONTOLOGIA - ENDODONTIA,SEM_VAGA,0
2026-09-15T14:46:19,ODONTOLOGIA - PERIODONTIA,VAGA_ENCONTRADA,
2026-09-15T14:46:25,OFTALMOLOGIA,SEM_VAGA,0
2026-09-15T14:46:29,OFTALMOLOGIA - FUNDO DE OLHO,SEM_VAGA,0
2026-09-15T14:46:32,OFTALMOLOGIA - GLAUCOMA,SEM_VAGA,0
2026-09-15T14:46:35,ORTOPEDIA,SEM_VAGA,0
2026-09-15T14:46:38,OTORRINOLARINGOLOGIA,SEM_VAGA,0
2026-09-15T14:46:45,PNEUMOLOGIA,VAGA_ENCONTRADA,
2026-09-15T14:46:51,PROCTOLOGIA,SEM_VAGA,0
2026-09-15T14:47:01,REUMATOLOGIA,SEM_VAGA,0
2026-09-15T14:47:04,UROLOGIA,SEM_VAGA,0
2026-09-15T14:52:12,ACUPUNTURA,SEM_VAGA,0
2026-09-15T14:52:16,ALERGIA E IMUNOLOGIA - TELECONSULTA,SEM_VAGA,0
2026-09-15T14:52:26,CIRURGIA CABEÇA E PESCOÇO,SEM_VAGA,0
2026-09-15T14:52:33,CIRURGIA DA MÃO,VAGA_ENCONTRADA,
2026-09-15T14:52:39,CIRURGIA PLÁSTICA,SEM_VAGA,0
2026-09-15T14:52:42,CIRURGIA VASCULAR,SEM_VAGA,0
2026-09-15T14:52:47,CLÍNICA MÉDICA,SEM_VAGA,0
2026-09-15T14:52:58,DERMATOLOGIA,SEM_VAGA,0
2026-09-15T14:53:02,DERMATOLOGIA - TRIAGEM,SEM_VAGA,0
2026-09-15T14:53:06,DERMATOLOGIA - TRICOLOGIA,SEM_VAGA,0
2026-09-15T14:53:16,FISIOTERAPIA COLUNA CERVICAL,SEM_VAGA,0
2026-09-15T14:53:19,FISIOTERAPIA COLUNA LOMBAR,SEM_VAGA,0
2026-09-15T14:53:23,FISIOTERAPIA MEMBROS INFERIORES,SEM_VAGA,0
2026-09-15T14:53:26,FISIOTERAPIA MEMBROS INFERIORES,SEM_VAGA,0
2026-09-15T14:53:29,GASTROCIRURGIA,SEM_VAGA,0
2026-09-15T14:53:32,GASTROCLÍNICA,SEM_VAGA,0
2026-09-15T14:53:42,GINECOLOGIA-OBSTETRÍCIA,SEM_VAGA,0
2026-09-15T14:53:49,GINECOLOGIA-OBSTETRÍCIA - PRE NATAL (GESTANTE),VAGA_ENCONTRADA,
2026-09-15T14:53:59,INFECTOLOGIA,VAGA_ENCONTRADA,
2026-09-15T14:54:06,NEFROLOGIA,SEM_VAGA,0
2026-09-15T14:54:09,NEUROLOGIA,SEM_VAGA,0
2026-09-15T14:54:12,NUTRIÇÃO - DIETÉTICA,SEM_VAGA,0
2026-09-15T14:54:15,ODONTOLOGIA - ACUPUNTURA,SEM_VAGA,0
2026-09-15T14:54:18,ODONTOLOGIA - ATM,SEM_VAGA,0
2026-09-15T14:54:21,ODONTOLOGIA - DENTÍSTICA,SEM_VAGA,0
2026-09-15T14:54:25,ODONTOLOGIA - ENDODONTIA,SEM_VAGA,0
2026-09-15T14:54:32,ODONTOLOGIA - PERIODONTIA,VAGA_ENCONTRADA,
2026-09-15T14:54:37,OFTALMOLOGIA,SEM_VAGA,0
2026-09-15T14:54:41,OFTALMOLOGIA - FUNDO DE OLHO,SEM_VAGA,0
2026-09-15T14:54:44,OFTALMOLOGIA - GLAUCOMA,SEM_VAGA,0
2026-09-15T14:54:47,ORTOPEDIA,SEM_VAGA,0
2026-09-15T14:54:50,OTORRINOLARINGOLOGIA,SEM_VAGA,0
2026-09-15T14:54:57,PNEUMOLOGIA,VAGA_ENCONTRADA,
2026-09-15T14:55:03,PROCTOLOGIA,SEM_VAGA,0
2026-09-15T14:55:13,REUMATOLOGIA,SEM_VAGA,0
2026-09-15T14:55:16,UROLOGIA,SEM_VAGA,0
2026-09-15T15:00:26,ACUPUNTURA,SEM_VAGA,0
2026-09-15T15:00:29,ALERGIA E IMUNOLOGIA - TELECONSULTA,SEM_VAGA,0
2026-09-15T15:00:39,CIRURGIA CABEÇA E PESCOÇO,SEM_VAGA,0
2026-09-15T15:00:46,CIRURGIA DA MÃO,VAGA_ENCONTRADA,
2026-09-15T15:00:52,CIRURGIA PLÁSTICA,SEM_VAGA,0
2026-09-15T15:00:57,CIRURGIA VASCULAR,SEM_VAGA,0
2026-09-15T15:01:01,CLÍNICA MÉDICA,SEM_VAGA,0
2026-09-15T15:01:13,DERMATOLOGIA,SEM_VAGA,0
2026-09-15T15:01:17,DERMATOLOGIA - TRIAGEM,SEM_VAGA,0
2026-09-15T15:01:21,DERMATOLOGIA - TRICOLOGIA,SEM_VAGA,0
2026-09-15T15:01:31,FISIOTERAPIA COLUNA CERVICAL,SEM_VAGA,0
2026-09-15T15:01:34,FISIOTERAPIA COLUNA LOMBAR,SEM_VAGA,0
2026-09-15T15:01:37,FISIOTERAPIA MEMBROS INFERIORES,SEM_VAGA,0
2026-09-15T15:01:40,FISIOTERAPIA MEMBROS INFERIORES,SEM_VAGA,0
2026-09-15T15:01:44,GASTROCIRURGIA,SEM_VAGA,0
2026-09-15T15:01:47,GASTROCLÍNICA,SEM_VAGA,0
2026-09-15T15:01:57,GINECOLOGIA-OBSTETRÍCIA,SEM_VAGA,0
2026-09-15T15:02:04,GINECOLOGIA-OBSTETRÍCIA - PRE NATAL (GESTANTE),VAGA_ENCONTRADA,
2026-09-15T15:02:13,INFECTOLOGIA,VAGA_ENCONTRADA,
2026-09-15T15:02:19,NEFROLOGIA,SEM_VAGA,0
2026-09-15T15:02:22,NEUROLOGIA,SEM_VAGA,0
2026-09-15T15:02:26,NUTRIÇÃO - DIETÉTICA,SEM_VAGA,0
2026-09-15T15:02:29,ODONTOLOGIA - ACUPUNTURA,SEM_VAGA,0
2026-09-15T15:02:32,ODONTOLOGIA - ATM,SEM_VAGA,0
2026-09-15T15:02:35,ODONTOLOGIA - DENTÍSTICA,SEM_VAGA,0
2026-09-15T15:02:38,ODONTOLOGIA - ENDODONTIA,SEM_VAGA,0
2026-09-15T15:02:45,ODONTOLOGIA - PERIODONTIA,VAGA_ENCONTRADA,
2026-09-15T15:02:51,OFTALMOLOGIA,SEM_VAGA,0
2026-09-15T15:02:55,OFTALMOLOGIA - FUNDO DE OLHO,SEM_VAGA,0
2026-09-15T15:02:58,OFTALMOLOGIA - GLAUCOMA,SEM_VAGA,0
2026-09-15T15:03:01,ORTOPEDIA,SEM_VAGA,0
2026-09-15T15:03:05,OTORRINOLARINGOLOGIA,SEM_VAGA,0
2026-09-15T15:03:11,PNEUMOLOGIA,VAGA_ENCONTRADA,
2026-09-15T15:03:18,PROCTOLOGIA,SEM_VAGA,0
2026-09-15T15:03:28,REUMATOLOGIA,SEM_VAGA,0
2026-09-15T15:03:33,UROLOGIA,SEM_VAGA,0
2026-09-15T15:08:41,ACUPUNTURA,SEM_VAGA,0
2026-09-15T15:08:44,ALERGIA E IMUNOLOGIA - TELECONSULTA,SEM_VAGA,0
2026-09-15T15:08:54,CIRURGIA CABEÇA E PESCOÇO,SEM_VAGA,0
2026-09-15T15:09:01,CIRURGIA DA MÃO,VAGA_ENCONTRADA,
2026-09-15T15:09:07,CIRURGIA PLÁSTICA,SEM_VAGA,0
2026-09-15T15:09:10,CIRURGIA VASCULAR,SEM_VAGA,0
2026-09-15T15:09:14,CLÍNICA MÉDICA,SEM_VAGA,0
2026-09-15T15:09:24,DERMATOLOGIA,SEM_VAGA,0
2026-09-15T15:09:27,DERMATOLOGIA - TRIAGEM,SEM_VAGA,0
2026-09-15T15:09:30,DERMATOLOGIA - TRICOLOGIA,SEM_VAGA,0
2026-09-15T15:09:40,FISIOTERAPIA COLUNA CERVICAL,SEM_VAGA,0
2026-09-15T15:09:43,FISIOTERAPIA COLUNA LOMBAR,SEM_VAGA,0
2026-09-15T15:09:46,FISIOTERAPIA MEMBROS INFERIORES,SEM_VAGA,0
2026-09-15T15:09:51,FISIOTERAPIA MEMBROS INFERIORES,SEM_VAGA,0
2026-09-15T15:09:54,GASTROCIRURGIA,SEM_VAGA,0
2026-09-15T15:09:57,GASTROCLÍNICA,SEM_VAGA,0
2026-09-15T15:10:07,GINECOLOGIA-OBSTETRÍCIA,SEM_VAGA,0
2026-09-15T15:10:14,GINECOLOGIA-OBSTETRÍCIA - PRE NATAL (GESTANTE),VAGA_ENCONTRADA,
2026-09-15T15:10:24,INFECTOLOGIA,VAGA_ENCONTRADA,
2026-09-15T15:10:30,NEFROLOGIA,SEM_VAGA,0
2026-09-15T15:10:33,NEUROLOGIA,SEM_VAGA,0
2026-09-15T15:10:36,NUTRIÇÃO - DIETÉTICA,SEM_VAGA,0
2026-09-15T15:10:40,ODONTOLOGIA - ACUPUNTURA,SEM_VAGA,0
2026-09-15T15:10:43,ODONTOLOGIA - ATM,SEM_VAGA,0
2026-09-15T15:10:46,ODONTOLOGIA - DENTÍSTICA,SEM_VAGA,0
2026-09-15T15:10:49,ODONTOLOGIA - ENDODONTIA,SEM_VAGA,0
2026-09-15T15:10:56,ODONTOLOGIA - PERIODONTIA,VAGA_ENCONTRADA,
2026-09-15T15:11:02,OFTALMOLOGIA,SEM_VAGA,0
2026-09-15T15:11:05,OFTALMOLOGIA - FUNDO DE OLHO,SEM_VAGA,0
2026-09-15T15:11:09,OFTALMOLOGIA - GLAUCOMA,SEM_VAGA,0
2026-09-15T15:11:12,ORTOPEDIA,SEM_VAGA,0
2026-09-15T15:11:15,OTORRINOLARINGOLOGIA,SEM_VAGA,0
2026-09-15T15:11:22,PNEUMOLOGIA,VAGA_ENCONTRADA,
2026-09-15T15:11:28,PROCTOLOGIA,SEM_VAGA,0
2026-09-15T15:11:38,REUMATOLOGIA,SEM_VAGA,0
2026-09-15T15:11:41,UROLOGIA,SEM_VAGA,0
2026-09-15T15:16:49,ACUPUNTURA,SEM_VAGA,0
2026-09-15T15:16:53,ALERGIA E IMUNOLOGIA - TELECONSULTA,SEM_VAGA,0
2026-09-15T15:17:03,CIRURGIA CABEÇA E PESCOÇO,SEM_VAGA,0
2026-09-15T15:17:09,CIRURGIA DA MÃO,VAGA_ENCONTRADA,
2026-09-15T15:17:15,CIRURGIA PLÁSTICA,SEM_VAGA,0
2026-09-15T15:17:18,CIRURGIA VASCULAR,SEM_VAGA,0
2026-09-15T15:17:21,CLÍNICA MÉDICA,SEM_VAGA,0
2026-09-15T15:17:31,DERMATOLOGIA,SEM_VAGA,0
2026-09-15T15:17:34,DERMATOLOGIA - TRIAGEM,SEM_VAGA,0
2026-09-15T15:17:38,DERMATOLOGIA - TRICOLOGIA,SEM_VAGA,0
2026-09-15T15:17:48,FISIOTERAPIA COLUNA CERVICAL,SEM_VAGA,0
2026-09-15T15:17:51,FISIOTERAPIA COLUNA LOMBAR,SEM_VAGA,0
2026-09-15T15:17:54,FISIOTERAPIA MEMBROS INFERIORES,SEM_VAGA,0
2026-09-15T15:17:58,FISIOTERAPIA MEMBROS INFERIORES,SEM_VAGA,0
2026-09-15T15:18:01,GASTROCIRURGIA,SEM_VAGA,0
2026-09-15T15:18:04,GASTROCLÍNICA,SEM_VAGA,0
2026-09-15T15:18:14,GINECOLOGIA-OBSTETRÍCIA,SEM_VAGA,0
2026-09-15T15:18:21,GINECOLOGIA-OBSTETRÍCIA - PRE NATAL (GESTANTE),VAGA_ENCONTRADA,
2026-09-15T15:18:31,INFECTOLOGIA,VAGA_ENCONTRADA,
2026-09-15T15:18:36,NEFROLOGIA,SEM_VAGA,0
2026-09-15T15:18:40,NEUROLOGIA,SEM_VAGA,0
2026-09-15T15:18:43,NUTRIÇÃO - DIETÉTICA,SEM_VAGA,0
2026-09-15T15:18:46,ODONTOLOGIA - ACUPUNTURA,SEM_VAGA,0
2026-09-15T15:18:49,ODONTOLOGIA - ATM,SEM_VAGA,0
2026-09-15T15:18:53,ODONTOLOGIA - DENTÍSTICA,SEM_VAGA,0
2026-09-15T15:18:56,ODONTOLOGIA - ENDODONTIA,SEM_VAGA,0
2026-09-15T15:19:03,ODONTOLOGIA - PERIODONTIA,VAGA_ENCONTRADA,
2026-09-15T15:19:09,OFTALMOLOGIA,SEM_VAGA,0
2026-09-15T15:19:12,OFTALMOLOGIA - FUNDO DE OLHO,SEM_VAGA,0
2026-09-15T15:19:15,OFTALMOLOGIA - GLAUCOMA,SEM_VAGA,0
2026-09-15T15:19:18,ORTOPEDIA,SEM_VAGA,0
2026-09-15T15:19:22,OTORRINOLARINGOLOGIA,SEM_VAGA,0
2026-09-15T15:19:29,PNEUMOLOGIA,VAGA_ENCONTRADA,
2026-09-15T15:19:34,PROCTOLOGIA,SEM_VAGA,0
2026-09-15T15:19:44,REUMATOLOGIA,SEM_VAGA,0
2026-09-15T15:19:48,UROLOGIA,SEM_VAGA,0
2026-09-15T15:24:58,ACUPUNTURA,SEM_VAGA,0
2026-09-15T15:49:02,ACUPUNTURA,SEM_VAGA,0
2026-09-15T15:49:05,ALERGIA E IMUNOLOGIA - TELECONSULTA,SEM_VAGA,0
2026-09-15T15:49:19,CIRURGIA CABEÇA E PESCOÇO,VAGA_ENCONTRADA,
2026-09-15T15:49:29,CIRURGIA DA MÃO,VAGA_ENCONTRADA,
2026-09-15T15:49:35,CIRURGIA PLÁSTICA,SEM_VAGA,0
2026-09-15T15:49:38,CIRURGIA VASCULAR,SEM_VAGA,0
2026-09-15T15:49:41,CLÍNICA MÉDICA,SEM_VAGA,0
2026-09-15T15:49:52,DERMATOLOGIA,SEM_VAGA,0
2026-09-15T15:49:55,DERMATOLOGIA - TRIAGEM,SEM_VAGA,0
2026-09-15T15:49:59,DERMATOLOGIA - TRICOLOGIA,SEM_VAGA,0
2026-09-15T15:50:09,FISIOTERAPIA COLUNA CERVICAL,SEM_VAGA,0
2026-09-15T15:50:12,FISIOTERAPIA COLUNA LOMBAR,SEM_VAGA,0
2026-09-15T15:50:15,FISIOTERAPIA MEMBROS INFERIORES,SEM_VAGA,0
2026-09-15T15:50:18,FISIOTERAPIA MEMBROS INFERIORES,SEM_VAGA,0
2026-09-15T15:50:22,GASTROCIRURGIA,SEM_VAGA,0
2026-09-15T15:50:25,GASTROCLÍNICA,SEM_VAGA,0
2026-09-15T15:50:35,GINECOLOGIA-OBSTETRÍCIA,SEM_VAGA,0
2026-09-15T15:50:42,GINECOLOGIA-OBSTETRÍCIA - PRE NATAL (GESTANTE),VAGA_ENCONTRADA,
2026-09-15T15:50:51,INFECTOLOGIA,VAGA_ENCONTRADA,
2026-09-15T15:50:57,NEFROLOGIA,SEM_VAGA,0
2026-09-15T15:51:01,NEUROLOGIA,SEM_VAGA,0
2026-09-15T15:51:04,NUTRIÇÃO - DIETÉTICA,SEM_VAGA,0
2026-09-15T15:51:07,ODONTOLOGIA - ACUPUNTURA,SEM_VAGA,0
2026-09-15T15:51:11,ODONTOLOGIA - ATM,SEM_VAGA,0
2026-09-15T15:51:14,ODONTOLOGIA - DENTÍSTICA,SEM_VAGA,0
2026-09-15T15:51:17,ODONTOLOGIA - ENDODONTIA,SEM_VAGA,0
2026-09-15T15:51:24,ODONTOLOGIA - PERIODONTIA,VAGA_ENCONTRADA,
2026-09-15T15:51:30,OFTALMOLOGIA,SEM_VAGA,0
2026-09-15T15:51:33,OFTALMOLOGIA - FUNDO DE OLHO,SEM_VAGA,0
2026-09-15T15:51:37,OFTALMOLOGIA - GLAUCOMA,SEM_VAGA,0
2026-09-15T15:51:40,ORTOPEDIA,SEM_VAGA,0
2026-09-15T15:51:44,OTORRINOLARINGOLOGIA,SEM_VAGA,0
2026-09-15T15:51:51,PNEUMOLOGIA,VAGA_ENCONTRADA,
2026-09-15T15:51:57,PROCTOLOGIA,SEM_VAGA,0
2026-09-15T15:52:07,REUMATOLOGIA,SEM_VAGA,0
2026-09-15T15:52:10,UROLOGIA,SEM_VAGA,0
2026-09-15T15:57:18,ACUPUNTURA,SEM_VAGA,0
2026-09-15T15:57:21,ALERGIA E IMUNOLOGIA - TELECONSULTA,SEM_VAGA,0
2026-09-15T15:57:36,CIRURGIA CABEÇA E PESCOÇO,VAGA_ENCONTRADA,
2026-09-15T15:57:46,CIRURGIA DA MÃO,VAGA_ENCONTRADA,
2026-09-15T15:57:52,CIRURGIA PLÁSTICA,SEM_VAGA,0
2026-09-15T15:57:55,CIRURGIA VASCULAR,SEM_VAGA,0
2026-09-15T15:57:59,CLÍNICA MÉDICA,SEM_VAGA,0
2026-09-15T15:58:09,DERMATOLOGIA,SEM_VAGA,0
2026-09-15T15:58:12,DERMATOLOGIA - TRIAGEM,SEM_VAGA,0
2026-09-15T15:58:15,DERMATOLOGIA - TRICOLOGIA,SEM_VAGA,0
2026-09-15T15:58:25,FISIOTERAPIA COLUNA CERVICAL,SEM_VAGA,0
2026-09-15T15:58:28,FISIOTERAPIA COLUNA LOMBAR,SEM_VAGA,0
2026-09-15T15:58:31,FISIOTERAPIA MEMBROS INFERIORES,SEM_VAGA,0
2026-09-15T15:58:34,FISIOTERAPIA MEMBROS INFERIORES,SEM_VAGA,0
2026-09-15T15:58:38,GASTROCIRURGIA,SEM_VAGA,0
2026-09-15T15:58:41,GASTROCLÍNICA,SEM_VAGA,0
2026-09-15T15:58:51,GINECOLOGIA-OBSTETRÍCIA,SEM_VAGA,0
2026-09-15T15:58:58,GINECOLOGIA-OBSTETRÍCIA - PRE NATAL (GESTANTE),VAGA_ENCONTRADA,
2026-09-15T15:59:08,INFECTOLOGIA,VAGA_ENCONTRADA,
2026-09-15T15:59:14,NEFROLOGIA,SEM_VAGA,0
2026-09-15T15:59:17,NEUROLOGIA,SEM_VAGA,0
2026-09-15T15:59:20,NUTRIÇÃO - DIETÉTICA,SEM_VAGA,0
2026-09-15T15:59:23,ODONTOLOGIA - ACUPUNTURA,SEM_VAGA,0
2026-09-15T15:59:26,ODONTOLOGIA - ATM,SEM_VAGA,0
2026-09-15T15:59:30,ODONTOLOGIA - DENTÍSTICA,SEM_VAGA,0
2026-09-15T15:59:33,ODONTOLOGIA - ENDODONTIA,SEM_VAGA,0
2026-09-15T15:59:40,ODONTOLOGIA - PERIODONTIA,VAGA_ENCONTRADA,
2026-09-15T15:59:46,OFTALMOLOGIA,SEM_VAGA,0
2026-09-15T15:59:49,OFTALMOLOGIA - FUNDO DE OLHO,SEM_VAGA,0
2026-09-15T15:59:52,OFTALMOLOGIA - GLAUCOMA,SEM_VAGA,0
2026-09-15T15:59:56,ORTOPEDIA,SEM_VAGA,0
2026-09-15T15:59:59,OTORRINOLARINGOLOGIA,SEM_VAGA,0
2026-09-15T16:00:06,PNEUMOLOGIA,VAGA_ENCONTRADA,
2026-09-15T16:00:11,PROCTOLOGIA,SEM_VAGA,0
2026-09-15T16:00:21,REUMATOLOGIA,SEM_VAGA,0
2026-09-15T16:00:25,UROLOGIA,SEM_VAGA,0
2026-09-15T16:05:33,ACUPUNTURA,SEM_VAGA,0
2026-09-15T16:05:36,ALERGIA E IMUNOLOGIA - TELECONSULTA,SEM_VAGA,0
2026-09-15T16:05:50,CIRURGIA CABEÇA E PESCOÇO,VAGA_ENCONTRADA,
2026-09-15T16:05:59,CIRURGIA DA MÃO,VAGA_ENCONTRADA,
2026-09-15T16:06:05,CIRURGIA PLÁSTICA,SEM_VAGA,0
2026-09-15T16:06:09,CIRURGIA VASCULAR,SEM_VAGA,0
2026-09-15T16:06:13,CLÍNICA MÉDICA,SEM_VAGA,0
2026-09-15T16:06:23,DERMATOLOGIA,SEM_VAGA,0
2026-09-15T16:06:26,DERMATOLOGIA - TRIAGEM,SEM_VAGA,0
2026-09-15T16:06:30,DERMATOLOGIA - TRICOLOGIA,SEM_VAGA,0
2026-09-15T16:06:40,FISIOTERAPIA COLUNA CERVICAL,SEM_VAGA,0
2026-09-15T16:06:43,FISIOTERAPIA COLUNA LOMBAR,SEM_VAGA,0
2026-09-15T16:06:46,FISIOTERAPIA MEMBROS INFERIORES,SEM_VAGA,0
2026-09-15T16:06:50,FISIOTERAPIA MEMBROS INFERIORES,SEM_VAGA,0
2026-09-15T16:06:53,GASTROCIRURGIA,SEM_VAGA,0
2026-09-15T16:06:56,GASTROCLÍNICA,SEM_VAGA,0
2026-09-15T16:07:06,GINECOLOGIA-OBSTETRÍCIA,SEM_VAGA,0
2026-09-15T16:07:13,GINECOLOGIA-OBSTETRÍCIA - PRE NATAL (GESTANTE),VAGA_ENCONTRADA,
2026-09-15T16:07:23,INFECTOLOGIA,VAGA_ENCONTRADA,
2026-09-15T16:07:29,NEFROLOGIA,SEM_VAGA,0
2026-09-15T16:07:32,NEUROLOGIA,SEM_VAGA,0
2026-09-15T16:07:35,NUTRIÇÃO - DIETÉTICA,SEM_VAGA,0
2026-09-15T16:07:38,ODONTOLOGIA - ACUPUNTURA,SEM_VAGA,0
2026-09-15T16:07:42,ODONTOLOGIA - ATM,SEM_VAGA,0
2026-09-15T16:07:45,ODONTOLOGIA - DENTÍSTICA,SEM_VAGA,0
2026-09-15T16:07:48,ODONTOLOGIA - ENDODONTIA,SEM_VAGA,0
2026-09-15T16:07:55,ODONTOLOGIA - PERIODONTIA,VAGA_ENCONTRADA,
2026-09-15T16:08:02,OFTALMOLOGIA,SEM_VAGA,0
2026-09-15T16:08:06,OFTALMOLOGIA - FUNDO DE OLHO,SEM_VAGA,0
2026-09-15T16:08:09,OFTALMOLOGIA - GLAUCOMA,SEM_VAGA,0
2026-09-15T16:08:12,ORTOPEDIA,SEM_VAGA,0
2026-09-15T16:08:15,OTORRINOLARINGOLOGIA,SEM_VAGA,0
2026-09-15T16:08:22,PNEUMOLOGIA,VAGA_ENCONTRADA,
2026-09-15T16:08:28,PROCTOLOGIA,SEM_VAGA,0
2026-09-15T16:08:38,REUMATOLOGIA,SEM_VAGA,0
2026-09-15T16:08:41,UROLOGIA,SEM_VAGA,0
2026-09-15T16:13:53,ACUPUNTURA,VAGA_ENCONTRADA,
2026-09-15T16:13:59,ALERGIA E IMUNOLOGIA - TELECONSULTA,SEM_VAGA,0
2026-09-15T16:14:13,CIRURGIA CABEÇA E PESCOÇO,VAGA_ENCONTRADA,
2026-09-15T16:14:23,CIRURGIA DA MÃO,VAGA_ENCONTRADA,
2026-09-15T16:14:29,CIRURGIA PLÁSTICA,SEM_VAGA,0
2026-09-15T16:14:32,CIRURGIA VASCULAR,SEM_VAGA,0
2026-09-15T16:14:35,CLÍNICA MÉDICA,SEM_VAGA,0
2026-09-15T16:14:45,DERMATOLOGIA,SEM_VAGA,0
2026-09-15T16:14:49,DERMATOLOGIA - TRIAGEM,SEM_VAGA,0
2026-09-15T16:14:52,DERMATOLOGIA - TRICOLOGIA,SEM_VAGA,0
2026-09-15T16:15:05,FISIOTERAPIA COLUNA CERVICAL,VAGA_ENCONTRADA,
2026-09-15T16:15:12,FISIOTERAPIA COLUNA LOMBAR,SEM_VAGA,0
2026-09-15T16:15:19,FISIOTERAPIA MEMBROS INFERIORES,VAGA_ENCONTRADA,
2026-09-15T16:15:29,FISIOTERAPIA MEMBROS INFERIORES,VAGA_ENCONTRADA,
2026-09-15T16:15:38,GASTROCIRURGIA,VAGA_ENCONTRADA,
2026-09-15T16:15:45,GASTROCLÍNICA,SEM_VAGA,0
2026-09-15T16:15:55,GINECOLOGIA-OBSTETRÍCIA,SEM_VAGA,0
2026-09-15T16:16:02,GINECOLOGIA-OBSTETRÍCIA - PRE NATAL (GESTANTE),VAGA_ENCONTRADA,
2026-09-15T16:16:11,INFECTOLOGIA,VAGA_ENCONTRADA,
2026-09-15T16:16:17,NEFROLOGIA,SEM_VAGA,0
2026-09-15T16:16:21,NEUROLOGIA,SEM_VAGA,0
2026-09-15T16:16:24,NUTRIÇÃO - DIETÉTICA,SEM_VAGA,0
2026-09-15T16:16:27,ODONTOLOGIA - ACUPUNTURA,SEM_VAGA,0
2026-09-15T16:16:30,ODONTOLOGIA - ATM,SEM_VAGA,0
2026-09-15T16:16:33,ODONTOLOGIA - DENTÍSTICA,SEM_VAGA,0
2026-09-15T16:16:37,ODONTOLOGIA - ENDODONTIA,SEM_VAGA,0
2026-09-15T16:16:44,ODONTOLOGIA - PERIODONTIA,VAGA_ENCONTRADA,
2026-09-15T16:16:50,OFTALMOLOGIA,SEM_VAGA,0
2026-09-15T16:16:53,OFTALMOLOGIA - FUNDO DE OLHO,SEM_VAGA,0
2026-09-15T16:16:56,OFTALMOLOGIA - GLAUCOMA,SEM_VAGA,0
2026-09-15T16:17:00,ORTOPEDIA,SEM_VAGA,0
2026-09-15T16:17:03,OTORRINOLARINGOLOGIA,SEM_VAGA,0
2026-09-15T16:17:10,PNEUMOLOGIA,VAGA_ENCONTRADA,
2026-09-15T16:17:19,PROCTOLOGIA,VAGA_ENCONTRADA,
2026-09-15T16:17:33,REUMATOLOGIA,SEM_VAGA,0
2026-09-15T16:17:36,UROLOGIA,SEM_VAGA,0
2026-09-15T16:22:48,ACUPUNTURA,VAGA_ENCONTRADA,
2026-09-15T16:22:54,ALERGIA E IMUNOLOGIA - TELECONSULTA,SEM_VAGA,0
2026-09-15T16:23:08,CIRURGIA CABEÇA E PESCOÇO,VAGA_ENCONTRADA,
2026-09-15T16:23:18,CIRURGIA DA MÃO,VAGA_ENCONTRADA,
2026-09-15T16:23:24,CIRURGIA PLÁSTICA,SEM_VAGA,0
2026-09-15T16:23:28,CIRURGIA VASCULAR,SEM_VAGA,0
2026-09-15T16:23:32,CLÍNICA MÉDICA,SEM_VAGA,0
2026-09-15T16:23:42,DERMATOLOGIA,SEM_VAGA,0
2026-09-15T16:23:49,DERMATOLOGIA - TRIAGEM,VAGA_ENCONTRADA,
2026-09-15T16:23:58,DERMATOLOGIA - TRICOLOGIA,SEM_VAGA,0
2026-09-15T16:24:12,FISIOTERAPIA COLUNA CERVICAL,VAGA_ENCONTRADA,
2026-09-15T16:24:18,FISIOTERAPIA COLUNA LOMBAR,SEM_VAGA,0
2026-09-15T16:24:25,FISIOTERAPIA MEMBROS INFERIORES,VAGA_ENCONTRADA,
2026-09-15T16:24:34,FISIOTERAPIA MEMBROS INFERIORES,VAGA_ENCONTRADA,
2026-09-15T16:24:44,GASTROCIRURGIA,VAGA_ENCONTRADA,
2026-09-15T16:24:50,GASTROCLÍNICA,SEM_VAGA,0
2026-09-15T16:25:00,GINECOLOGIA-OBSTETRÍCIA,SEM_VAGA,0
2026-09-15T16:25:07,GINECOLOGIA-OBSTETRÍCIA - PRE NATAL (GESTANTE),VAGA_ENCONTRADA,
2026-09-15T16:25:17,INFECTOLOGIA,VAGA_ENCONTRADA,
2026-09-15T16:25:23,NEFROLOGIA,SEM_VAGA,0
2026-09-15T16:25:26,NEUROLOGIA,SEM_VAGA,0
2026-09-15T16:25:29,NUTRIÇÃO - DIETÉTICA,SEM_VAGA,0
2026-09-15T16:25:32,ODONTOLOGIA - ACUPUNTURA,SEM_VAGA,0
2026-09-15T16:25:36,ODONTOLOGIA - ATM,SEM_VAGA,0
2026-09-15T16:25:39,ODONTOLOGIA - DENTÍSTICA,SEM_VAGA,0
2026-09-15T16:25:42,ODONTOLOGIA - ENDODONTIA,SEM_VAGA,0
2026-09-15T16:25:50,ODONTOLOGIA - PERIODONTIA,VAGA_ENCONTRADA,
2026-09-15T16:25:56,OFTALMOLOGIA,SEM_VAGA,0
2026-09-15T16:25:59,OFTALMOLOGIA - FUNDO DE OLHO,SEM_VAGA,0
2026-09-15T16:26:02,OFTALMOLOGIA - GLAUCOMA,SEM_VAGA,0
2026-09-15T16:26:06,ORTOPEDIA,SEM_VAGA,0
2026-09-15T16:26:09,OTORRINOLARINGOLOGIA,SEM_VAGA,0
2026-09-15T16:26:16,PNEUMOLOGIA,VAGA_ENCONTRADA,
2026-09-15T16:26:26,PROCTOLOGIA,VAGA_ENCONTRADA,
2026-09-15T16:26:38,REUMATOLOGIA,SEM_VAGA,0
2026-09-15T16:26:45,UROLOGIA,VAGA_ENCONTRADA,
2026-09-15T16:32:01,ACUPUNTURA,VAGA_ENCONTRADA,
2026-09-15T16:32:08,ALERGIA E IMUNOLOGIA - TELECONSULTA,SEM_VAGA,0
2026-09-15T16:32:22,CIRURGIA CABEÇA E PESCOÇO,VAGA_ENCONTRADA,
2026-09-15T16:32:32,CIRURGIA DA MÃO,VAGA_ENCONTRADA,
2026-09-15T16:32:38,CIRURGIA PLÁSTICA,SEM_VAGA,0
2026-09-15T16:32:41,CIRURGIA VASCULAR,SEM_VAGA,0
2026-09-15T16:32:44,CLÍNICA MÉDICA,SEM_VAGA,0
2026-09-15T16:32:54,DERMATOLOGIA,SEM_VAGA,0
2026-09-15T16:32:57,DERMATOLOGIA - TRIAGEM,SEM_VAGA,0
2026-09-15T16:33:00,DERMATOLOGIA - TRICOLOGIA,SEM_VAGA,0
2026-09-15T16:33:15,FISIOTERAPIA COLUNA CERVICAL,VAGA_ENCONTRADA,
2026-09-15T16:33:21,FISIOTERAPIA COLUNA LOMBAR,SEM_VAGA,0
2026-09-15T16:33:28,FISIOTERAPIA MEMBROS INFERIORES,VAGA_ENCONTRADA,
2026-09-15T16:33:37,FISIOTERAPIA MEMBROS INFERIORES,VAGA_ENCONTRADA,
2026-09-15T16:33:47,GASTROCIRURGIA,VAGA_ENCONTRADA,
2026-09-15T16:33:53,GASTROCLÍNICA,SEM_VAGA,0
2026-09-15T16:34:02,GINECOLOGIA-OBSTETRÍCIA,SEM_VAGA,0
2026-09-15T16:34:09,GINECOLOGIA-OBSTETRÍCIA - PRE NATAL (GESTANTE),VAGA_ENCONTRADA,
2026-09-15T16:34:19,INFECTOLOGIA,VAGA_ENCONTRADA,
2026-09-15T16:34:25,NEFROLOGIA,SEM_VAGA,0
2026-09-15T16:34:28,NEUROLOGIA,SEM_VAGA,0
2026-09-15T16:34:31,NUTRIÇÃO - DIETÉTICA,SEM_VAGA,0
2026-09-15T16:34:34,ODONTOLOGIA - ACUPUNTURA,SEM_VAGA,0
2026-09-15T16:34:38,ODONTOLOGIA - ATM,SEM_VAGA,0
2026-09-15T16:34:41,ODONTOLOGIA - DENTÍSTICA,SEM_VAGA,0
2026-09-15T16:34:44,ODONTOLOGIA - ENDODONTIA,SEM_VAGA,0
2026-09-15T16:34:51,ODONTOLOGIA - PERIODONTIA,VAGA_ENCONTRADA,
2026-09-15T16:34:57,OFTALMOLOGIA,SEM_VAGA,0
2026-09-15T16:35:00,OFTALMOLOGIA - FUNDO DE OLHO,SEM_VAGA,0
2026-09-15T16:35:03,OFTALMOLOGIA - GLAUCOMA,SEM_VAGA,0
2026-09-15T16:35:07,ORTOPEDIA,SEM_VAGA,0
2026-09-15T16:35:10,OTORRINOLARINGOLOGIA,SEM_VAGA,0
2026-09-15T16:35:17,PNEUMOLOGIA,VAGA_ENCONTRADA,
2026-09-15T16:35:27,PROCTOLOGIA,VAGA_ENCONTRADA,
2026-09-15T16:35:39,REUMATOLOGIA,SEM_VAGA,0
2026-09-15T16:35:46,UROLOGIA,VAGA_ENCONTRADA,
2026-09-15T16:41:01,ACUPUNTURA,VAGA_ENCONTRADA,
2026-09-15T16:41:07,ALERGIA E IMUNOLOGIA - TELECONSULTA,SEM_VAGA,0
2026-09-15T16:41:21,CIRURGIA CABEÇA E PESCOÇO,VAGA_ENCONTRADA,
2026-09-15T16:41:31,CIRURGIA DA MÃO,VAGA_ENCONTRADA,
2026-09-15T16:41:37,CIRURGIA PLÁSTICA,SEM_VAGA,0
2026-09-15T16:41:40,CIRURGIA VASCULAR,SEM_VAGA,0
2026-09-15T16:41:44,CLÍNICA MÉDICA,SEM_VAGA,0
2026-09-15T16:41:53,DERMATOLOGIA,SEM_VAGA,0
2026-09-15T16:41:57,DERMATOLOGIA - TRIAGEM,SEM_VAGA,0
2026-09-15T16:42:00,DERMATOLOGIA - TRICOLOGIA,SEM_VAGA,0
2026-09-15T16:42:14,FISIOTERAPIA COLUNA CERVICAL,VAGA_ENCONTRADA,
2026-09-15T16:42:19,FISIOTERAPIA COLUNA LOMBAR,SEM_VAGA,0
2026-09-15T16:42:26,FISIOTERAPIA MEMBROS INFERIORES,VAGA_ENCONTRADA,
2026-09-15T16:42:36,FISIOTERAPIA MEMBROS INFERIORES,VAGA_ENCONTRADA,
2026-09-15T16:42:46,GASTROCIRURGIA,VAGA_ENCONTRADA,
2026-09-15T16:42:51,GASTROCLÍNICA,SEM_VAGA,0
2026-09-15T16:43:02,GINECOLOGIA-OBSTETRÍCIA,SEM_VAGA,0
2026-09-15T16:43:10,GINECOLOGIA-OBSTETRÍCIA - PRE NATAL (GESTANTE),VAGA_ENCONTRADA,
2026-09-15T16:43:20,INFECTOLOGIA,VAGA_ENCONTRADA,
2026-09-15T16:43:26,NEFROLOGIA,SEM_VAGA,0
2026-09-15T16:43:29,NEUROLOGIA,SEM_VAGA,0
2026-09-15T16:43:33,NUTRIÇÃO - DIETÉTICA,SEM_VAGA,0
2026-09-15T16:43:36,ODONTOLOGIA - ACUPUNTURA,SEM_VAGA,0
2026-09-15T16:43:39,ODONTOLOGIA - ATM,SEM_VAGA,0
2026-09-15T16:43:42,ODONTOLOGIA - DENTÍSTICA,SEM_VAGA,0
2026-09-15T16:43:45,ODONTOLOGIA - ENDODONTIA,SEM_VAGA,0
2026-09-15T16:43:52,ODONTOLOGIA - PERIODONTIA,VAGA_ENCONTRADA,
2026-09-15T16:44:00,OFTALMOLOGIA,SEM_VAGA,0
2026-09-15T16:44:04,OFTALMOLOGIA - FUNDO DE OLHO,SEM_VAGA,0
2026-09-15T16:44:08,OFTALMOLOGIA - GLAUCOMA,SEM_VAGA,0
2026-09-15T16:44:13,ORTOPEDIA,SEM_VAGA,0
2026-09-15T16:44:17,OTORRINOLARINGOLOGIA,SEM_VAGA,0
2026-09-15T16:44:24,PNEUMOLOGIA,VAGA_ENCONTRADA,
2026-09-15T16:44:34,PROCTOLOGIA,VAGA_ENCONTRADA,
2026-09-15T16:44:47,REUMATOLOGIA,SEM_VAGA,0
2026-09-15T16:44:55,UROLOGIA,VAGA_ENCONTRADA,
2026-09-15T16:50:10,ACUPUNTURA,VAGA_ENCONTRADA,
2026-09-15T16:50:17,ALERGIA E IMUNOLOGIA - TELECONSULTA,SEM_VAGA,0
2026-09-15T16:50:31,CIRURGIA CABEÇA E PESCOÇO,VAGA_ENCONTRADA,
2026-09-15T16:50:41,CIRURGIA DA MÃO,VAGA_ENCONTRADA,
2026-09-15T16:50:47,CIRURGIA PLÁSTICA,SEM_VAGA,0
2026-09-15T16:50:50,CIRURGIA VASCULAR,SEM_VAGA,0
2026-09-15T16:50:53,CLÍNICA MÉDICA,SEM_VAGA,0
2026-09-15T16:51:03,DERMATOLOGIA,SEM_VAGA,0
2026-09-15T16:51:07,DERMATOLOGIA - TRIAGEM,SEM_VAGA,0
2026-09-15T16:51:10,DERMATOLOGIA - TRICOLOGIA,SEM_VAGA,0
2026-09-15T16:51:24,FISIOTERAPIA COLUNA CERVICAL,VAGA_ENCONTRADA,
2026-09-15T16:51:30,FISIOTERAPIA COLUNA LOMBAR,SEM_VAGA,0
2026-09-15T16:51:33,FISIOTERAPIA MEMBROS INFERIORES,SEM_VAGA,0
2026-09-15T16:51:36,FISIOTERAPIA MEMBROS INFERIORES,SEM_VAGA,0
2026-09-15T16:51:43,GASTROCIRURGIA,VAGA_ENCONTRADA,
2026-09-15T16:51:49,GASTROCLÍNICA,SEM_VAGA,0
2026-09-15T16:51:59,GINECOLOGIA-OBSTETRÍCIA,SEM_VAGA,0
2026-09-15T16:52:06,GINECOLOGIA-OBSTETRÍCIA - PRE NATAL (GESTANTE),VAGA_ENCONTRADA,
2026-09-15T16:52:17,INFECTOLOGIA,VAGA_ENCONTRADA,
2026-09-15T16:52:23,NEFROLOGIA,SEM_VAGA,0
2026-09-15T16:52:28,NEUROLOGIA,SEM_VAGA,0
2026-09-15T16:52:31,NUTRIÇÃO - DIETÉTICA,SEM_VAGA,0
2026-09-15T16:52:34,ODONTOLOGIA - ACUPUNTURA,SEM_VAGA,0
2026-09-15T16:52:38,ODONTOLOGIA - ATM,SEM_VAGA,0
2026-09-15T16:52:41,ODONTOLOGIA - DENTÍSTICA,SEM_VAGA,0
2026-09-15T16:52:44,ODONTOLOGIA - ENDODONTIA,SEM_VAGA,0
2026-09-15T16:52:51,ODONTOLOGIA - PERIODONTIA,VAGA_ENCONTRADA,
2026-09-15T16:52:57,OFTALMOLOGIA,SEM_VAGA,0
2026-09-15T16:53:01,OFTALMOLOGIA - FUNDO DE OLHO,SEM_VAGA,0
2026-09-15T16:53:06,OFTALMOLOGIA - GLAUCOMA,SEM_VAGA,0
2026-09-15T16:53:10,ORTOPEDIA,SEM_VAGA,0
2026-09-15T16:53:14,OTORRINOLARINGOLOGIA,SEM_VAGA,0
2026-09-15T16:53:21,PNEUMOLOGIA,VAGA_ENCONTRADA,
2026-09-15T16:53:28,PROCTOLOGIA,SEM_VAGA,0
2026-09-15T16:53:40,REUMATOLOGIA,SEM_VAGA,0
2026-09-15T16:53:47,UROLOGIA,VAGA_ENCONTRADA,
2026-09-15T16:59:03,ACUPUNTURA,VAGA_ENCONTRADA,
2026-09-15T16:59:09,ALERGIA E IMUNOLOGIA - TELECONSULTA,SEM_VAGA,0
2026-09-15T16:59:22,CIRURGIA CABEÇA E PESCOÇO,VAGA_ENCONTRADA,
2026-09-15T16:59:32,CIRURGIA DA MÃO,VAGA_ENCONTRADA,
2026-09-15T16:59:38,CIRURGIA PLÁSTICA,SEM_VAGA,0
2026-09-15T16:59:41,CIRURGIA VASCULAR,SEM_VAGA,0
2026-09-15T16:59:44,CLÍNICA MÉDICA,SEM_VAGA,0
2026-09-15T16:59:54,DERMATOLOGIA,SEM_VAGA,0
2026-09-15T16:59:57,DERMATOLOGIA - TRIAGEM,SEM_VAGA,0
2026-09-15T17:00:01,DERMATOLOGIA - TRICOLOGIA,SEM_VAGA,0
2026-09-15T17:00:14,FISIOTERAPIA COLUNA CERVICAL,VAGA_ENCONTRADA,
2026-09-15T17:00:21,FISIOTERAPIA COLUNA LOMBAR,SEM_VAGA,0
2026-09-15T17:00:24,FISIOTERAPIA MEMBROS INFERIORES,SEM_VAGA,0
2026-09-15T17:00:27,FISIOTERAPIA MEMBROS INFERIORES,SEM_VAGA,0
2026-09-15T17:00:35,GASTROCIRURGIA,VAGA_ENCONTRADA,
2026-09-15T17:00:42,GASTROCLÍNICA,SEM_VAGA,0
2026-09-15T17:00:53,GINECOLOGIA-OBSTETRÍCIA,SEM_VAGA,0
2026-09-15T17:01:00,GINECOLOGIA-OBSTETRÍCIA - PRE NATAL (GESTANTE),VAGA_ENCONTRADA,
2026-09-15T17:01:09,INFECTOLOGIA,VAGA_ENCONTRADA,
2026-09-15T17:01:15,NEFROLOGIA,SEM_VAGA,0
2026-09-15T17:01:18,NEUROLOGIA,SEM_VAGA,0
2026-09-15T17:01:22,NUTRIÇÃO - DIETÉTICA,SEM_VAGA,0
2026-09-15T17:01:25,ODONTOLOGIA - ACUPUNTURA,SEM_VAGA,0
2026-09-15T17:01:28,ODONTOLOGIA - ATM,SEM_VAGA,0
2026-09-15T17:01:31,ODONTOLOGIA - DENTÍSTICA,SEM_VAGA,0
2026-09-15T17:01:34,ODONTOLOGIA - ENDODONTIA,SEM_VAGA,0
2026-09-15T17:01:41,ODONTOLOGIA - PERIODONTIA,VAGA_ENCONTRADA,
2026-09-15T17:01:48,OFTALMOLOGIA,SEM_VAGA,0
2026-09-15T17:01:51,OFTALMOLOGIA - FUNDO DE OLHO,SEM_VAGA,0
2026-09-15T17:01:54,OFTALMOLOGIA - GLAUCOMA,SEM_VAGA,0
2026-09-15T17:01:58,ORTOPEDIA,SEM_VAGA,0
2026-09-15T17:02:01,OTORRINOLARINGOLOGIA,SEM_VAGA,0
2026-09-15T17:02:09,PNEUMOLOGIA,VAGA_ENCONTRADA,
2026-09-15T17:02:14,PROCTOLOGIA,SEM_VAGA,0
2026-09-15T17:02:24,REUMATOLOGIA,SEM_VAGA,0
2026-09-15T17:02:32,UROLOGIA,VAGA_ENCONTRADA,
2026-09-15T17:07:43,ACUPUNTURA,SEM_VAGA,0
2026-09-15T17:07:46,ALERGIA E IMUNOLOGIA - TELECONSULTA,SEM_VAGA,0
2026-09-15T17:08:00,CIRURGIA CABEÇA E PESCOÇO,VAGA_ENCONTRADA,
2026-09-15T17:08:06,CIRURGIA DA MÃO,SEM_VAGA,0
2026-09-15T17:08:09,CIRURGIA PLÁSTICA,SEM_VAGA,0
2026-09-15T17:08:13,CIRURGIA VASCULAR,SEM_VAGA,0
2026-09-15T17:08:16,CLÍNICA MÉDICA,SEM_VAGA,0
2026-09-15T17:08:26,DERMATOLOGIA,SEM_VAGA,0
2026-09-15T17:08:29,DERMATOLOGIA - TRIAGEM,SEM_VAGA,0
2026-09-15T17:08:33,DERMATOLOGIA - TRICOLOGIA,SEM_VAGA,0
2026-09-15T17:08:46,FISIOTERAPIA COLUNA CERVICAL,VAGA_ENCONTRADA,
2026-09-15T17:08:52,FISIOTERAPIA COLUNA LOMBAR,SEM_VAGA,0
2026-09-15T17:08:56,FISIOTERAPIA MEMBROS INFERIORES,SEM_VAGA,0
2026-09-15T17:08:59,FISIOTERAPIA MEMBROS INFERIORES,SEM_VAGA,0
2026-09-15T17:09:06,GASTROCIRURGIA,VAGA_ENCONTRADA,
2026-09-15T17:09:13,GASTROCLÍNICA,SEM_VAGA,0
2026-09-15T17:09:23,GINECOLOGIA-OBSTETRÍCIA,SEM_VAGA,0
2026-09-15T17:09:30,GINECOLOGIA-OBSTETRÍCIA - PRE NATAL (GESTANTE),VAGA_ENCONTRADA,
2026-09-15T17:09:39,INFECTOLOGIA,VAGA_ENCONTRADA,
2026-09-15T17:09:45,NEFROLOGIA,SEM_VAGA,0
2026-09-15T17:09:48,NEUROLOGIA,SEM_VAGA,0
2026-09-15T17:09:52,NUTRIÇÃO - DIETÉTICA,SEM_VAGA,0
2026-09-15T17:09:56,ODONTOLOGIA - ACUPUNTURA,SEM_VAGA,0
2026-09-15T17:09:58,ODONTOLOGIA - ATM,SEM_VAGA,0
2026-09-15T17:10:02,ODONTOLOGIA - DENTÍSTICA,SEM_VAGA,0
2026-09-15T17:10:05,ODONTOLOGIA - ENDODONTIA,SEM_VAGA,0
2026-09-15T17:10:13,ODONTOLOGIA - PERIODONTIA,VAGA_ENCONTRADA,
2026-09-15T17:10:21,OFTALMOLOGIA,SEM_VAGA,0
2026-09-15T17:10:25,OFTALMOLOGIA - FUNDO DE OLHO,SEM_VAGA,0
2026-09-15T17:10:29,OFTALMOLOGIA - GLAUCOMA,SEM_VAGA,0
2026-09-15T17:10:32,ORTOPEDIA,SEM_VAGA,0
2026-09-15T17:10:35,OTORRINOLARINGOLOGIA,SEM_VAGA,0
2026-09-15T17:10:42,PNEUMOLOGIA,VAGA_ENCONTRADA,
2026-09-15T17:10:48,PROCTOLOGIA,SEM_VAGA,0
2026-09-15T17:10:58,REUMATOLOGIA,SEM_VAGA,0
2026-09-15T17:11:05,UROLOGIA,VAGA_ENCONTRADA,
2026-09-15T17:16:16,ACUPUNTURA,SEM_VAGA,0
2026-09-15T17:16:19,ALERGIA E IMUNOLOGIA - TELECONSULTA,SEM_VAGA,0
2026-09-15T17:16:33,CIRURGIA CABEÇA E PESCOÇO,VAGA_ENCONTRADA,
2026-09-15T17:16:39,CIRURGIA DA MÃO,SEM_VAGA,0
2026-09-15T17:16:42,CIRURGIA PLÁSTICA,SEM_VAGA,0
2026-09-15T17:16:49,CIRURGIA VASCULAR,VAGA_ENCONTRADA,
2026-09-15T17:16:55,CLÍNICA MÉDICA,SEM_VAGA,0
2026-09-15T17:17:05,DERMATOLOGIA,SEM_VAGA,0
2026-09-15T17:17:09,DERMATOLOGIA - TRIAGEM,SEM_VAGA,0
2026-09-15T17:17:13,DERMATOLOGIA - TRICOLOGIA,SEM_VAGA,0
2026-09-15T17:17:26,FISIOTERAPIA COLUNA CERVICAL,VAGA_ENCONTRADA,
2026-09-15T17:17:33,FISIOTERAPIA COLUNA LOMBAR,SEM_VAGA,0
2026-09-15T17:17:35,FISIOTERAPIA MEMBROS INFERIORES,SEM_VAGA,0
2026-09-15T17:17:39,FISIOTERAPIA MEMBROS INFERIORES,SEM_VAGA,0
2026-09-15T17:17:46,GASTROCIRURGIA,VAGA_ENCONTRADA,
2026-09-15T17:17:52,GASTROCLÍNICA,SEM_VAGA,0
2026-09-15T17:18:02,GINECOLOGIA-OBSTETRÍCIA,SEM_VAGA,0
2026-09-15T17:18:09,GINECOLOGIA-OBSTETRÍCIA - PRE NATAL (GESTANTE),VAGA_ENCONTRADA,
2026-09-15T17:18:19,INFECTOLOGIA,VAGA_ENCONTRADA,
2026-09-15T17:18:25,NEFROLOGIA,SEM_VAGA,0
2026-09-15T17:18:28,NEUROLOGIA,SEM_VAGA,0
2026-09-15T17:18:31,NUTRIÇÃO - DIETÉTICA,SEM_VAGA,0
2026-09-15T17:18:34,ODONTOLOGIA - ACUPUNTURA,SEM_VAGA,0
2026-09-15T17:18:37,ODONTOLOGIA - ATM,SEM_VAGA,0
2026-09-15T17:18:42,ODONTOLOGIA - DENTÍSTICA,SEM_VAGA,0
2026-09-15T17:18:46,ODONTOLOGIA - ENDODONTIA,SEM_VAGA,0
2026-09-15T17:18:54,ODONTOLOGIA - PERIODONTIA,VAGA_ENCONTRADA,
2026-09-15T17:19:00,OFTALMOLOGIA,SEM_VAGA,0
2026-09-15T17:19:03,OFTALMOLOGIA - FUNDO DE OLHO,SEM_VAGA,0
2026-09-15T17:19:07,OFTALMOLOGIA - GLAUCOMA,SEM_VAGA,0
2026-09-15T17:19:10,ORTOPEDIA,SEM_VAGA,0
2026-09-15T17:19:13,OTORRINOLARINGOLOGIA,SEM_VAGA,0
2026-09-15T17:19:21,PNEUMOLOGIA,VAGA_ENCONTRADA,
2026-09-15T17:19:29,PROCTOLOGIA,SEM_VAGA,0
2026-09-15T17:19:41,REUMATOLOGIA,SEM_VAGA,0
2026-09-15T17:19:48,UROLOGIA,VAGA_ENCONTRADA,
2026-09-15T17:24:59,ACUPUNTURA,SEM_VAGA,0
2026-09-15T17:25:02,ALERGIA E IMUNOLOGIA - TELECONSULTA,SEM_VAGA,0
2026-09-15T17:25:16,CIRURGIA CABEÇA E PESCOÇO,VAGA_ENCONTRADA,
2026-09-15T17:25:23,CIRURGIA DA MÃO,SEM_VAGA,0
2026-09-15T17:25:26,CIRURGIA PLÁSTICA,SEM_VAGA,0
2026-09-15T17:25:33,CIRURGIA VASCULAR,VAGA_ENCONTRADA,
2026-09-15T17:25:39,CLÍNICA MÉDICA,SEM_VAGA,0
2026-09-15T17:25:49,DERMATOLOGIA,SEM_VAGA,0
2026-09-15T17:25:52,DERMATOLOGIA - TRIAGEM,SEM_VAGA,0
2026-09-15T17:25:56,DERMATOLOGIA - TRICOLOGIA,SEM_VAGA,0
2026-09-15T17:26:09,FISIOTERAPIA COLUNA CERVICAL,VAGA_ENCONTRADA,
2026-09-15T17:26:15,FISIOTERAPIA COLUNA LOMBAR,SEM_VAGA,0
2026-09-15T17:26:18,FISIOTERAPIA MEMBROS INFERIORES,SEM_VAGA,0
2026-09-15T17:26:21,FISIOTERAPIA MEMBROS INFERIORES,SEM_VAGA,0
2026-09-15T17:26:28,GASTROCIRURGIA,VAGA_ENCONTRADA,
2026-09-15T17:26:34,GASTROCLÍNICA,SEM_VAGA,0
2026-09-15T17:26:44,GINECOLOGIA-OBSTETRÍCIA,SEM_VAGA,0
2026-09-15T17:26:51,GINECOLOGIA-OBSTETRÍCIA - PRE NATAL (GESTANTE),VAGA_ENCONTRADA,
2026-09-15T17:27:01,INFECTOLOGIA,VAGA_ENCONTRADA,
2026-09-15T17:27:07,NEFROLOGIA,SEM_VAGA,0
2026-09-15T17:27:10,NEUROLOGIA,SEM_VAGA,0
2026-09-15T17:27:13,NUTRIÇÃO - DIETÉTICA,SEM_VAGA,0
2026-09-15T17:27:18,ODONTOLOGIA - ACUPUNTURA,SEM_VAGA,0
2026-09-15T17:27:22,ODONTOLOGIA - ATM,SEM_VAGA,0
2026-09-15T17:27:27,ODONTOLOGIA - DENTÍSTICA,SEM_VAGA,0
2026-09-15T17:27:31,ODONTOLOGIA - ENDODONTIA,SEM_VAGA,0
2026-09-15T17:27:38,ODONTOLOGIA - PERIODONTIA,VAGA_ENCONTRADA,
2026-09-15T17:27:44,OFTALMOLOGIA,SEM_VAGA,0
2026-09-15T17:27:47,OFTALMOLOGIA - FUNDO DE OLHO,SEM_VAGA,0
2026-09-15T17:27:52,OFTALMOLOGIA - GLAUCOMA,SEM_VAGA,0
2026-09-15T17:27:55,ORTOPEDIA,SEM_VAGA,0
2026-09-15T17:27:58,OTORRINOLARINGOLOGIA,SEM_VAGA,0
2026-09-15T17:28:05,PNEUMOLOGIA,VAGA_ENCONTRADA,
2026-09-15T17:28:11,PROCTOLOGIA,SEM_VAGA,0
2026-09-15T17:28:21,REUMATOLOGIA,SEM_VAGA,0
2026-09-15T17:28:28,UROLOGIA,VAGA_ENCONTRADA,
2026-09-15T17:33:38,ACUPUNTURA,SEM_VAGA,0
2026-09-15T17:33:42,ALERGIA E IMUNOLOGIA - TELECONSULTA,SEM_VAGA,0
2026-09-15T17:33:55,CIRURGIA CABEÇA E PESCOÇO,VAGA_ENCONTRADA,
2026-09-15T17:34:01,CIRURGIA DA MÃO,SEM_VAGA,0
2026-09-15T17:34:04,CIRURGIA PLÁSTICA,SEM_VAGA,0
2026-09-15T17:34:11,CIRURGIA VASCULAR,VAGA_ENCONTRADA,
2026-09-15T17:34:17,CLÍNICA MÉDICA,SEM_VAGA,0
2026-09-15T17:34:28,DERMATOLOGIA,SEM_VAGA,0
2026-09-15T17:34:31,DERMATOLOGIA - TRIAGEM,SEM_VAGA,0
2026-09-15T17:34:34,DERMATOLOGIA - TRICOLOGIA,SEM_VAGA,0
2026-09-15T17:34:48,FISIOTERAPIA COLUNA CERVICAL,VAGA_ENCONTRADA,
2026-09-15T17:34:53,FISIOTERAPIA COLUNA LOMBAR,SEM_VAGA,0
2026-09-15T17:34:57,FISIOTERAPIA MEMBROS INFERIORES,SEM_VAGA,0
2026-09-15T17:35:00,FISIOTERAPIA MEMBROS INFERIORES,SEM_VAGA,0
2026-09-15T17:35:07,GASTROCIRURGIA,VAGA_ENCONTRADA,
2026-09-15T17:35:13,GASTROCLÍNICA,SEM_VAGA,0
2026-09-15T17:35:23,GINECOLOGIA-OBSTETRÍCIA,SEM_VAGA,0
2026-09-15T17:35:30,GINECOLOGIA-OBSTETRÍCIA - PRE NATAL (GESTANTE),VAGA_ENCONTRADA,
2026-09-15T17:35:40,INFECTOLOGIA,VAGA_ENCONTRADA,
2026-09-15T17:35:46,NEFROLOGIA,SEM_VAGA,0
2026-09-15T17:35:49,NEUROLOGIA,SEM_VAGA,0
2026-09-15T17:35:52,NUTRIÇÃO - DIETÉTICA,SEM_VAGA,0
2026-09-15T17:35:55,ODONTOLOGIA - ACUPUNTURA,SEM_VAGA,0
2026-09-15T17:35:58,ODONTOLOGIA - ATM,SEM_VAGA,0
2026-09-15T17:36:02,ODONTOLOGIA - DENTÍSTICA,SEM_VAGA,0
2026-09-15T17:36:05,ODONTOLOGIA - ENDODONTIA,SEM_VAGA,0
2026-09-15T17:36:12,ODONTOLOGIA - PERIODONTIA,VAGA_ENCONTRADA,
2026-09-15T17:36:18,OFTALMOLOGIA,SEM_VAGA,0
2026-09-15T17:36:21,OFTALMOLOGIA - FUNDO DE OLHO,SEM_VAGA,0
2026-09-15T17:36:24,OFTALMOLOGIA - GLAUCOMA,SEM_VAGA,0
2026-09-15T17:36:29,ORTOPEDIA,SEM_VAGA,0
2026-09-15T17:36:33,OTORRINOLARINGOLOGIA,SEM_VAGA,0
2026-09-15T17:36:41,PNEUMOLOGIA,VAGA_ENCONTRADA,
2026-09-15T17:36:49,PROCTOLOGIA,SEM_VAGA,0
2026-09-15T17:36:59,REUMATOLOGIA,SEM_VAGA,0
2026-09-15T17:37:06,UROLOGIA,VAGA_ENCONTRADA,
2026-09-15T17:42:17,ACUPUNTURA,SEM_VAGA,0
2026-09-15T17:42:21,ALERGIA E IMUNOLOGIA - TELECONSULTA,SEM_VAGA,0
2026-09-15T17:42:34,CIRURGIA CABEÇA E PESCOÇO,VAGA_ENCONTRADA,
2026-09-15T17:42:40,CIRURGIA DA MÃO,SEM_VAGA,0
2026-09-15T17:42:43,CIRURGIA PLÁSTICA,SEM_VAGA,0
2026-09-15T17:42:46,CIRURGIA VASCULAR,SEM_VAGA,0
2026-09-15T17:42:50,CLÍNICA MÉDICA,SEM_VAGA,0
2026-09-15T17:43:00,DERMATOLOGIA,SEM_VAGA,0
2026-09-15T17:43:03,DERMATOLOGIA - TRIAGEM,SEM_VAGA,0
2026-09-15T17:43:06,DERMATOLOGIA - TRICOLOGIA,SEM_VAGA,0
2026-09-15T17:43:20,FISIOTERAPIA COLUNA CERVICAL,VAGA_ENCONTRADA,
2026-09-15T17:43:26,FISIOTERAPIA COLUNA LOMBAR,SEM_VAGA,0
2026-09-15T17:43:30,FISIOTERAPIA MEMBROS INFERIORES,SEM_VAGA,0
2026-09-15T17:43:35,FISIOTERAPIA MEMBROS INFERIORES,SEM_VAGA,0
2026-09-15T17:43:42,GASTROCIRURGIA,VAGA_ENCONTRADA,
2026-09-15T17:43:48,GASTROCLÍNICA,SEM_VAGA,0
2026-09-15T17:43:58,GINECOLOGIA-OBSTETRÍCIA,SEM_VAGA,0
2026-09-15T17:44:05,GINECOLOGIA-OBSTETRÍCIA - PRE NATAL (GESTANTE),VAGA_ENCONTRADA,
2026-09-15T17:44:15,INFECTOLOGIA,VAGA_ENCONTRADA,
2026-09-15T17:44:21,NEFROLOGIA,SEM_VAGA,0
2026-09-15T17:44:24,NEUROLOGIA,SEM_VAGA,0
2026-09-15T17:44:27,NUTRIÇÃO - DIETÉTICA,SEM_VAGA,0
2026-09-15T17:44:30,ODONTOLOGIA - ACUPUNTURA,SEM_VAGA,0
2026-09-15T17:44:35,ODONTOLOGIA - ATM,SEM_VAGA,0
2026-09-15T17:44:39,ODONTOLOGIA - DENTÍSTICA,SEM_VAGA,0
2026-09-15T17:44:42,ODONTOLOGIA - ENDODONTIA,SEM_VAGA,0
2026-09-15T17:44:49,ODONTOLOGIA - PERIODONTIA,VAGA_ENCONTRADA,
2026-09-15T17:44:55,OFTALMOLOGIA,SEM_VAGA,0
2026-09-15T17:44:58,OFTALMOLOGIA - FUNDO DE OLHO,SEM_VAGA,0
2026-09-15T17:45:01,OFTALMOLOGIA - GLAUCOMA,SEM_VAGA,0
2026-09-15T17:45:04,ORTOPEDIA,SEM_VAGA,0
2026-09-15T17:45:07,OTORRINOLARINGOLOGIA,SEM_VAGA,0
2026-09-15T17:45:14,PNEUMOLOGIA,VAGA_ENCONTRADA,
2026-09-15T17:45:20,PROCTOLOGIA,SEM_VAGA,0
2026-09-15T17:45:30,REUMATOLOGIA,SEM_VAGA,0
2026-09-15T17:45:37,UROLOGIA,VAGA_ENCONTRADA,
2026-09-15T17:50:48,ACUPUNTURA,SEM_VAGA,0
2026-09-15T17:50:51,ALERGIA E IMUNOLOGIA - TELECONSULTA,SEM_VAGA,0
2026-09-15T17:51:05,CIRURGIA CABEÇA E PESCOÇO,VAGA_ENCONTRADA,
2026-09-15T17:51:11,CIRURGIA DA MÃO,SEM_VAGA,0
2026-09-15T17:51:14,CIRURGIA PLÁSTICA,SEM_VAGA,0
2026-09-15T17:51:21,CIRURGIA VASCULAR,VAGA_ENCONTRADA,
2026-09-15T17:51:27,CLÍNICA MÉDICA,SEM_VAGA,0
2026-09-15T17:51:37,DERMATOLOGIA,SEM_VAGA,0
2026-09-15T17:51:41,DERMATOLOGIA - TRIAGEM,SEM_VAGA,0
2026-09-15T17:51:45,DERMATOLOGIA - TRICOLOGIA,SEM_VAGA,0
2026-09-15T17:51:59,FISIOTERAPIA COLUNA CERVICAL,VAGA_ENCONTRADA,
2026-09-15T17:52:05,FISIOTERAPIA COLUNA LOMBAR,SEM_VAGA,0
2026-09-15T17:52:09,FISIOTERAPIA MEMBROS INFERIORES,SEM_VAGA,0
2026-09-15T17:52:12,FISIOTERAPIA MEMBROS INFERIORES,SEM_VAGA,0
2026-09-15T17:52:19,GASTROCIRURGIA,VAGA_ENCONTRADA,
2026-09-15T17:52:39,GINECOLOGIA-OBSTETRÍCIA,SEM_VAGA,0
2026-09-15T17:52:47,GINECOLOGIA-OBSTETRÍCIA - PRE NATAL (GESTANTE),VAGA_ENCONTRADA,
2026-09-15T17:52:57,INFECTOLOGIA,VAGA_ENCONTRADA,
2026-09-15T17:53:03,NEFROLOGIA,SEM_VAGA,0
2026-09-15T17:53:06,NEUROLOGIA,SEM_VAGA,0
2026-09-15T17:53:09,NUTRIÇÃO - DIETÉTICA,SEM_VAGA,0
2026-09-15T17:53:12,ODONTOLOGIA - ACUPUNTURA,SEM_VAGA,0
2026-09-15T17:53:16,ODONTOLOGIA - ATM,SEM_VAGA,0
2026-09-15T17:53:19,ODONTOLOGIA - DENTÍSTICA,SEM_VAGA,0
2026-09-15T17:53:22,ODONTOLOGIA - ENDODONTIA,SEM_VAGA,0
2026-09-15T17:53:29,ODONTOLOGIA - PERIODONTIA,VAGA_ENCONTRADA,
2026-09-15T17:53:35,OFTALMOLOGIA,SEM_VAGA,0
2026-09-15T17:53:38,OFTALMOLOGIA - FUNDO DE OLHO,SEM_VAGA,0
2026-09-15T17:53:41,OFTALMOLOGIA - GLAUCOMA,SEM_VAGA,0
2026-09-15T17:53:45,ORTOPEDIA,SEM_VAGA,0
2026-09-15T17:53:48,OTORRINOLARINGOLOGIA,SEM_VAGA,0
2026-09-15T17:53:55,PNEUMOLOGIA,VAGA_ENCONTRADA,
2026-09-15T17:54:01,PROCTOLOGIA,SEM_VAGA,0
2026-09-15T17:54:11,REUMATOLOGIA,SEM_VAGA,0
2026-09-15T17:54:18,UROLOGIA,VAGA_ENCONTRADA,
2026-09-15T17:59:28,ACUPUNTURA,SEM_VAGA,0
2026-09-15T17:59:32,ALERGIA E IMUNOLOGIA - TELECONSULTA,SEM_VAGA,0
2026-09-15T17:59:45,CIRURGIA CABEÇA E PESCOÇO,VAGA_ENCONTRADA,
2026-09-15T17:59:51,CIRURGIA DA MÃO,SEM_VAGA,0
2026-09-15T17:59:55,CIRURGIA PLÁSTICA,SEM_VAGA,0
2026-09-15T18:00:02,CIRURGIA VASCULAR,VAGA_ENCONTRADA,
2026-09-15T18:00:07,CLÍNICA MÉDICA,SEM_VAGA,0
2026-09-15T18:00:17,DERMATOLOGIA,SEM_VAGA,0
2026-09-15T18:00:20,DERMATOLOGIA - TRIAGEM,SEM_VAGA,0
2026-09-15T18:00:23,DERMATOLOGIA - TRICOLOGIA,SEM_VAGA,0
2026-09-15T18:00:37,FISIOTERAPIA COLUNA CERVICAL,VAGA_ENCONTRADA,
2026-09-15T18:00:43,FISIOTERAPIA COLUNA LOMBAR,SEM_VAGA,0
2026-09-15T18:00:46,FISIOTERAPIA MEMBROS INFERIORES,SEM_VAGA,0
2026-09-15T18:00:49,FISIOTERAPIA MEMBROS INFERIORES,SEM_VAGA,0
2026-09-15T18:00:57,GASTROCIRURGIA,VAGA_ENCONTRADA,
2026-09-15T18:01:04,GASTROCLÍNICA,SEM_VAGA,0
2026-09-15T18:01:14,GINECOLOGIA-OBSTETRÍCIA,SEM_VAGA,0
2026-09-15T18:01:21,GINECOLOGIA-OBSTETRÍCIA - PRE NATAL (GESTANTE),VAGA_ENCONTRADA,
2026-09-15T18:01:31,INFECTOLOGIA,VAGA_ENCONTRADA,
2026-09-15T18:01:37,NEFROLOGIA,SEM_VAGA,0
2026-09-15T18:01:40,NEUROLOGIA,SEM_VAGA,0
2026-09-15T18:01:43,NUTRIÇÃO - DIETÉTICA,SEM_VAGA,0
2026-09-15T18:01:46,ODONTOLOGIA - ACUPUNTURA,SEM_VAGA,0
2026-09-15T18:01:49,ODONTOLOGIA - ATM,SEM_VAGA,0
2026-09-15T18:01:53,ODONTOLOGIA - DENTÍSTICA,SEM_VAGA,0
2026-09-15T18:01:57,ODONTOLOGIA - ENDODONTIA,SEM_VAGA,0
2026-09-15T18:02:05,ODONTOLOGIA - PERIODONTIA,VAGA_ENCONTRADA,
2026-09-15T18:02:11,OFTALMOLOGIA,SEM_VAGA,0
2026-09-15T18:02:14,OFTALMOLOGIA - FUNDO DE OLHO,SEM_VAGA,0
2026-09-15T18:02:17,OFTALMOLOGIA - GLAUCOMA,SEM_VAGA,0
2026-09-15T18:02:20,ORTOPEDIA,SEM_VAGA,0
2026-09-15T18:02:24,OTORRINOLARINGOLOGIA,SEM_VAGA,0
2026-09-15T18:02:31,PNEUMOLOGIA,VAGA_ENCONTRADA,
2026-09-15T18:02:38,PROCTOLOGIA,SEM_VAGA,0
2026-09-15T18:02:48,REUMATOLOGIA,SEM_VAGA,0
2026-09-15T18:02:56,UROLOGIA,VAGA_ENCONTRADA,
2026-09-15T18:08:10,ACUPUNTURA,SEM_VAGA,0
2026-09-15T18:08:13,ALERGIA E IMUNOLOGIA - TELECONSULTA,SEM_VAGA,0
2026-09-15T18:08:30,CIRURGIA CABEÇA E PESCOÇO,VAGA_ENCONTRADA,
2026-09-15T18:08:36,CIRURGIA DA MÃO,SEM_VAGA,0
2026-09-15T18:08:39,CIRURGIA PLÁSTICA,SEM_VAGA,0
2026-09-15T18:08:47,CIRURGIA VASCULAR,VAGA_ENCONTRADA,
2026-09-15T18:08:53,CLÍNICA MÉDICA,SEM_VAGA,0
2026-09-15T18:09:09,DERMATOLOGIA,VAGA_ENCONTRADA,
2026-09-15T18:09:15,DERMATOLOGIA - TRIAGEM,SEM_VAGA,0
2026-09-15T18:09:19,DERMATOLOGIA - TRICOLOGIA,SEM_VAGA,0
2026-09-15T18:09:29,FISIOTERAPIA COLUNA CERVICAL,SEM_VAGA,0
2026-09-15T18:09:32,FISIOTERAPIA COLUNA LOMBAR,SEM_VAGA,0
2026-09-15T18:09:39,FISIOTERAPIA MEMBROS INFERIORES,SEM_VAGA,0
2026-09-15T18:09:42,FISIOTERAPIA MEMBROS INFERIORES,SEM_VAGA,0
2026-09-15T18:09:49,GASTROCIRURGIA,VAGA_ENCONTRADA,
2026-09-15T18:09:55,GASTROCLÍNICA,SEM_VAGA,0
2026-09-15T18:10:04,GINECOLOGIA-OBSTETRÍCIA,SEM_VAGA,0
2026-09-15T18:10:12,GINECOLOGIA-OBSTETRÍCIA - PRE NATAL (GESTANTE),VAGA_ENCONTRADA,
2026-09-15T18:10:21,INFECTOLOGIA,VAGA_ENCONTRADA,
2026-09-15T18:10:27,NEFROLOGIA,SEM_VAGA,0
2026-09-15T18:10:30,NEUROLOGIA,SEM_VAGA,0
2026-09-15T18:10:34,NUTRIÇÃO - DIETÉTICA,SEM_VAGA,0
2026-09-15T18:10:38,ODONTOLOGIA - ACUPUNTURA,SEM_VAGA,0
2026-09-15T18:10:42,ODONTOLOGIA - ATM,SEM_VAGA,0
2026-09-15T18:10:49,ODONTOLOGIA - DENTÍSTICA,SEM_VAGA,0
2026-09-15T18:10:52,ODONTOLOGIA - ENDODONTIA,SEM_VAGA,0
2026-09-15T18:10:59,ODONTOLOGIA - PERIODONTIA,VAGA_ENCONTRADA,
2026-09-15T18:11:06,OFTALMOLOGIA,SEM_VAGA,0
2026-09-15T18:11:09,OFTALMOLOGIA - FUNDO DE OLHO,SEM_VAGA,0
2026-09-15T18:11:15,OFTALMOLOGIA - GLAUCOMA,SEM_VAGA,0
2026-09-15T18:11:19,ORTOPEDIA,SEM_VAGA,0
2026-09-15T18:11:26,OTORRINOLARINGOLOGIA,SEM_VAGA,0
2026-09-15T18:11:33,PNEUMOLOGIA,VAGA_ENCONTRADA,
2026-09-15T18:11:39,PROCTOLOGIA,SEM_VAGA,0
2026-09-15T18:11:51,REUMATOLOGIA,SEM_VAGA,0
2026-09-15T18:11:58,UROLOGIA,VAGA_ENCONTRADA,
2026-09-15T18:17:09,ACUPUNTURA,SEM_VAGA,0
2026-09-15T18:17:13,ALERGIA E IMUNOLOGIA - TELECONSULTA,SEM_VAGA,0
2026-09-15T18:17:26,CIRURGIA CABEÇA E PESCOÇO,VAGA_ENCONTRADA,
2026-09-15T18:17:32,CIRURGIA DA MÃO,SEM_VAGA,0
2026-09-15T18:17:35,CIRURGIA PLÁSTICA,SEM_VAGA,0
2026-09-15T18:17:38,CIRURGIA VASCULAR,SEM_VAGA,0
2026-09-15T18:17:42,CLÍNICA MÉDICA,SEM_VAGA,0
2026-09-15T18:17:52,DERMATOLOGIA,SEM_VAGA,0
2026-09-15T18:17:56,DERMATOLOGIA - TRIAGEM,SEM_VAGA,0
2026-09-15T18:18:01,DERMATOLOGIA - TRICOLOGIA,SEM_VAGA,0
2026-09-15T18:18:11,FISIOTERAPIA COLUNA CERVICAL,SEM_VAGA,0
2026-09-15T18:18:14,FISIOTERAPIA COLUNA LOMBAR,SEM_VAGA,0
2026-09-15T18:18:17,FISIOTERAPIA MEMBROS INFERIORES,SEM_VAGA,0
2026-09-15T18:18:20,FISIOTERAPIA MEMBROS INFERIORES,SEM_VAGA,0
2026-09-15T18:18:27,GASTROCIRURGIA,VAGA_ENCONTRADA,
2026-09-15T18:18:33,GASTROCLÍNICA,SEM_VAGA,0
2026-09-15T18:18:43,GINECOLOGIA-OBSTETRÍCIA,SEM_VAGA,0
2026-09-15T18:18:50,GINECOLOGIA-OBSTETRÍCIA - PRE NATAL (GESTANTE),VAGA_ENCONTRADA,
2026-09-15T18:19:00,INFECTOLOGIA,VAGA_ENCONTRADA,
2026-09-15T18:19:06,NEFROLOGIA,SEM_VAGA,0
2026-09-15T18:19:09,NEUROLOGIA,SEM_VAGA,0
2026-09-15T18:19:12,NUTRIÇÃO - DIETÉTICA,SEM_VAGA,0
2026-09-15T18:19:15,ODONTOLOGIA - ACUPUNTURA,SEM_VAGA,0
2026-09-15T18:19:19,ODONTOLOGIA - ATM,SEM_VAGA,0
2026-09-15T18:19:22,ODONTOLOGIA - DENTÍSTICA,SEM_VAGA,0
2026-09-15T18:19:25,ODONTOLOGIA - ENDODONTIA,SEM_VAGA,0
2026-09-15T18:19:32,ODONTOLOGIA - PERIODONTIA,VAGA_ENCONTRADA,
2026-09-15T18:19:38,OFTALMOLOGIA,SEM_VAGA,0
2026-09-15T18:19:41,OFTALMOLOGIA - FUNDO DE OLHO,SEM_VAGA,0
2026-09-15T18:19:45,OFTALMOLOGIA - GLAUCOMA,SEM_VAGA,0
2026-09-15T18:19:48,ORTOPEDIA,SEM_VAGA,0
2026-09-15T18:19:51,OTORRINOLARINGOLOGIA,SEM_VAGA,0
2026-09-15T18:19:58,PNEUMOLOGIA,VAGA_ENCONTRADA,
2026-09-15T18:20:04,PROCTOLOGIA,SEM_VAGA,0
2026-09-15T18:20:14,REUMATOLOGIA,SEM_VAGA,0
2026-09-15T18:20:21,UROLOGIA,VAGA_ENCONTRADA,
2026-09-15T18:25:32,ACUPUNTURA,SEM_VAGA,0
2026-09-15T18:25:35,ALERGIA E IMUNOLOGIA - TELECONSULTA,SEM_VAGA,0
2026-09-15T18:25:49,CIRURGIA CABEÇA E PESCOÇO,VAGA_ENCONTRADA,
2026-09-15T18:25:56,CIRURGIA DA MÃO,SEM_VAGA,0
2026-09-15T18:25:59,CIRURGIA PLÁSTICA,SEM_VAGA,0
2026-09-15T18:26:03,CIRURGIA VASCULAR,SEM_VAGA,0
2026-09-15T18:26:06,CLÍNICA MÉDICA,SEM_VAGA,0
2026-09-15T18:26:16,DERMATOLOGIA,SEM_VAGA,0
2026-09-15T18:26:20,DERMATOLOGIA - TRIAGEM,SEM_VAGA,0
2026-09-15T18:26:25,DERMATOLOGIA - TRICOLOGIA,SEM_VAGA,0
2026-09-15T18:26:34,FISIOTERAPIA COLUNA CERVICAL,SEM_VAGA,0
2026-09-15T18:26:38,FISIOTERAPIA COLUNA LOMBAR,SEM_VAGA,0
2026-09-15T18:26:42,FISIOTERAPIA MEMBROS INFERIORES,SEM_VAGA,0
2026-09-15T18:26:45,FISIOTERAPIA MEMBROS INFERIORES,SEM_VAGA,0
2026-09-15T18:26:52,GASTROCIRURGIA,VAGA_ENCONTRADA,
2026-09-15T18:26:58,GASTROCLÍNICA,SEM_VAGA,0
2026-09-15T18:27:09,GINECOLOGIA-OBSTETRÍCIA,SEM_VAGA,0
2026-09-15T18:27:17,GINECOLOGIA-OBSTETRÍCIA - PRE NATAL (GESTANTE),VAGA_ENCONTRADA,
2026-09-15T18:27:26,INFECTOLOGIA,VAGA_ENCONTRADA,
2026-09-15T18:27:32,NEFROLOGIA,SEM_VAGA,0
2026-09-15T18:27:35,NEUROLOGIA,SEM_VAGA,0
2026-09-15T18:27:39,NUTRIÇÃO - DIETÉTICA,SEM_VAGA,0
2026-09-15T18:27:43,ODONTOLOGIA - ACUPUNTURA,SEM_VAGA,0
2026-09-15T18:27:47,ODONTOLOGIA - ATM,SEM_VAGA,0
2026-09-15T18:27:53,ODONTOLOGIA - DENTÍSTICA,SEM_VAGA,0
2026-09-15T18:27:57,ODONTOLOGIA - ENDODONTIA,SEM_VAGA,0
2026-09-15T18:28:04,ODONTOLOGIA - PERIODONTIA,VAGA_ENCONTRADA,
2026-09-15T18:28:09,OFTALMOLOGIA,SEM_VAGA,0
2026-09-15T18:28:13,OFTALMOLOGIA - FUNDO DE OLHO,SEM_VAGA,0
2026-09-15T18:28:16,OFTALMOLOGIA - GLAUCOMA,SEM_VAGA,0
2026-09-15T18:28:19,ORTOPEDIA,SEM_VAGA,0
2026-09-15T18:28:23,OTORRINOLARINGOLOGIA,SEM_VAGA,0
2026-09-15T18:28:30,PNEUMOLOGIA,VAGA_ENCONTRADA,
2026-09-15T18:28:35,PROCTOLOGIA,SEM_VAGA,0
2026-09-15T18:28:45,REUMATOLOGIA,SEM_VAGA,0
2026-09-15T18:28:53,UROLOGIA,VAGA_ENCONTRADA,
2026-09-15T18:34:03,ACUPUNTURA,SEM_VAGA,0
2026-09-15T18:34:07,ALERGIA E IMUNOLOGIA - TELECONSULTA,SEM_VAGA,0
2026-09-15T18:34:21,CIRURGIA CABEÇA E PESCOÇO,VAGA_ENCONTRADA,
2026-09-15T18:34:27,CIRURGIA DA MÃO,SEM_VAGA,0
2026-09-15T18:34:31,CIRURGIA PLÁSTICA,SEM_VAGA,0
2026-09-15T18:34:34,CIRURGIA VASCULAR,SEM_VAGA,0
2026-09-15T18:34:37,CLÍNICA MÉDICA,SEM_VAGA,0
2026-09-15T18:34:48,DERMATOLOGIA,SEM_VAGA,0
2026-09-15T18:34:51,DERMATOLOGIA - TRIAGEM,SEM_VAGA,0
2026-09-15T18:34:55,DERMATOLOGIA - TRICOLOGIA,SEM_VAGA,0
2026-09-15T18:35:04,FISIOTERAPIA COLUNA CERVICAL,SEM_VAGA,0
2026-09-15T18:35:08,FISIOTERAPIA COLUNA LOMBAR,SEM_VAGA,0
2026-09-15T18:35:11,FISIOTERAPIA MEMBROS INFERIORES,SEM_VAGA,0
2026-09-15T18:35:14,FISIOTERAPIA MEMBROS INFERIORES,SEM_VAGA,0
2026-09-15T18:35:21,GASTROCIRURGIA,VAGA_ENCONTRADA,
2026-09-15T18:35:27,GASTROCLÍNICA,SEM_VAGA,0
2026-09-15T18:35:37,GINECOLOGIA-OBSTETRÍCIA,SEM_VAGA,0
2026-09-15T18:35:44,GINECOLOGIA-OBSTETRÍCIA - PRE NATAL (GESTANTE),VAGA_ENCONTRADA,
2026-09-15T18:35:53,INFECTOLOGIA,VAGA_ENCONTRADA,
2026-09-15T18:36:00,NEFROLOGIA,SEM_VAGA,0
2026-09-15T18:36:05,NEUROLOGIA,SEM_VAGA,0
2026-09-15T18:36:08,NUTRIÇÃO - DIETÉTICA,SEM_VAGA,0
2026-09-15T18:36:11,ODONTOLOGIA - ACUPUNTURA,SEM_VAGA,0
2026-09-15T18:36:14,ODONTOLOGIA - ATM,SEM_VAGA,0
2026-09-15T18:36:18,ODONTOLOGIA - DENTÍSTICA,SEM_VAGA,0
2026-09-15T18:36:21,ODONTOLOGIA - ENDODONTIA,SEM_VAGA,0
2026-09-15T18:36:28,ODONTOLOGIA - PERIODONTIA,VAGA_ENCONTRADA,
2026-09-15T18:36:34,OFTALMOLOGIA,SEM_VAGA,0
2026-09-15T18:36:37,OFTALMOLOGIA - FUNDO DE OLHO,SEM_VAGA,0
2026-09-15T18:36:41,OFTALMOLOGIA - GLAUCOMA,SEM_VAGA,0
2026-09-15T18:36:44,ORTOPEDIA,SEM_VAGA,0
2026-09-15T18:36:47,OTORRINOLARINGOLOGIA,SEM_VAGA,0
2026-09-15T18:36:54,PNEUMOLOGIA,VAGA_ENCONTRADA,
2026-09-15T18:37:00,PROCTOLOGIA,SEM_VAGA,0
2026-09-15T18:37:10,REUMATOLOGIA,SEM_VAGA,0
2026-09-15T18:37:17,UROLOGIA,VAGA_ENCONTRADA,
2026-09-15T18:42:28,ACUPUNTURA,SEM_VAGA,0
2026-09-15T18:42:31,ALERGIA E IMUNOLOGIA - TELECONSULTA,SEM_VAGA,0
2026-09-15T18:42:45,CIRURGIA CABEÇA E PESCOÇO,VAGA_ENCONTRADA,
2026-09-15T18:42:51,CIRURGIA DA MÃO,SEM_VAGA,0
2026-09-15T18:42:55,CIRURGIA PLÁSTICA,SEM_VAGA,0
2026-09-15T18:42:58,CIRURGIA VASCULAR,SEM_VAGA,0
2026-09-15T18:43:01,CLÍNICA MÉDICA,SEM_VAGA,0
2026-09-15T18:43:11,DERMATOLOGIA,SEM_VAGA,0
2026-09-15T18:43:15,DERMATOLOGIA - TRIAGEM,SEM_VAGA,0
2026-09-15T18:43:19,DERMATOLOGIA - TRICOLOGIA,SEM_VAGA,0
2026-09-15T18:43:29,FISIOTERAPIA COLUNA CERVICAL,SEM_VAGA,0
2026-09-15T18:43:32,FISIOTERAPIA COLUNA LOMBAR,SEM_VAGA,0
2026-09-15T18:43:35,FISIOTERAPIA MEMBROS INFERIORES,SEM_VAGA,0
2026-09-15T18:43:39,FISIOTERAPIA MEMBROS INFERIORES,SEM_VAGA,0
2026-09-15T18:43:46,GASTROCIRURGIA,VAGA_ENCONTRADA,
2026-09-15T18:43:52,GASTROCLÍNICA,SEM_VAGA,0
2026-09-15T18:44:02,GINECOLOGIA-OBSTETRÍCIA,SEM_VAGA,0
2026-09-15T18:44:09,GINECOLOGIA-OBSTETRÍCIA - PRE NATAL (GESTANTE),VAGA_ENCONTRADA,
2026-09-15T18:44:18,INFECTOLOGIA,VAGA_ENCONTRADA,
2026-09-15T18:44:24,NEFROLOGIA,SEM_VAGA,0
2026-09-15T18:44:28,NEUROLOGIA,SEM_VAGA,0
2026-09-15T18:44:31,NUTRIÇÃO - DIETÉTICA,SEM_VAGA,0
2026-09-15T18:44:34,ODONTOLOGIA - ACUPUNTURA,SEM_VAGA,0
2026-09-15T18:44:37,ODONTOLOGIA - ATM,SEM_VAGA,0
2026-09-15T18:44:41,ODONTOLOGIA - DENTÍSTICA,SEM_VAGA,0
2026-09-15T18:44:44,ODONTOLOGIA - ENDODONTIA,SEM_VAGA,0
2026-09-15T18:44:51,ODONTOLOGIA - PERIODONTIA,VAGA_ENCONTRADA,
2026-09-15T18:44:57,OFTALMOLOGIA,SEM_VAGA,0
2026-09-15T18:45:00,OFTALMOLOGIA - FUNDO DE OLHO,SEM_VAGA,0
2026-09-15T18:45:03,OFTALMOLOGIA - GLAUCOMA,SEM_VAGA,0
2026-09-15T18:45:07,ORTOPEDIA,SEM_VAGA,0
2026-09-15T18:45:10,OTORRINOLARINGOLOGIA,SEM_VAGA,0
2026-09-15T18:45:17,PNEUMOLOGIA,VAGA_ENCONTRADA,
2026-09-15T18:45:23,PROCTOLOGIA,SEM_VAGA,0
2026-09-15T18:45:33,REUMATOLOGIA,SEM_VAGA,0
2026-09-15T18:45:40,UROLOGIA,VAGA_ENCONTRADA,
2026-09-15T18:50:52,ACUPUNTURA,SEM_VAGA,0
2026-09-15T18:50:56,ALERGIA E IMUNOLOGIA - TELECONSULTA,SEM_VAGA,0
2026-09-15T18:51:10,CIRURGIA CABEÇA E PESCOÇO,VAGA_ENCONTRADA,
2026-09-15T18:51:15,CIRURGIA DA MÃO,SEM_VAGA,0
2026-09-15T18:51:19,CIRURGIA PLÁSTICA,SEM_VAGA,0
2026-09-15T18:51:22,CIRURGIA VASCULAR,SEM_VAGA,0
2026-09-15T18:51:25,CLÍNICA MÉDICA,SEM_VAGA,0
2026-09-15T18:51:35,DERMATOLOGIA,SEM_VAGA,0
2026-09-15T18:51:39,DERMATOLOGIA - TRIAGEM,SEM_VAGA,0
2026-09-15T18:51:42,DERMATOLOGIA - TRICOLOGIA,SEM_VAGA,0
2026-09-15T18:51:52,FISIOTERAPIA COLUNA CERVICAL,SEM_VAGA,0
2026-09-15T18:51:55,FISIOTERAPIA COLUNA LOMBAR,SEM_VAGA,0
2026-09-15T18:51:58,FISIOTERAPIA MEMBROS INFERIORES,SEM_VAGA,0
2026-09-15T18:52:02,FISIOTERAPIA MEMBROS INFERIORES,SEM_VAGA,0
2026-09-15T18:52:09,GASTROCIRURGIA,VAGA_ENCONTRADA,
2026-09-15T18:52:15,GASTROCLÍNICA,SEM_VAGA,0
2026-09-15T18:52:25,GINECOLOGIA-OBSTETRÍCIA,SEM_VAGA,0
2026-09-15T18:52:32,GINECOLOGIA-OBSTETRÍCIA - PRE NATAL (GESTANTE),VAGA_ENCONTRADA,
2026-09-15T18:52:41,INFECTOLOGIA,VAGA_ENCONTRADA,
2026-09-15T18:52:47,NEFROLOGIA,SEM_VAGA,0
2026-09-15T18:52:50,NEUROLOGIA,SEM_VAGA,0
2026-09-15T18:52:57,NUTRIÇÃO - DIETÉTICA,SEM_VAGA,0
2026-09-15T18:53:00,ODONTOLOGIA - ACUPUNTURA,SEM_VAGA,0
2026-09-15T18:53:04,ODONTOLOGIA - ATM,SEM_VAGA,0
2026-09-15T18:53:07,ODONTOLOGIA - DENTÍSTICA,SEM_VAGA,0
2026-09-15T18:53:10,ODONTOLOGIA - ENDODONTIA,SEM_VAGA,0
2026-09-15T18:53:17,ODONTOLOGIA - PERIODONTIA,VAGA_ENCONTRADA,
2026-09-15T18:53:25,OFTALMOLOGIA,SEM_VAGA,0
2026-09-15T18:53:30,OFTALMOLOGIA - FUNDO DE OLHO,SEM_VAGA,0
2026-09-15T18:53:35,OFTALMOLOGIA - GLAUCOMA,SEM_VAGA,0
2026-09-15T18:53:40,ORTOPEDIA,SEM_VAGA,0
2026-09-15T18:53:44,OTORRINOLARINGOLOGIA,SEM_VAGA,0
2026-09-15T18:53:52,PNEUMOLOGIA,VAGA_ENCONTRADA,
2026-09-15T18:53:59,PROCTOLOGIA,SEM_VAGA,0
2026-09-15T18:54:09,REUMATOLOGIA,SEM_VAGA,0
2026-09-15T18:54:15,UROLOGIA,VAGA_ENCONTRADA,
2026-09-15T18:59:26,ACUPUNTURA,SEM_VAGA,0
2026-09-15T18:59:29,ALERGIA E IMUNOLOGIA - TELECONSULTA,SEM_VAGA,0
2026-09-15T18:59:43,CIRURGIA CABEÇA E PESCOÇO,VAGA_ENCONTRADA,
2026-09-15T18:59:49,CIRURGIA DA MÃO,SEM_VAGA,0
2026-09-15T18:59:52,CIRURGIA PLÁSTICA,SEM_VAGA,0
2026-09-15T18:59:56,CIRURGIA VASCULAR,SEM_VAGA,0
2026-09-15T18:59:59,CLÍNICA MÉDICA,SEM_VAGA,0
2026-09-15T19:00:09,DERMATOLOGIA,SEM_VAGA,0
2026-09-15T19:00:12,DERMATOLOGIA - TRIAGEM,SEM_VAGA,0
2026-09-15T19:00:15,DERMATOLOGIA - TRICOLOGIA,SEM_VAGA,0
2026-09-15T19:00:26,FISIOTERAPIA COLUNA CERVICAL,SEM_VAGA,0
2026-09-15T19:00:29,FISIOTERAPIA COLUNA LOMBAR,SEM_VAGA,0
2026-09-15T19:00:32,FISIOTERAPIA MEMBROS INFERIORES,SEM_VAGA,0
2026-09-15T19:00:36,FISIOTERAPIA MEMBROS INFERIORES,SEM_VAGA,0
2026-09-15T19:00:43,GASTROCIRURGIA,VAGA_ENCONTRADA,
2026-09-15T19:00:50,GASTROCLÍNICA,SEM_VAGA,0
2026-09-15T19:01:01,GINECOLOGIA-OBSTETRÍCIA,SEM_VAGA,0
2026-09-15T19:01:08,GINECOLOGIA-OBSTETRÍCIA - PRE NATAL (GESTANTE),VAGA_ENCONTRADA,
2026-09-15T19:01:18,INFECTOLOGIA,VAGA_ENCONTRADA,
2026-09-15T19:01:24,NEFROLOGIA,SEM_VAGA,0
2026-09-15T19:01:27,NEUROLOGIA,SEM_VAGA,0
2026-09-15T19:01:30,NUTRIÇÃO - DIETÉTICA,SEM_VAGA,0
2026-09-15T19:01:33,ODONTOLOGIA - ACUPUNTURA,SEM_VAGA,0
2026-09-15T19:01:36,ODONTOLOGIA - ATM,SEM_VAGA,0
2026-09-15T19:01:39,ODONTOLOGIA - DENTÍSTICA,SEM_VAGA,0
2026-09-15T19:01:43,ODONTOLOGIA - ENDODONTIA,SEM_VAGA,0
2026-09-15T19:01:50,ODONTOLOGIA - PERIODONTIA,VAGA_ENCONTRADA,
2026-09-15T19:01:56,OFTALMOLOGIA,SEM_VAGA,0
2026-09-15T19:01:59,OFTALMOLOGIA - FUNDO DE OLHO,SEM_VAGA,0
2026-09-15T19:02:02,OFTALMOLOGIA - GLAUCOMA,SEM_VAGA,0
2026-09-15T19:02:06,ORTOPEDIA,SEM_VAGA,0
2026-09-15T19:02:09,OTORRINOLARINGOLOGIA,SEM_VAGA,0
2026-09-15T19:02:16,PNEUMOLOGIA,VAGA_ENCONTRADA,
2026-09-15T19:02:46,UROLOGIA,VAGA_ENCONTRADA,
2026-09-15T19:07:59,ACUPUNTURA,SEM_VAGA,0
2026-09-15T19:08:04,ALERGIA E IMUNOLOGIA - TELECONSULTA,SEM_VAGA,0
2026-09-15T19:08:18,CIRURGIA CABEÇA E PESCOÇO,VAGA_ENCONTRADA,
2026-09-15T19:08:25,CIRURGIA DA MÃO,SEM_VAGA,0
2026-09-15T19:08:28,CIRURGIA PLÁSTICA,SEM_VAGA,0
2026-09-15T19:08:31,CIRURGIA VASCULAR,SEM_VAGA,0
2026-09-15T19:08:34,CLÍNICA MÉDICA,SEM_VAGA,0
2026-09-15T19:08:44,DERMATOLOGIA,SEM_VAGA,0
2026-09-15T19:08:47,DERMATOLOGIA - TRIAGEM,SEM_VAGA,0
2026-09-15T19:08:50,DERMATOLOGIA - TRICOLOGIA,SEM_VAGA,0
2026-09-15T19:09:00,FISIOTERAPIA COLUNA CERVICAL,SEM_VAGA,0
2026-09-15T19:09:03,FISIOTERAPIA COLUNA LOMBAR,SEM_VAGA,0
2026-09-15T19:09:06,FISIOTERAPIA MEMBROS INFERIORES,SEM_VAGA,0
2026-09-15T19:09:10,FISIOTERAPIA MEMBROS INFERIORES,SEM_VAGA,0
2026-09-15T19:09:17,GASTROCIRURGIA,VAGA_ENCONTRADA,
2026-09-15T19:09:22,GASTROCLÍNICA,SEM_VAGA,0
2026-09-15T19:09:34,GINECOLOGIA-OBSTETRÍCIA,SEM_VAGA,0
2026-09-15T19:09:41,GINECOLOGIA-OBSTETRÍCIA - PRE NATAL (GESTANTE),VAGA_ENCONTRADA,
2026-09-15T19:09:51,INFECTOLOGIA,VAGA_ENCONTRADA,
2026-09-15T19:09:57,NEFROLOGIA,SEM_VAGA,0
2026-09-15T19:10:00,NEUROLOGIA,SEM_VAGA,0
2026-09-15T19:10:03,NUTRIÇÃO - DIETÉTICA,SEM_VAGA,0
2026-09-15T19:10:06,ODONTOLOGIA - ACUPUNTURA,SEM_VAGA,0
2026-09-15T19:10:09,ODONTOLOGIA - ATM,SEM_VAGA,0
2026-09-15T19:10:13,ODONTOLOGIA - DENTÍSTICA,SEM_VAGA,0
2026-09-15T19:10:16,ODONTOLOGIA - ENDODONTIA,SEM_VAGA,0
2026-09-15T19:10:23,ODONTOLOGIA - PERIODONTIA,VAGA_ENCONTRADA,
2026-09-15T19:10:29,OFTALMOLOGIA,SEM_VAGA,0
2026-09-15T19:10:32,OFTALMOLOGIA - FUNDO DE OLHO,SEM_VAGA,0
2026-09-15T19:10:35,OFTALMOLOGIA - GLAUCOMA,SEM_VAGA,0
2026-09-15T19:10:39,ORTOPEDIA,SEM_VAGA,0
2026-09-15T19:10:42,OTORRINOLARINGOLOGIA,SEM_VAGA,0
2026-09-15T19:10:49,PNEUMOLOGIA,VAGA_ENCONTRADA,
2026-09-15T19:10:55,PROCTOLOGIA,SEM_VAGA,0
2026-09-15T19:11:05,REUMATOLOGIA,SEM_VAGA,0
2026-09-15T19:11:13,UROLOGIA,VAGA_ENCONTRADA,
2026-09-15T19:16:24,ACUPUNTURA,SEM_VAGA,0
2026-09-15T19:16:27,ALERGIA E IMUNOLOGIA - TELECONSULTA,SEM_VAGA,0
2026-09-15T19:16:41,CIRURGIA CABEÇA E PESCOÇO,VAGA_ENCONTRADA,
2026-09-15T19:16:47,CIRURGIA DA MÃO,SEM_VAGA,0
2026-09-15T19:16:50,CIRURGIA PLÁSTICA,SEM_VAGA,0
2026-09-15T19:16:53,CIRURGIA VASCULAR,SEM_VAGA,0
2026-09-15T19:16:56,CLÍNICA MÉDICA,SEM_VAGA,0
2026-09-15T19:17:06,DERMATOLOGIA,SEM_VAGA,0
2026-09-15T19:17:09,DERMATOLOGIA - TRIAGEM,SEM_VAGA,0
2026-09-15T19:17:13,DERMATOLOGIA - TRICOLOGIA,SEM_VAGA,0
2026-09-15T19:17:23,FISIOTERAPIA COLUNA CERVICAL,SEM_VAGA,0
2026-09-15T19:17:26,FISIOTERAPIA COLUNA LOMBAR,SEM_VAGA,0
2026-09-15T19:17:30,FISIOTERAPIA MEMBROS INFERIORES,SEM_VAGA,0
2026-09-15T19:17:33,FISIOTERAPIA MEMBROS INFERIORES,SEM_VAGA,0
2026-09-15T19:17:40,GASTROCIRURGIA,VAGA_ENCONTRADA,
2026-09-15T19:17:46,GASTROCLÍNICA,SEM_VAGA,0
2026-09-15T19:17:56,GINECOLOGIA-OBSTETRÍCIA,SEM_VAGA,0
2026-09-15T19:18:04,GINECOLOGIA-OBSTETRÍCIA - PRE NATAL (GESTANTE),VAGA_ENCONTRADA,
2026-09-15T19:18:16,INFECTOLOGIA,VAGA_ENCONTRADA,
2026-09-15T19:18:22,NEFROLOGIA,SEM_VAGA,0
2026-09-15T19:18:26,NEUROLOGIA,SEM_VAGA,0
2026-09-15T19:18:29,NUTRIÇÃO - DIETÉTICA,SEM_VAGA,0
2026-09-15T19:18:33,ODONTOLOGIA - ACUPUNTURA,SEM_VAGA,0
2026-09-15T19:18:36,ODONTOLOGIA - ATM,SEM_VAGA,0
2026-09-15T19:18:39,ODONTOLOGIA - DENTÍSTICA,SEM_VAGA,0
2026-09-15T19:18:42,ODONTOLOGIA - ENDODONTIA,SEM_VAGA,0
2026-09-15T19:18:49,ODONTOLOGIA - PERIODONTIA,VAGA_ENCONTRADA,
2026-09-15T19:18:55,OFTALMOLOGIA,SEM_VAGA,0
2026-09-15T19:18:59,OFTALMOLOGIA - FUNDO DE OLHO,SEM_VAGA,0
2026-09-15T19:19:03,OFTALMOLOGIA - GLAUCOMA,SEM_VAGA,0
2026-09-15T19:19:06,ORTOPEDIA,SEM_VAGA,0
2026-09-15T19:19:10,OTORRINOLARINGOLOGIA,SEM_VAGA,0
2026-09-15T19:19:17,PNEUMOLOGIA,VAGA_ENCONTRADA,
2026-09-15T19:19:22,PROCTOLOGIA,SEM_VAGA,0
2026-09-15T19:19:32,REUMATOLOGIA,SEM_VAGA,0
2026-09-15T19:19:39,UROLOGIA,VAGA_ENCONTRADA,
2026-09-15T19:24:51,ACUPUNTURA,SEM_VAGA,0
2026-09-15T19:24:55,ALERGIA E IMUNOLOGIA - TELECONSULTA,SEM_VAGA,0
2026-09-15T19:25:09,CIRURGIA CABEÇA E PESCOÇO,VAGA_ENCONTRADA,
2026-09-15T19:25:15,CIRURGIA DA MÃO,SEM_VAGA,0
2026-09-15T19:25:18,CIRURGIA PLÁSTICA,SEM_VAGA,0
2026-09-15T19:25:21,CIRURGIA VASCULAR,SEM_VAGA,0
2026-09-15T19:25:24,CLÍNICA MÉDICA,SEM_VAGA,0
2026-09-15T19:25:38,DERMATOLOGIA,VAGA_ENCONTRADA,
2026-09-15T19:25:45,DERMATOLOGIA - TRIAGEM,SEM_VAGA,0
2026-09-15T19:25:49,DERMATOLOGIA - TRICOLOGIA,SEM_VAGA,0
2026-09-15T19:25:59,FISIOTERAPIA COLUNA CERVICAL,SEM_VAGA,0
2026-09-15T19:26:02,FISIOTERAPIA COLUNA LOMBAR,SEM_VAGA,0
2026-09-15T19:26:06,FISIOTERAPIA MEMBROS INFERIORES,SEM_VAGA,0
2026-09-15T19:26:09,FISIOTERAPIA MEMBROS INFERIORES,SEM_VAGA,0
2026-09-15T19:26:16,GASTROCIRURGIA,VAGA_ENCONTRADA,
2026-09-15T19:26:22,GASTROCLÍNICA,SEM_VAGA,0
2026-09-15T19:26:32,GINECOLOGIA-OBSTETRÍCIA,SEM_VAGA,0
2026-09-15T19:26:39,GINECOLOGIA-OBSTETRÍCIA - PRE NATAL (GESTANTE),VAGA_ENCONTRADA,
2026-09-15T19:26:49,INFECTOLOGIA,VAGA_ENCONTRADA,
2026-09-15T19:26:56,NEFROLOGIA,SEM_VAGA,0
2026-09-15T19:27:02,NEUROLOGIA,SEM_VAGA,0
2026-09-15T19:27:07,NUTRIÇÃO - DIETÉTICA,SEM_VAGA,0
2026-09-15T19:27:13,ODONTOLOGIA - ACUPUNTURA,SEM_VAGA,0
2026-09-15T19:27:18,ODONTOLOGIA - ATM,SEM_VAGA,0
2026-09-15T19:27:22,ODONTOLOGIA - DENTÍSTICA,SEM_VAGA,0
2026-09-15T19:27:25,ODONTOLOGIA - ENDODONTIA,SEM_VAGA,0
2026-09-15T19:27:32,ODONTOLOGIA - PERIODONTIA,VAGA_ENCONTRADA,
2026-09-15T19:27:38,OFTALMOLOGIA,SEM_VAGA,0
2026-09-15T19:27:42,OFTALMOLOGIA - FUNDO DE OLHO,SEM_VAGA,0
2026-09-15T19:27:46,OFTALMOLOGIA - GLAUCOMA,SEM_VAGA,0
2026-09-15T19:27:50,ORTOPEDIA,SEM_VAGA,0
2026-09-15T19:27:54,OTORRINOLARINGOLOGIA,SEM_VAGA,0
2026-09-15T19:28:01,PNEUMOLOGIA,VAGA_ENCONTRADA,
2026-09-15T19:28:06,PROCTOLOGIA,SEM_VAGA,0
2026-09-15T19:28:16,REUMATOLOGIA,SEM_VAGA,0
2026-09-15T19:28:23,UROLOGIA,VAGA_ENCONTRADA,
2026-09-15T19:33:34,ACUPUNTURA,SEM_VAGA,0
2026-09-15T19:33:38,ALERGIA E IMUNOLOGIA - TELECONSULTA,SEM_VAGA,0
2026-09-15T19:33:51,CIRURGIA CABEÇA E PESCOÇO,VAGA_ENCONTRADA,
2026-09-15T19:33:58,CIRURGIA DA MÃO,SEM_VAGA,0
2026-09-15T19:34:02,CIRURGIA PLÁSTICA,SEM_VAGA,0
2026-09-15T19:34:06,CIRURGIA VASCULAR,SEM_VAGA,0
2026-09-15T19:34:09,CLÍNICA MÉDICA,SEM_VAGA,0
2026-09-15T19:34:19,DERMATOLOGIA,SEM_VAGA,0
2026-09-15T19:34:22,DERMATOLOGIA - TRIAGEM,SEM_VAGA,0
2026-09-15T19:34:25,DERMATOLOGIA - TRICOLOGIA,SEM_VAGA,0
2026-09-15T19:34:35,FISIOTERAPIA COLUNA CERVICAL,SEM_VAGA,0
2026-09-15T19:34:39,FISIOTERAPIA COLUNA LOMBAR,SEM_VAGA,0
2026-09-15T19:34:42,FISIOTERAPIA MEMBROS INFERIORES,SEM_VAGA,0
2026-09-15T19:34:45,FISIOTERAPIA MEMBROS INFERIORES,SEM_VAGA,0
2026-09-15T19:34:52,GASTROCIRURGIA,VAGA_ENCONTRADA,
2026-09-15T19:34:58,GASTROCLÍNICA,SEM_VAGA,0
2026-09-15T19:35:08,GINECOLOGIA-OBSTETRÍCIA,SEM_VAGA,0
2026-09-15T19:35:15,GINECOLOGIA-OBSTETRÍCIA - PRE NATAL (GESTANTE),VAGA_ENCONTRADA,
2026-09-15T19:35:24,INFECTOLOGIA,VAGA_ENCONTRADA,
2026-09-15T19:35:30,NEFROLOGIA,SEM_VAGA,0
2026-09-15T19:35:34,NEUROLOGIA,SEM_VAGA,0
2026-09-15T19:35:37,NUTRIÇÃO - DIETÉTICA,SEM_VAGA,0
2026-09-15T19:35:41,ODONTOLOGIA - ACUPUNTURA,SEM_VAGA,0
2026-09-15T19:35:44,ODONTOLOGIA - ATM,SEM_VAGA,0
2026-09-15T19:35:47,ODONTOLOGIA - DENTÍSTICA,SEM_VAGA,0
2026-09-15T19:35:50,ODONTOLOGIA - ENDODONTIA,SEM_VAGA,0
2026-09-15T19:35:57,ODONTOLOGIA - PERIODONTIA,VAGA_ENCONTRADA,
2026-09-15T19:36:03,OFTALMOLOGIA,SEM_VAGA,0
2026-09-15T19:36:06,OFTALMOLOGIA - FUNDO DE OLHO,SEM_VAGA,0
2026-09-15T19:36:09,OFTALMOLOGIA - GLAUCOMA,SEM_VAGA,0
2026-09-15T19:36:12,ORTOPEDIA,SEM_VAGA,0
2026-09-15T19:36:15,OTORRINOLARINGOLOGIA,SEM_VAGA,0
2026-09-15T19:36:22,PNEUMOLOGIA,VAGA_ENCONTRADA,
2026-09-15T19:36:28,PROCTOLOGIA,SEM_VAGA,0
2026-09-15T19:36:38,REUMATOLOGIA,SEM_VAGA,0
2026-09-15T19:36:41,UROLOGIA,SEM_VAGA,0
2026-09-15T19:41:50,ACUPUNTURA,SEM_VAGA,0
2026-09-15T19:41:54,ALERGIA E IMUNOLOGIA - TELECONSULTA,SEM_VAGA,0
2026-09-15T19:42:07,CIRURGIA CABEÇA E PESCOÇO,VAGA_ENCONTRADA,
2026-09-15T19:42:13,CIRURGIA DA MÃO,SEM_VAGA,0
2026-09-15T19:42:16,CIRURGIA PLÁSTICA,SEM_VAGA,0
2026-09-15T19:42:19,CIRURGIA VASCULAR,SEM_VAGA,0
2026-09-15T19:42:23,CLÍNICA MÉDICA,SEM_VAGA,0
2026-09-15T19:42:33,DERMATOLOGIA,SEM_VAGA,0
2026-09-15T19:42:36,DERMATOLOGIA - TRIAGEM,SEM_VAGA,0
2026-09-15T19:42:40,DERMATOLOGIA - TRICOLOGIA,SEM_VAGA,0
2026-09-15T19:42:51,FISIOTERAPIA COLUNA CERVICAL,SEM_VAGA,0
2026-09-15T19:42:56,FISIOTERAPIA COLUNA LOMBAR,SEM_VAGA,0
2026-09-15T19:43:00,FISIOTERAPIA MEMBROS INFERIORES,SEM_VAGA,0
2026-09-15T19:43:04,FISIOTERAPIA MEMBROS INFERIORES,SEM_VAGA,0
2026-09-15T19:43:11,GASTROCIRURGIA,VAGA_ENCONTRADA,
2026-09-15T19:43:17,GASTROCLÍNICA,SEM_VAGA,0
2026-09-15T19:43:26,GINECOLOGIA-OBSTETRÍCIA,SEM_VAGA,0
2026-09-15T19:43:34,GINECOLOGIA-OBSTETRÍCIA - PRE NATAL (GESTANTE),VAGA_ENCONTRADA,
2026-09-15T19:43:44,INFECTOLOGIA,VAGA_ENCONTRADA,
2026-09-15T19:43:50,NEFROLOGIA,SEM_VAGA,0
2026-09-15T19:43:53,NEUROLOGIA,SEM_VAGA,0
2026-09-15T19:43:56,NUTRIÇÃO - DIETÉTICA,SEM_VAGA,0
2026-09-15T19:43:59,ODONTOLOGIA - ACUPUNTURA,SEM_VAGA,0
2026-09-15T19:44:03,ODONTOLOGIA - ATM,SEM_VAGA,0
2026-09-15T19:44:06,ODONTOLOGIA - DENTÍSTICA,SEM_VAGA,0
2026-09-15T19:44:09,ODONTOLOGIA - ENDODONTIA,SEM_VAGA,0
2026-09-15T19:44:16,ODONTOLOGIA - PERIODONTIA,VAGA_ENCONTRADA,
2026-09-15T19:44:22,OFTALMOLOGIA,SEM_VAGA,0
2026-09-15T19:44:25,OFTALMOLOGIA - FUNDO DE OLHO,SEM_VAGA,0
2026-09-15T19:44:28,OFTALMOLOGIA - GLAUCOMA,SEM_VAGA,0
2026-09-15T19:44:31,ORTOPEDIA,SEM_VAGA,0
2026-09-15T19:44:35,OTORRINOLARINGOLOGIA,SEM_VAGA,0
2026-09-15T19:44:42,PNEUMOLOGIA,VAGA_ENCONTRADA,
2026-09-15T19:44:47,PROCTOLOGIA,SEM_VAGA,0
2026-09-15T19:44:57,REUMATOLOGIA,SEM_VAGA,0
2026-09-15T19:45:00,UROLOGIA,SEM_VAGA,0
2026-09-15T19:50:09,ACUPUNTURA,SEM_VAGA,0
2026-09-15T19:50:13,ALERGIA E IMUNOLOGIA - TELECONSULTA,SEM_VAGA,0
2026-09-15T19:50:27,CIRURGIA CABEÇA E PESCOÇO,VAGA_ENCONTRADA,
2026-09-15T19:50:32,CIRURGIA DA MÃO,SEM_VAGA,0
2026-09-15T19:50:36,CIRURGIA PLÁSTICA,SEM_VAGA,0
2026-09-15T19:50:39,CIRURGIA VASCULAR,SEM_VAGA,0
2026-09-15T19:50:42,CLÍNICA MÉDICA,SEM_VAGA,0
2026-09-15T19:50:52,DERMATOLOGIA,SEM_VAGA,0
2026-09-15T19:50:55,DERMATOLOGIA - TRIAGEM,SEM_VAGA,0
2026-09-15T19:50:58,DERMATOLOGIA - TRICOLOGIA,SEM_VAGA,0
2026-09-15T19:51:08,FISIOTERAPIA COLUNA CERVICAL,SEM_VAGA,0
2026-09-15T19:51:12,FISIOTERAPIA COLUNA LOMBAR,SEM_VAGA,0
2026-09-15T19:51:15,FISIOTERAPIA MEMBROS INFERIORES,SEM_VAGA,0
2026-09-15T19:51:18,FISIOTERAPIA MEMBROS INFERIORES,SEM_VAGA,0
2026-09-15T19:51:25,GASTROCIRURGIA,VAGA_ENCONTRADA,
2026-09-15T19:51:31,GASTROCLÍNICA,SEM_VAGA,0
2026-09-15T19:51:41,GINECOLOGIA-OBSTETRÍCIA,SEM_VAGA,0
2026-09-15T19:51:48,GINECOLOGIA-OBSTETRÍCIA - PRE NATAL (GESTANTE),VAGA_ENCONTRADA,
2026-09-15T19:51:58,INFECTOLOGIA,VAGA_ENCONTRADA,
2026-09-15T19:52:04,NEFROLOGIA,SEM_VAGA,0
2026-09-15T19:52:07,NEUROLOGIA,SEM_VAGA,0
2026-09-15T19:52:10,NUTRIÇÃO - DIETÉTICA,SEM_VAGA,0
2026-09-15T19:52:13,ODONTOLOGIA - ACUPUNTURA,SEM_VAGA,0
2026-09-15T19:52:17,ODONTOLOGIA - ATM,SEM_VAGA,0
2026-09-15T19:52:20,ODONTOLOGIA - DENTÍSTICA,SEM_VAGA,0
2026-09-15T19:52:24,ODONTOLOGIA - ENDODONTIA,SEM_VAGA,0
2026-09-15T19:52:30,ODONTOLOGIA - PERIODONTIA,VAGA_ENCONTRADA,
2026-09-15T19:52:36,OFTALMOLOGIA,SEM_VAGA,0
2026-09-15T19:52:40,OFTALMOLOGIA - FUNDO DE OLHO,SEM_VAGA,0
2026-09-15T19:52:43,OFTALMOLOGIA - GLAUCOMA,SEM_VAGA,0
2026-09-15T19:52:46,ORTOPEDIA,SEM_VAGA,0
2026-09-15T19:52:50,OTORRINOLARINGOLOGIA,SEM_VAGA,0
2026-09-15T19:52:57,PNEUMOLOGIA,VAGA_ENCONTRADA,
2026-09-15T19:53:02,PROCTOLOGIA,SEM_VAGA,0
2026-09-15T19:53:13,REUMATOLOGIA,SEM_VAGA,0
2026-09-15T19:53:17,UROLOGIA,SEM_VAGA,0
2026-09-15T19:58:25,ACUPUNTURA,SEM_VAGA,0
2026-09-15T19:58:29,ALERGIA E IMUNOLOGIA - TELECONSULTA,SEM_VAGA,0
2026-09-15T19:58:42,CIRURGIA CABEÇA E PESCOÇO,VAGA_ENCONTRADA,
2026-09-15T19:58:49,CIRURGIA DA MÃO,SEM_VAGA,0
2026-09-15T19:58:53,CIRURGIA PLÁSTICA,SEM_VAGA,0
2026-09-15T19:58:56,CIRURGIA VASCULAR,SEM_VAGA,0
2026-09-15T19:59:00,CLÍNICA MÉDICA,SEM_VAGA,0
2026-09-15T19:59:15,DERMATOLOGIA,SEM_VAGA,0
2026-09-15T19:59:18,DERMATOLOGIA - TRIAGEM,SEM_VAGA,0
2026-09-15T19:59:21,DERMATOLOGIA - TRICOLOGIA,SEM_VAGA,0
2026-09-15T19:59:31,FISIOTERAPIA COLUNA CERVICAL,SEM_VAGA,0
2026-09-15T19:59:35,FISIOTERAPIA COLUNA LOMBAR,SEM_VAGA,0
2026-09-15T19:59:38,FISIOTERAPIA MEMBROS INFERIORES,SEM_VAGA,0
2026-09-15T19:59:42,FISIOTERAPIA MEMBROS INFERIORES,SEM_VAGA,0
2026-09-15T19:59:49,GASTROCIRURGIA,VAGA_ENCONTRADA,
2026-09-15T19:59:55,GASTROCLÍNICA,SEM_VAGA,0
2026-09-15T20:00:07,GINECOLOGIA-OBSTETRÍCIA,SEM_VAGA,0
2026-09-15T20:00:14,GINECOLOGIA-OBSTETRÍCIA - PRE NATAL (GESTANTE),VAGA_ENCONTRADA,
2026-09-15T20:00:23,INFECTOLOGIA,VAGA_ENCONTRADA,
2026-09-15T20:00:29,NEFROLOGIA,SEM_VAGA,0
2026-09-15T20:00:32,NEUROLOGIA,SEM_VAGA,0
2026-09-15T20:00:36,NUTRIÇÃO - DIETÉTICA,SEM_VAGA,0
2026-09-15T20:00:39,ODONTOLOGIA - ACUPUNTURA,SEM_VAGA,0
2026-09-15T20:00:42,ODONTOLOGIA - ATM,SEM_VAGA,0
2026-09-15T20:00:46,ODONTOLOGIA - DENTÍSTICA,SEM_VAGA,0
2026-09-15T20:00:49,ODONTOLOGIA - ENDODONTIA,SEM_VAGA,0
2026-09-15T20:00:56,ODONTOLOGIA - PERIODONTIA,VAGA_ENCONTRADA,
2026-09-15T20:01:02,OFTALMOLOGIA,SEM_VAGA,0
2026-09-15T20:01:06,OFTALMOLOGIA - FUNDO DE OLHO,SEM_VAGA,0
2026-09-15T20:01:10,OFTALMOLOGIA - GLAUCOMA,SEM_VAGA,0
2026-09-15T20:01:15,ORTOPEDIA,SEM_VAGA,0
2026-09-15T20:01:19,OTORRINOLARINGOLOGIA,SEM_VAGA,0
2026-09-15T20:01:26,PNEUMOLOGIA,VAGA_ENCONTRADA,
2026-09-15T20:01:32,PROCTOLOGIA,SEM_VAGA,0
2026-09-15T20:01:42,REUMATOLOGIA,SEM_VAGA,0
2026-09-15T20:01:45,UROLOGIA,SEM_VAGA,0
2026-09-15T20:06:54,ACUPUNTURA,SEM_VAGA,0
2026-09-15T20:06:57,ALERGIA E IMUNOLOGIA - TELECONSULTA,SEM_VAGA,0
2026-09-15T20:07:11,CIRURGIA CABEÇA E PESCOÇO,VAGA_ENCONTRADA,
2026-09-15T20:07:17,CIRURGIA DA MÃO,SEM_VAGA,0
2026-09-15T20:07:20,CIRURGIA PLÁSTICA,SEM_VAGA,0
2026-09-15T20:07:23,CIRURGIA VASCULAR,SEM_VAGA,0
2026-09-15T20:07:26,CLÍNICA MÉDICA,SEM_VAGA,0
2026-09-15T20:07:36,DERMATOLOGIA,SEM_VAGA,0
2026-09-15T20:07:40,DERMATOLOGIA - TRIAGEM,SEM_VAGA,0
2026-09-15T20:07:43,DERMATOLOGIA - TRICOLOGIA,SEM_VAGA,0
2026-09-15T20:07:53,FISIOTERAPIA COLUNA CERVICAL,SEM_VAGA,0
2026-09-15T20:07:56,FISIOTERAPIA COLUNA LOMBAR,SEM_VAGA,0
2026-09-15T20:08:00,FISIOTERAPIA MEMBROS INFERIORES,SEM_VAGA,0
2026-09-15T20:08:03,FISIOTERAPIA MEMBROS INFERIORES,SEM_VAGA,0
2026-09-15T20:08:10,GASTROCIRURGIA,VAGA_ENCONTRADA,
2026-09-15T20:08:16,GASTROCLÍNICA,SEM_VAGA,0
2026-09-15T20:08:26,GINECOLOGIA-OBSTETRÍCIA,SEM_VAGA,0
2026-09-15T20:08:33,GINECOLOGIA-OBSTETRÍCIA - PRE NATAL (GESTANTE),VAGA_ENCONTRADA,
2026-09-15T20:08:43,INFECTOLOGIA,VAGA_ENCONTRADA,
2026-09-15T20:08:49,NEFROLOGIA,SEM_VAGA,0
2026-09-15T20:08:52,NEUROLOGIA,SEM_VAGA,0
2026-09-15T20:08:55,NUTRIÇÃO - DIETÉTICA,SEM_VAGA,0
2026-09-15T20:08:58,ODONTOLOGIA - ACUPUNTURA,SEM_VAGA,0
2026-09-15T20:09:02,ODONTOLOGIA - ATM,SEM_VAGA,0
2026-09-15T20:09:05,ODONTOLOGIA - DENTÍSTICA,SEM_VAGA,0
2026-09-15T20:09:08,ODONTOLOGIA - ENDODONTIA,SEM_VAGA,0
2026-09-15T20:09:15,ODONTOLOGIA - PERIODONTIA,VAGA_ENCONTRADA,
2026-09-15T20:09:21,OFTALMOLOGIA,SEM_VAGA,0
2026-09-15T20:09:24,OFTALMOLOGIA - FUNDO DE OLHO,SEM_VAGA,0
2026-09-15T20:09:27,OFTALMOLOGIA - GLAUCOMA,SEM_VAGA,0
2026-09-15T20:09:31,ORTOPEDIA,SEM_VAGA,0
2026-09-15T20:09:33,OTORRINOLARINGOLOGIA,SEM_VAGA,0
2026-09-15T20:09:41,PNEUMOLOGIA,VAGA_ENCONTRADA,
2026-09-15T20:09:47,PROCTOLOGIA,SEM_VAGA,0
2026-09-15T20:09:57,REUMATOLOGIA,SEM_VAGA,0
2026-09-15T20:10:00,UROLOGIA,SEM_VAGA,0
2026-09-15T20:15:09,ACUPUNTURA,SEM_VAGA,0
2026-09-15T20:15:12,ALERGIA E IMUNOLOGIA - TELECONSULTA,SEM_VAGA,0
2026-09-15T20:15:26,CIRURGIA CABEÇA E PESCOÇO,VAGA_ENCONTRADA,
2026-09-15T20:15:31,CIRURGIA DA MÃO,SEM_VAGA,0
2026-09-15T20:15:35,CIRURGIA PLÁSTICA,SEM_VAGA,0
2026-09-15T20:15:38,CIRURGIA VASCULAR,SEM_VAGA,0
2026-09-15T20:15:41,CLÍNICA MÉDICA,SEM_VAGA,0
2026-09-15T20:15:51,DERMATOLOGIA,SEM_VAGA,0
2026-09-15T20:15:54,DERMATOLOGIA - TRIAGEM,SEM_VAGA,0
2026-09-15T20:15:58,DERMATOLOGIA - TRICOLOGIA,SEM_VAGA,0
2026-09-15T20:16:08,FISIOTERAPIA COLUNA CERVICAL,SEM_VAGA,0
2026-09-15T20:16:11,FISIOTERAPIA COLUNA LOMBAR,SEM_VAGA,0
2026-09-15T20:16:16,FISIOTERAPIA MEMBROS INFERIORES,SEM_VAGA,0
2026-09-15T20:16:20,FISIOTERAPIA MEMBROS INFERIORES,SEM_VAGA,0
2026-09-15T20:16:28,GASTROCIRURGIA,VAGA_ENCONTRADA,
2026-09-15T20:16:33,GASTROCLÍNICA,SEM_VAGA,0
2026-09-15T20:16:43,GINECOLOGIA-OBSTETRÍCIA,SEM_VAGA,0
2026-09-15T20:16:51,GINECOLOGIA-OBSTETRÍCIA - PRE NATAL (GESTANTE),VAGA_ENCONTRADA,
2026-09-15T20:17:01,INFECTOLOGIA,VAGA_ENCONTRADA,
2026-09-15T20:17:06,NEFROLOGIA,SEM_VAGA,0
2026-09-15T20:17:10,NEUROLOGIA,SEM_VAGA,0
2026-09-15T20:17:13,NUTRIÇÃO - DIETÉTICA,SEM_VAGA,0
2026-09-15T20:17:16,ODONTOLOGIA - ACUPUNTURA,SEM_VAGA,0
2026-09-15T20:17:19,ODONTOLOGIA - ATM,SEM_VAGA,0
2026-09-15T20:17:22,ODONTOLOGIA - DENTÍSTICA,SEM_VAGA,0
2026-09-15T20:17:25,ODONTOLOGIA - ENDODONTIA,SEM_VAGA,0
2026-09-15T20:17:32,ODONTOLOGIA - PERIODONTIA,VAGA_ENCONTRADA,
2026-09-15T20:17:38,OFTALMOLOGIA,SEM_VAGA,0
2026-09-15T20:17:41,OFTALMOLOGIA - FUNDO DE OLHO,SEM_VAGA,0
2026-09-15T20:17:44,OFTALMOLOGIA - GLAUCOMA,SEM_VAGA,0
2026-09-15T20:17:48,ORTOPEDIA,SEM_VAGA,0
2026-09-15T20:17:52,OTORRINOLARINGOLOGIA,SEM_VAGA,0
2026-09-15T20:18:00,PNEUMOLOGIA,VAGA_ENCONTRADA,
2026-09-15T20:18:07,PROCTOLOGIA,SEM_VAGA,0
2026-09-15T20:18:18,REUMATOLOGIA,SEM_VAGA,0
2026-09-15T20:18:22,UROLOGIA,SEM_VAGA,0
2026-09-15T20:23:31,ACUPUNTURA,SEM_VAGA,0
2026-09-15T20:23:34,ALERGIA E IMUNOLOGIA - TELECONSULTA,SEM_VAGA,0
2026-09-15T20:23:48,CIRURGIA CABEÇA E PESCOÇO,VAGA_ENCONTRADA,
2026-09-15T20:23:54,CIRURGIA DA MÃO,SEM_VAGA,0
2026-09-15T20:23:57,CIRURGIA PLÁSTICA,SEM_VAGA,0
2026-09-15T20:24:00,CIRURGIA VASCULAR,SEM_VAGA,0
2026-09-15T20:24:03,CLÍNICA MÉDICA,SEM_VAGA,0
2026-09-15T20:24:13,DERMATOLOGIA,SEM_VAGA,0
2026-09-15T20:24:16,DERMATOLOGIA - TRIAGEM,SEM_VAGA,0
2026-09-15T20:24:20,DERMATOLOGIA - TRICOLOGIA,SEM_VAGA,0
2026-09-15T20:24:30,FISIOTERAPIA COLUNA CERVICAL,SEM_VAGA,0
2026-09-15T20:24:33,FISIOTERAPIA COLUNA LOMBAR,SEM_VAGA,0
2026-09-15T20:24:36,FISIOTERAPIA MEMBROS INFERIORES,SEM_VAGA,0
2026-09-15T20:24:39,FISIOTERAPIA MEMBROS INFERIORES,SEM_VAGA,0
2026-09-15T20:24:46,GASTROCIRURGIA,VAGA_ENCONTRADA,
2026-09-15T20:24:52,GASTROCLÍNICA,SEM_VAGA,0
2026-09-15T20:25:02,GINECOLOGIA-OBSTETRÍCIA,SEM_VAGA,0
2026-09-15T20:25:09,GINECOLOGIA-OBSTETRÍCIA - PRE NATAL (GESTANTE),VAGA_ENCONTRADA,
2026-09-15T20:25:19,INFECTOLOGIA,VAGA_ENCONTRADA,
2026-09-15T20:25:24,NEFROLOGIA,SEM_VAGA,0
2026-09-15T20:25:28,NEUROLOGIA,SEM_VAGA,0
2026-09-15T20:25:31,NUTRIÇÃO - DIETÉTICA,SEM_VAGA,0
2026-09-15T20:25:34,ODONTOLOGIA - ACUPUNTURA,SEM_VAGA,0
2026-09-15T20:25:38,ODONTOLOGIA - ATM,SEM_VAGA,0
2026-09-15T20:25:41,ODONTOLOGIA - DENTÍSTICA,SEM_VAGA,0
2026-09-15T20:25:44,ODONTOLOGIA - ENDODONTIA,SEM_VAGA,0
2026-09-15T20:25:51,ODONTOLOGIA - PERIODONTIA,VAGA_ENCONTRADA,
2026-09-15T20:25:57,OFTALMOLOGIA,SEM_VAGA,0
2026-09-15T20:26:01,OFTALMOLOGIA - FUNDO DE OLHO,SEM_VAGA,0
2026-09-15T20:26:04,OFTALMOLOGIA - GLAUCOMA,SEM_VAGA,0
2026-09-15T20:26:07,ORTOPEDIA,SEM_VAGA,0
2026-09-15T20:26:10,OTORRINOLARINGOLOGIA,SEM_VAGA,0
2026-09-15T20:26:17,PNEUMOLOGIA,VAGA_ENCONTRADA,
2026-09-15T20:26:23,PROCTOLOGIA,SEM_VAGA,0
2026-09-15T20:26:33,REUMATOLOGIA,SEM_VAGA,0
2026-09-15T20:26:36,UROLOGIA,SEM_VAGA,0
2026-09-15T20:31:45,ACUPUNTURA,SEM_VAGA,0
2026-09-15T20:31:48,ALERGIA E IMUNOLOGIA - TELECONSULTA,SEM_VAGA,0
2026-09-15T20:32:02,CIRURGIA CABEÇA E PESCOÇO,VAGA_ENCONTRADA,
2026-09-15T20:32:09,CIRURGIA DA MÃO,SEM_VAGA,0
2026-09-15T20:32:13,CIRURGIA PLÁSTICA,SEM_VAGA,0
2026-09-15T20:32:16,CIRURGIA VASCULAR,SEM_VAGA,0
2026-09-15T20:32:19,CLÍNICA MÉDICA,SEM_VAGA,0
2026-09-15T20:32:29,DERMATOLOGIA,SEM_VAGA,0
2026-09-15T20:32:33,DERMATOLOGIA - TRIAGEM,SEM_VAGA,0
2026-09-15T20:32:36,DERMATOLOGIA - TRICOLOGIA,SEM_VAGA,0
2026-09-15T20:32:46,FISIOTERAPIA COLUNA CERVICAL,SEM_VAGA,0
2026-09-15T20:32:49,FISIOTERAPIA COLUNA LOMBAR,SEM_VAGA,0
2026-09-15T20:32:52,FISIOTERAPIA MEMBROS INFERIORES,SEM_VAGA,0
2026-09-15T20:32:56,FISIOTERAPIA MEMBROS INFERIORES,SEM_VAGA,0
2026-09-15T20:33:03,GASTROCIRURGIA,VAGA_ENCONTRADA,
2026-09-15T20:33:08,GASTROCLÍNICA,SEM_VAGA,0
2026-09-15T20:33:18,GINECOLOGIA-OBSTETRÍCIA,SEM_VAGA,0
2026-09-15T20:33:25,GINECOLOGIA-OBSTETRÍCIA - PRE NATAL (GESTANTE),VAGA_ENCONTRADA,
2026-09-15T20:33:35,INFECTOLOGIA,VAGA_ENCONTRADA,
2026-09-15T20:33:40,NEFROLOGIA,SEM_VAGA,0
2026-09-15T20:33:44,NEUROLOGIA,SEM_VAGA,0
2026-09-15T20:33:47,NUTRIÇÃO - DIETÉTICA,SEM_VAGA,0
2026-09-15T20:33:50,ODONTOLOGIA - ACUPUNTURA,SEM_VAGA,0
2026-09-15T20:33:53,ODONTOLOGIA - ATM,SEM_VAGA,0
2026-09-15T20:33:57,ODONTOLOGIA - DENTÍSTICA,SEM_VAGA,0
2026-09-15T20:34:00,ODONTOLOGIA - ENDODONTIA,SEM_VAGA,0
2026-09-15T20:34:07,ODONTOLOGIA - PERIODONTIA,VAGA_ENCONTRADA,
2026-09-15T20:34:13,OFTALMOLOGIA,SEM_VAGA,0
2026-09-15T20:34:16,OFTALMOLOGIA - FUNDO DE OLHO,SEM_VAGA,0
2026-09-15T20:34:20,OFTALMOLOGIA - GLAUCOMA,SEM_VAGA,0
2026-09-15T20:34:23,ORTOPEDIA,SEM_VAGA,0
2026-09-15T20:34:26,OTORRINOLARINGOLOGIA,SEM_VAGA,0
2026-09-15T20:34:33,PNEUMOLOGIA,VAGA_ENCONTRADA,
2026-09-15T20:34:39,PROCTOLOGIA,SEM_VAGA,0
2026-09-15T20:34:49,REUMATOLOGIA,SEM_VAGA,0
2026-09-15T20:34:52,UROLOGIA,SEM_VAGA,0
2026-09-15T20:40:00,ACUPUNTURA,SEM_VAGA,0
2026-09-15T20:40:03,ALERGIA E IMUNOLOGIA - TELECONSULTA,SEM_VAGA,0
2026-09-15T20:40:17,CIRURGIA CABEÇA E PESCOÇO,VAGA_ENCONTRADA,
2026-09-15T20:40:23,CIRURGIA DA MÃO,SEM_VAGA,0
2026-09-15T20:40:26,CIRURGIA PLÁSTICA,SEM_VAGA,0
2026-09-15T20:40:33,CIRURGIA VASCULAR,VAGA_ENCONTRADA,
2026-09-15T20:40:39,CLÍNICA MÉDICA,SEM_VAGA,0
2026-09-15T20:40:49,DERMATOLOGIA,SEM_VAGA,0
2026-09-15T20:40:52,DERMATOLOGIA - TRIAGEM,SEM_VAGA,0
2026-09-15T20:40:56,DERMATOLOGIA - TRICOLOGIA,SEM_VAGA,0
2026-09-15T20:41:06,FISIOTERAPIA COLUNA CERVICAL,SEM_VAGA,0
2026-09-15T20:41:09,FISIOTERAPIA COLUNA LOMBAR,SEM_VAGA,0
2026-09-15T20:41:12,FISIOTERAPIA MEMBROS INFERIORES,SEM_VAGA,0
2026-09-15T20:41:15,FISIOTERAPIA MEMBROS INFERIORES,SEM_VAGA,0
2026-09-15T20:41:19,GASTROCIRURGIA,SEM_VAGA,0
2026-09-15T20:41:22,GASTROCLÍNICA,SEM_VAGA,0
2026-09-15T20:41:32,GINECOLOGIA-OBSTETRÍCIA,SEM_VAGA,0
2026-09-15T20:41:39,GINECOLOGIA-OBSTETRÍCIA - PRE NATAL (GESTANTE),VAGA_ENCONTRADA,
2026-09-15T20:41:49,INFECTOLOGIA,VAGA_ENCONTRADA,
2026-09-15T20:41:54,NEFROLOGIA,SEM_VAGA,0
2026-09-15T20:41:58,NEUROLOGIA,SEM_VAGA,0
2026-09-15T20:42:01,NUTRIÇÃO - DIETÉTICA,SEM_VAGA,0
2026-09-15T20:42:04,ODONTOLOGIA - ACUPUNTURA,SEM_VAGA,0
2026-09-15T20:42:07,ODONTOLOGIA - ATM,SEM_VAGA,0
2026-09-15T20:42:10,ODONTOLOGIA - DENTÍSTICA,SEM_VAGA,0
2026-09-15T20:42:14,ODONTOLOGIA - ENDODONTIA,SEM_VAGA,0
2026-09-15T20:42:22,ODONTOLOGIA - PERIODONTIA,VAGA_ENCONTRADA,
2026-09-15T20:42:28,OFTALMOLOGIA,SEM_VAGA,0
2026-09-15T20:42:33,OFTALMOLOGIA - FUNDO DE OLHO,SEM_VAGA,0
2026-09-15T20:42:36,OFTALMOLOGIA - GLAUCOMA,SEM_VAGA,0
2026-09-15T20:42:39,ORTOPEDIA,SEM_VAGA,0
2026-09-15T20:42:42,OTORRINOLARINGOLOGIA,SEM_VAGA,0
2026-09-15T20:42:49,PNEUMOLOGIA,VAGA_ENCONTRADA,
2026-09-15T20:42:55,PROCTOLOGIA,SEM_VAGA,0
2026-09-15T20:43:06,REUMATOLOGIA,SEM_VAGA,0
2026-09-15T20:43:09,UROLOGIA,SEM_VAGA,0
2026-09-15T20:48:18,ACUPUNTURA,SEM_VAGA,0
2026-09-15T20:48:21,ALERGIA E IMUNOLOGIA - TELECONSULTA,SEM_VAGA,0
2026-09-15T20:48:34,CIRURGIA CABEÇA E PESCOÇO,VAGA_ENCONTRADA,
2026-09-15T20:48:40,CIRURGIA DA MÃO,SEM_VAGA,0
2026-09-15T20:48:44,CIRURGIA PLÁSTICA,SEM_VAGA,0
2026-09-15T20:48:51,CIRURGIA VASCULAR,VAGA_ENCONTRADA,
2026-09-15T20:48:57,CLÍNICA MÉDICA,SEM_VAGA,0
2026-09-15T20:49:06,DERMATOLOGIA,SEM_VAGA,0
2026-09-15T20:49:10,DERMATOLOGIA - TRIAGEM,SEM_VAGA,0
2026-09-15T20:49:13,DERMATOLOGIA - TRICOLOGIA,SEM_VAGA,0
2026-09-15T20:49:23,FISIOTERAPIA COLUNA CERVICAL,SEM_VAGA,0
2026-09-15T20:49:26,FISIOTERAPIA COLUNA LOMBAR,SEM_VAGA,0
2026-09-15T20:49:30,FISIOTERAPIA MEMBROS INFERIORES,SEM_VAGA,0
2026-09-15T20:49:33,FISIOTERAPIA MEMBROS INFERIORES,SEM_VAGA,0
2026-09-15T20:49:36,GASTROCIRURGIA,SEM_VAGA,0
2026-09-15T20:49:39,GASTROCLÍNICA,SEM_VAGA,0
2026-09-15T20:49:49,GINECOLOGIA-OBSTETRÍCIA,SEM_VAGA,0
2026-09-15T20:49:56,GINECOLOGIA-OBSTETRÍCIA - PRE NATAL (GESTANTE),VAGA_ENCONTRADA,
2026-09-15T20:50:06,INFECTOLOGIA,VAGA_ENCONTRADA,
2026-09-15T20:50:12,NEFROLOGIA,SEM_VAGA,0
2026-09-15T20:50:15,NEUROLOGIA,SEM_VAGA,0
2026-09-15T20:50:18,NUTRIÇÃO - DIETÉTICA,SEM_VAGA,0
2026-09-15T20:50:21,ODONTOLOGIA - ACUPUNTURA,SEM_VAGA,0
2026-09-15T20:50:25,ODONTOLOGIA - ATM,SEM_VAGA,0
2026-09-15T20:50:30,ODONTOLOGIA - DENTÍSTICA,SEM_VAGA,0
2026-09-15T20:50:34,ODONTOLOGIA - ENDODONTIA,SEM_VAGA,0
2026-09-15T20:50:41,ODONTOLOGIA - PERIODONTIA,VAGA_ENCONTRADA,
2026-09-15T20:50:47,OFTALMOLOGIA,SEM_VAGA,0
2026-09-15T20:50:51,OFTALMOLOGIA - FUNDO DE OLHO,SEM_VAGA,0
2026-09-15T20:50:54,OFTALMOLOGIA - GLAUCOMA,SEM_VAGA,0
2026-09-15T20:50:57,ORTOPEDIA,SEM_VAGA,0
2026-09-15T20:51:00,OTORRINOLARINGOLOGIA,SEM_VAGA,0
2026-09-15T20:51:07,PNEUMOLOGIA,VAGA_ENCONTRADA,
2026-09-15T20:51:13,PROCTOLOGIA,SEM_VAGA,0
2026-09-15T20:51:23,REUMATOLOGIA,SEM_VAGA,0
2026-09-15T20:51:26,UROLOGIA,SEM_VAGA,0
2026-09-15T20:56:35,ACUPUNTURA,SEM_VAGA,0
2026-09-15T20:56:38,ALERGIA E IMUNOLOGIA - TELECONSULTA,SEM_VAGA,0
2026-09-15T20:56:52,CIRURGIA CABEÇA E PESCOÇO,VAGA_ENCONTRADA,
2026-09-15T20:56:57,CIRURGIA DA MÃO,SEM_VAGA,0
2026-09-15T20:57:01,CIRURGIA PLÁSTICA,SEM_VAGA,0
2026-09-15T20:57:08,CIRURGIA VASCULAR,VAGA_ENCONTRADA,
2026-09-15T20:57:14,CLÍNICA MÉDICA,SEM_VAGA,0
2026-09-15T20:57:23,DERMATOLOGIA,SEM_VAGA,0
2026-09-15T20:57:27,DERMATOLOGIA - TRIAGEM,SEM_VAGA,0
2026-09-15T20:57:30,DERMATOLOGIA - TRICOLOGIA,SEM_VAGA,0
2026-09-15T20:57:40,FISIOTERAPIA COLUNA CERVICAL,SEM_VAGA,0
2026-09-15T20:57:43,FISIOTERAPIA COLUNA LOMBAR,SEM_VAGA,0
2026-09-15T20:57:46,FISIOTERAPIA MEMBROS INFERIORES,SEM_VAGA,0
2026-09-15T20:57:49,FISIOTERAPIA MEMBROS INFERIORES,SEM_VAGA,0
2026-09-15T20:57:53,GASTROCIRURGIA,SEM_VAGA,0
2026-09-15T20:57:56,GASTROCLÍNICA,SEM_VAGA,0
2026-09-15T20:58:06,GINECOLOGIA-OBSTETRÍCIA,SEM_VAGA,0
2026-09-15T20:58:13,GINECOLOGIA-OBSTETRÍCIA - PRE NATAL (GESTANTE),VAGA_ENCONTRADA,
2026-09-15T20:58:22,INFECTOLOGIA,VAGA_ENCONTRADA,
2026-09-15T20:58:28,NEFROLOGIA,SEM_VAGA,0
2026-09-15T20:58:31,NEUROLOGIA,SEM_VAGA,0
2026-09-15T20:58:35,NUTRIÇÃO - DIETÉTICA,SEM_VAGA,0
2026-09-15T20:58:38,ODONTOLOGIA - ACUPUNTURA,SEM_VAGA,0
2026-09-15T20:58:41,ODONTOLOGIA - ATM,SEM_VAGA,0
2026-09-15T20:58:45,ODONTOLOGIA - DENTÍSTICA,SEM_VAGA,0
2026-09-15T20:58:48,ODONTOLOGIA - ENDODONTIA,SEM_VAGA,0
2026-09-15T20:58:55,ODONTOLOGIA - PERIODONTIA,VAGA_ENCONTRADA,
2026-09-15T20:59:01,OFTALMOLOGIA,SEM_VAGA,0
2026-09-15T20:59:04,OFTALMOLOGIA - FUNDO DE OLHO,SEM_VAGA,0
2026-09-15T20:59:07,OFTALMOLOGIA - GLAUCOMA,SEM_VAGA,0
2026-09-15T20:59:11,ORTOPEDIA,SEM_VAGA,0
2026-09-15T20:59:14,OTORRINOLARINGOLOGIA,SEM_VAGA,0
2026-09-15T20:59:21,PNEUMOLOGIA,VAGA_ENCONTRADA,
2026-09-15T20:59:26,PROCTOLOGIA,SEM_VAGA,0
2026-09-15T20:59:37,REUMATOLOGIA,SEM_VAGA,0
2026-09-15T20:59:42,UROLOGIA,SEM_VAGA,0
2026-09-15T21:04:50,ACUPUNTURA,SEM_VAGA,0
2026-09-15T21:04:54,ALERGIA E IMUNOLOGIA - TELECONSULTA,SEM_VAGA,0
2026-09-15T21:05:08,CIRURGIA CABEÇA E PESCOÇO,VAGA_ENCONTRADA,
2026-09-15T21:05:14,CIRURGIA DA MÃO,SEM_VAGA,0
2026-09-15T21:05:18,CIRURGIA PLÁSTICA,SEM_VAGA,0
2026-09-15T21:05:25,CIRURGIA VASCULAR,VAGA_ENCONTRADA,
2026-09-15T21:05:31,CLÍNICA MÉDICA,SEM_VAGA,0
2026-09-15T21:05:42,DERMATOLOGIA,SEM_VAGA,0
2026-09-15T21:05:47,DERMATOLOGIA - TRIAGEM,SEM_VAGA,0
2026-09-15T21:05:50,DERMATOLOGIA - TRICOLOGIA,SEM_VAGA,0
2026-09-15T21:06:00,FISIOTERAPIA COLUNA CERVICAL,SEM_VAGA,0
2026-09-15T21:06:03,FISIOTERAPIA COLUNA LOMBAR,SEM_VAGA,0
2026-09-15T21:06:06,FISIOTERAPIA MEMBROS INFERIORES,SEM_VAGA,0
2026-09-15T21:06:09,FISIOTERAPIA MEMBROS INFERIORES,SEM_VAGA,0
2026-09-15T21:06:13,GASTROCIRURGIA,SEM_VAGA,0
2026-09-15T21:06:16,GASTROCLÍNICA,SEM_VAGA,0
2026-09-15T21:06:26,GINECOLOGIA-OBSTETRÍCIA,SEM_VAGA,0
2026-09-15T21:06:33,GINECOLOGIA-OBSTETRÍCIA - PRE NATAL (GESTANTE),VAGA_ENCONTRADA,
2026-09-15T21:06:42,INFECTOLOGIA,VAGA_ENCONTRADA,
2026-09-15T21:06:48,NEFROLOGIA,SEM_VAGA,0
2026-09-15T21:06:50,NEUROLOGIA,SEM_VAGA,0
2026-09-15T21:06:53,NUTRIÇÃO - DIETÉTICA,SEM_VAGA,0
2026-09-15T21:06:56,ODONTOLOGIA - ACUPUNTURA,SEM_VAGA,0
2026-09-15T21:07:00,ODONTOLOGIA - ATM,SEM_VAGA,0
2026-09-15T21:07:03,ODONTOLOGIA - DENTÍSTICA,SEM_VAGA,0
2026-09-15T21:07:06,ODONTOLOGIA - ENDODONTIA,SEM_VAGA,0
2026-09-15T21:07:13,ODONTOLOGIA - PERIODONTIA,VAGA_ENCONTRADA,
2026-09-15T21:07:19,OFTALMOLOGIA,SEM_VAGA,0
2026-09-15T21:07:22,OFTALMOLOGIA - FUNDO DE OLHO,SEM_VAGA,0
2026-09-15T21:07:25,OFTALMOLOGIA - GLAUCOMA,SEM_VAGA,0
2026-09-15T21:07:29,ORTOPEDIA,SEM_VAGA,0
2026-09-15T21:07:32,OTORRINOLARINGOLOGIA,SEM_VAGA,0
2026-09-15T21:07:39,PNEUMOLOGIA,VAGA_ENCONTRADA,
2026-09-15T21:07:45,PROCTOLOGIA,SEM_VAGA,0
2026-09-15T21:07:56,REUMATOLOGIA,SEM_VAGA,0
2026-09-15T21:07:59,UROLOGIA,SEM_VAGA,0
2026-09-15T21:13:07,ACUPUNTURA,SEM_VAGA,0
2026-09-15T21:13:11,ALERGIA E IMUNOLOGIA - TELECONSULTA,SEM_VAGA,0
2026-09-15T21:13:24,CIRURGIA CABEÇA E PESCOÇO,VAGA_ENCONTRADA,
2026-09-15T21:13:30,CIRURGIA DA MÃO,SEM_VAGA,0
2026-09-15T21:13:33,CIRURGIA PLÁSTICA,SEM_VAGA,0
2026-09-15T21:13:40,CIRURGIA VASCULAR,VAGA_ENCONTRADA,
2026-09-15T21:13:47,CLÍNICA MÉDICA,SEM_VAGA,0
2026-09-15T21:13:58,DERMATOLOGIA,SEM_VAGA,0
2026-09-15T21:14:02,DERMATOLOGIA - TRIAGEM,SEM_VAGA,0
2026-09-15T21:14:05,DERMATOLOGIA - TRICOLOGIA,SEM_VAGA,0
2026-09-15T21:14:15,FISIOTERAPIA COLUNA CERVICAL,SEM_VAGA,0
2026-09-15T21:14:18,FISIOTERAPIA COLUNA LOMBAR,SEM_VAGA,0
2026-09-15T21:14:22,FISIOTERAPIA MEMBROS INFERIORES,SEM_VAGA,0
2026-09-15T21:14:25,FISIOTERAPIA MEMBROS INFERIORES,SEM_VAGA,0
2026-09-15T21:14:28,GASTROCIRURGIA,SEM_VAGA,0
2026-09-15T21:14:31,GASTROCLÍNICA,SEM_VAGA,0
2026-09-15T21:14:41,GINECOLOGIA-OBSTETRÍCIA,SEM_VAGA,0
2026-09-15T21:14:48,GINECOLOGIA-OBSTETRÍCIA - PRE NATAL (GESTANTE),VAGA_ENCONTRADA,
2026-09-15T21:14:58,INFECTOLOGIA,VAGA_ENCONTRADA,
2026-09-15T21:15:04,NEFROLOGIA,SEM_VAGA,0
2026-09-15T21:15:07,NEUROLOGIA,SEM_VAGA,0
2026-09-15T21:15:10,NUTRIÇÃO - DIETÉTICA,SEM_VAGA,0
2026-09-15T21:15:14,ODONTOLOGIA - ACUPUNTURA,SEM_VAGA,0
2026-09-15T21:15:17,ODONTOLOGIA - ATM,SEM_VAGA,0
2026-09-15T21:15:20,ODONTOLOGIA - DENTÍSTICA,SEM_VAGA,0
2026-09-15T21:15:23,ODONTOLOGIA - ENDODONTIA,SEM_VAGA,0
2026-09-15T21:15:31,ODONTOLOGIA - PERIODONTIA,VAGA_ENCONTRADA,
2026-09-15T21:15:37,OFTALMOLOGIA,SEM_VAGA,0
2026-09-15T21:15:40,OFTALMOLOGIA - FUNDO DE OLHO,SEM_VAGA,0
2026-09-15T21:15:43,OFTALMOLOGIA - GLAUCOMA,SEM_VAGA,0
2026-09-15T21:15:46,ORTOPEDIA,SEM_VAGA,0
2026-09-15T21:15:49,OTORRINOLARINGOLOGIA,SEM_VAGA,0
2026-09-15T21:15:56,PNEUMOLOGIA,VAGA_ENCONTRADA,
2026-09-15T21:16:02,PROCTOLOGIA,SEM_VAGA,0
2026-09-15T21:16:12,REUMATOLOGIA,SEM_VAGA,0
2026-09-15T21:16:16,UROLOGIA,SEM_VAGA,0
2026-09-15T21:21:24,ACUPUNTURA,SEM_VAGA,0
2026-09-15T21:50:11,ACUPUNTURA,SEM_VAGA,0
2026-09-15T21:50:14,ALERGIA E IMUNOLOGIA - TELECONSULTA,SEM_VAGA,0
2026-09-15T21:50:28,CIRURGIA CABEÇA E PESCOÇO,VAGA_ENCONTRADA,
2026-09-15T21:50:33,CIRURGIA DA MÃO,SEM_VAGA,0
2026-09-15T21:50:37,CIRURGIA PLÁSTICA,SEM_VAGA,0
2026-09-15T21:50:40,CIRURGIA VASCULAR,SEM_VAGA,0
2026-09-15T21:50:44,CLÍNICA MÉDICA,SEM_VAGA,0
2026-09-15T21:50:54,DERMATOLOGIA,SEM_VAGA,0
2026-09-15T21:50:57,DERMATOLOGIA - TRIAGEM,SEM_VAGA,0
2026-09-15T21:51:00,DERMATOLOGIA - TRICOLOGIA,SEM_VAGA,0
2026-09-15T21:51:10,FISIOTERAPIA COLUNA CERVICAL,SEM_VAGA,0
2026-09-15T21:51:13,FISIOTERAPIA COLUNA LOMBAR,SEM_VAGA,0
2026-09-15T21:51:17,FISIOTERAPIA MEMBROS INFERIORES,SEM_VAGA,0
2026-09-15T21:51:20,FISIOTERAPIA MEMBROS INFERIORES,SEM_VAGA,0
2026-09-15T21:51:23,GASTROCIRURGIA,SEM_VAGA,0
2026-09-15T21:51:26,GASTROCLÍNICA,SEM_VAGA,0
2026-09-15T21:51:36,GINECOLOGIA-OBSTETRÍCIA,SEM_VAGA,0
2026-09-15T21:51:43,GINECOLOGIA-OBSTETRÍCIA - PRE NATAL (GESTANTE),VAGA_ENCONTRADA,
2026-09-15T21:51:53,INFECTOLOGIA,VAGA_ENCONTRADA,
2026-09-15T21:51:59,NEFROLOGIA,SEM_VAGA,0
2026-09-15T21:52:02,NEUROLOGIA,SEM_VAGA,0
2026-09-15T21:52:06,NUTRIÇÃO - DIETÉTICA,SEM_VAGA,0
2026-09-15T21:52:09,ODONTOLOGIA - ACUPUNTURA,SEM_VAGA,0
2026-09-15T21:52:12,ODONTOLOGIA - ATM,SEM_VAGA,0
2026-09-15T21:52:15,ODONTOLOGIA - DENTÍSTICA,SEM_VAGA,0
2026-09-15T21:52:19,ODONTOLOGIA - ENDODONTIA,SEM_VAGA,0
2026-09-15T21:52:26,ODONTOLOGIA - PERIODONTIA,VAGA_ENCONTRADA,
2026-09-15T21:52:32,OFTALMOLOGIA,SEM_VAGA,0
2026-09-15T21:52:35,OFTALMOLOGIA - FUNDO DE OLHO,SEM_VAGA,0
2026-09-15T21:52:38,OFTALMOLOGIA - GLAUCOMA,SEM_VAGA,0
2026-09-15T21:52:41,ORTOPEDIA,SEM_VAGA,0
2026-09-15T21:52:44,OTORRINOLARINGOLOGIA,SEM_VAGA,0
2026-09-15T21:52:51,PNEUMOLOGIA,VAGA_ENCONTRADA,
2026-09-15T21:52:58,PROCTOLOGIA,SEM_VAGA,0
2026-09-15T21:53:08,REUMATOLOGIA,SEM_VAGA,0
2026-09-15T21:53:11,UROLOGIA,SEM_VAGA,0
2026-09-15T21:58:20,ACUPUNTURA,SEM_VAGA,0
2026-09-15T21:58:23,ALERGIA E IMUNOLOGIA - TELECONSULTA,SEM_VAGA,0
2026-09-15T21:58:37,CIRURGIA CABEÇA E PESCOÇO,VAGA_ENCONTRADA,
2026-09-15T21:58:42,CIRURGIA DA MÃO,SEM_VAGA,0
2026-09-15T21:58:45,CIRURGIA PLÁSTICA,SEM_VAGA,0
2026-09-15T21:58:49,CIRURGIA VASCULAR,SEM_VAGA,0
2026-09-15T21:58:52,CLÍNICA MÉDICA,SEM_VAGA,0
2026-09-15T21:59:02,DERMATOLOGIA,SEM_VAGA,0
2026-09-15T21:59:05,DERMATOLOGIA - TRIAGEM,SEM_VAGA,0
2026-09-15T21:59:08,DERMATOLOGIA - TRICOLOGIA,SEM_VAGA,0
2026-09-15T21:59:18,FISIOTERAPIA COLUNA CERVICAL,SEM_VAGA,0
2026-09-15T21:59:21,FISIOTERAPIA COLUNA LOMBAR,SEM_VAGA,0
2026-09-15T21:59:24,FISIOTERAPIA MEMBROS INFERIORES,SEM_VAGA,0
2026-09-15T21:59:28,FISIOTERAPIA MEMBROS INFERIORES,SEM_VAGA,0
2026-09-15T21:59:31,GASTROCIRURGIA,SEM_VAGA,0
2026-09-15T21:59:34,GASTROCLÍNICA,SEM_VAGA,0
2026-09-15T21:59:44,GINECOLOGIA-OBSTETRÍCIA,SEM_VAGA,0
2026-09-15T21:59:51,GINECOLOGIA-OBSTETRÍCIA - PRE NATAL (GESTANTE),VAGA_ENCONTRADA,
2026-09-15T22:00:01,INFECTOLOGIA,VAGA_ENCONTRADA,
2026-09-15T22:00:07,NEFROLOGIA,SEM_VAGA,0
2026-09-15T22:00:10,NEUROLOGIA,SEM_VAGA,0
2026-09-15T22:00:13,NUTRIÇÃO - DIETÉTICA,SEM_VAGA,0
2026-09-15T22:00:16,ODONTOLOGIA - ACUPUNTURA,SEM_VAGA,0
2026-09-15T22:00:19,ODONTOLOGIA - ATM,SEM_VAGA,0
2026-09-15T22:00:23,ODONTOLOGIA - DENTÍSTICA,SEM_VAGA,0
2026-09-15T22:00:26,ODONTOLOGIA - ENDODONTIA,SEM_VAGA,0
2026-09-15T22:00:33,ODONTOLOGIA - PERIODONTIA,VAGA_ENCONTRADA,
2026-09-15T22:00:39,OFTALMOLOGIA,SEM_VAGA,0
2026-09-15T22:00:42,OFTALMOLOGIA - FUNDO DE OLHO,SEM_VAGA,0
2026-09-15T22:00:45,OFTALMOLOGIA - GLAUCOMA,SEM_VAGA,0
2026-09-15T22:00:48,ORTOPEDIA,SEM_VAGA,0
2026-09-15T22:00:52,OTORRINOLARINGOLOGIA,SEM_VAGA,0
2026-09-15T22:00:59,PNEUMOLOGIA,VAGA_ENCONTRADA,
2026-09-15T22:01:04,PROCTOLOGIA,SEM_VAGA,0
2026-09-15T22:01:14,REUMATOLOGIA,SEM_VAGA,0
2026-09-15T22:01:17,UROLOGIA,SEM_VAGA,0
2026-09-15T22:06:26,ACUPUNTURA,SEM_VAGA,0
2026-09-15T22:06:29,ALERGIA E IMUNOLOGIA - TELECONSULTA,SEM_VAGA,0
2026-09-15T22:06:43,CIRURGIA CABEÇA E PESCOÇO,VAGA_ENCONTRADA,
2026-09-15T22:06:48,CIRURGIA DA MÃO,SEM_VAGA,0
2026-09-15T22:06:52,CIRURGIA PLÁSTICA,SEM_VAGA,0
2026-09-15T22:06:59,CIRURGIA VASCULAR,VAGA_ENCONTRADA,
2026-09-15T22:07:04,CLÍNICA MÉDICA,SEM_VAGA,0
2026-09-15T22:07:14,DERMATOLOGIA,SEM_VAGA,0
2026-09-15T22:07:17,DERMATOLOGIA - TRIAGEM,SEM_VAGA,0
2026-09-15T22:07:21,DERMATOLOGIA - TRICOLOGIA,SEM_VAGA,0
2026-09-15T22:07:30,FISIOTERAPIA COLUNA CERVICAL,SEM_VAGA,0
2026-09-15T22:07:34,FISIOTERAPIA COLUNA LOMBAR,SEM_VAGA,0
2026-09-15T22:07:38,FISIOTERAPIA MEMBROS INFERIORES,SEM_VAGA,0
2026-09-15T22:07:42,FISIOTERAPIA MEMBROS INFERIORES,SEM_VAGA,0
2026-09-15T22:07:45,GASTROCIRURGIA,SEM_VAGA,0
2026-09-15T22:07:50,GASTROCLÍNICA,SEM_VAGA,0
2026-09-15T22:08:00,GINECOLOGIA-OBSTETRÍCIA,SEM_VAGA,0
2026-09-15T22:08:07,GINECOLOGIA-OBSTETRÍCIA - PRE NATAL (GESTANTE),VAGA_ENCONTRADA,
2026-09-15T22:08:17,INFECTOLOGIA,VAGA_ENCONTRADA,
2026-09-15T22:08:23,NEFROLOGIA,SEM_VAGA,0
2026-09-15T22:08:26,NEUROLOGIA,SEM_VAGA,0
2026-09-15T22:08:30,NUTRIÇÃO - DIETÉTICA,SEM_VAGA,0
2026-09-15T22:08:33,ODONTOLOGIA - ACUPUNTURA,SEM_VAGA,0
2026-09-15T22:08:36,ODONTOLOGIA - ATM,SEM_VAGA,0
2026-09-15T22:08:39,ODONTOLOGIA - DENTÍSTICA,SEM_VAGA,0
2026-09-15T22:08:43,ODONTOLOGIA - ENDODONTIA,SEM_VAGA,0
2026-09-15T22:08:50,ODONTOLOGIA - PERIODONTIA,VAGA_ENCONTRADA,
2026-09-15T22:08:56,OFTALMOLOGIA,SEM_VAGA,0
2026-09-15T22:08:59,OFTALMOLOGIA - FUNDO DE OLHO,SEM_VAGA,0
2026-09-15T22:09:02,OFTALMOLOGIA - GLAUCOMA,SEM_VAGA,0
2026-09-15T22:09:05,ORTOPEDIA,SEM_VAGA,0
2026-09-15T22:09:08,OTORRINOLARINGOLOGIA,SEM_VAGA,0
2026-09-15T22:09:15,PNEUMOLOGIA,VAGA_ENCONTRADA,
2026-09-15T22:09:21,PROCTOLOGIA,SEM_VAGA,0
2026-09-15T22:09:31,REUMATOLOGIA,SEM_VAGA,0
2026-09-15T22:09:34,UROLOGIA,SEM_VAGA,0
2026-09-15T22:14:44,ACUPUNTURA,SEM_VAGA,0
2026-09-15T22:14:48,ALERGIA E IMUNOLOGIA - TELECONSULTA,SEM_VAGA,0
2026-09-15T22:15:02,CIRURGIA CABEÇA E PESCOÇO,VAGA_ENCONTRADA,
2026-09-15T22:15:08,CIRURGIA DA MÃO,SEM_VAGA,0
2026-09-15T22:15:11,CIRURGIA PLÁSTICA,SEM_VAGA,0
2026-09-15T22:15:18,CIRURGIA VASCULAR,VAGA_ENCONTRADA,
2026-09-15T22:15:24,CLÍNICA MÉDICA,SEM_VAGA,0
2026-09-15T22:15:35,DERMATOLOGIA,SEM_VAGA,0
2026-09-15T22:15:38,DERMATOLOGIA - TRIAGEM,SEM_VAGA,0
2026-09-15T22:15:41,DERMATOLOGIA - TRICOLOGIA,SEM_VAGA,0
2026-09-15T22:15:51,FISIOTERAPIA COLUNA CERVICAL,SEM_VAGA,0
2026-09-15T22:15:54,FISIOTERAPIA COLUNA LOMBAR,SEM_VAGA,0
2026-09-15T22:15:57,FISIOTERAPIA MEMBROS INFERIORES,SEM_VAGA,0
2026-09-15T22:16:00,FISIOTERAPIA MEMBROS INFERIORES,SEM_VAGA,0
2026-09-15T22:16:04,GASTROCIRURGIA,SEM_VAGA,0
2026-09-15T22:16:07,GASTROCLÍNICA,SEM_VAGA,0
2026-09-15T22:16:20,GINECOLOGIA-OBSTETRÍCIA,VAGA_ENCONTRADA,
2026-09-15T22:16:31,GINECOLOGIA-OBSTETRÍCIA - PRE NATAL (GESTANTE),VAGA_ENCONTRADA,
2026-09-15T22:16:40,INFECTOLOGIA,VAGA_ENCONTRADA,
2026-09-15T22:16:46,NEFROLOGIA,SEM_VAGA,0
2026-09-15T22:16:49,NEUROLOGIA,SEM_VAGA,0
2026-09-15T22:16:52,NUTRIÇÃO - DIETÉTICA,SEM_VAGA,0
2026-09-15T22:16:56,ODONTOLOGIA - ACUPUNTURA,SEM_VAGA,0
2026-09-15T22:16:59,ODONTOLOGIA - ATM,SEM_VAGA,0
2026-09-15T22:17:02,ODONTOLOGIA - DENTÍSTICA,SEM_VAGA,0
2026-09-15T22:17:05,ODONTOLOGIA - ENDODONTIA,SEM_VAGA,0
2026-09-15T22:17:12,ODONTOLOGIA - PERIODONTIA,VAGA_ENCONTRADA,
2026-09-15T22:17:18,OFTALMOLOGIA,SEM_VAGA,0
2026-09-15T22:17:21,OFTALMOLOGIA - FUNDO DE OLHO,SEM_VAGA,0
2026-09-15T22:17:25,OFTALMOLOGIA - GLAUCOMA,SEM_VAGA,0
2026-09-15T22:17:28,ORTOPEDIA,SEM_VAGA,0
2026-09-15T22:17:31,OTORRINOLARINGOLOGIA,SEM_VAGA,0
2026-09-15T22:17:38,PNEUMOLOGIA,VAGA_ENCONTRADA,
2026-09-15T22:17:44,PROCTOLOGIA,SEM_VAGA,0
2026-09-15T22:17:54,REUMATOLOGIA,SEM_VAGA,0
2026-09-15T22:17:57,UROLOGIA,SEM_VAGA,0
2026-09-15T22:23:06,ACUPUNTURA,SEM_VAGA,0
2026-09-15T22:23:09,ALERGIA E IMUNOLOGIA - TELECONSULTA,SEM_VAGA,0
2026-09-15T22:23:22,CIRURGIA CABEÇA E PESCOÇO,VAGA_ENCONTRADA,
2026-09-15T22:23:28,CIRURGIA DA MÃO,SEM_VAGA,0
2026-09-15T22:23:32,CIRURGIA PLÁSTICA,SEM_VAGA,0
2026-09-15T22:23:38,CIRURGIA VASCULAR,VAGA_ENCONTRADA,
2026-09-15T22:23:44,CLÍNICA MÉDICA,SEM_VAGA,0
2026-09-15T22:23:54,DERMATOLOGIA,SEM_VAGA,0
2026-09-15T22:23:57,DERMATOLOGIA - TRIAGEM,SEM_VAGA,0
2026-09-15T22:24:01,DERMATOLOGIA - TRICOLOGIA,SEM_VAGA,0
2026-09-15T22:24:10,FISIOTERAPIA COLUNA CERVICAL,SEM_VAGA,0
2026-09-15T22:24:14,FISIOTERAPIA COLUNA LOMBAR,SEM_VAGA,0
2026-09-15T22:24:17,FISIOTERAPIA MEMBROS INFERIORES,SEM_VAGA,0
2026-09-15T22:24:20,FISIOTERAPIA MEMBROS INFERIORES,SEM_VAGA,0
2026-09-15T22:24:23,GASTROCIRURGIA,SEM_VAGA,0
2026-09-15T22:24:26,GASTROCLÍNICA,SEM_VAGA,0
2026-09-15T22:24:41,GINECOLOGIA-OBSTETRÍCIA,VAGA_ENCONTRADA,
2026-09-15T22:24:50,GINECOLOGIA-OBSTETRÍCIA - PRE NATAL (GESTANTE),VAGA_ENCONTRADA,
2026-09-15T22:25:00,INFECTOLOGIA,VAGA_ENCONTRADA,
2026-09-15T22:25:06,NEFROLOGIA,SEM_VAGA,0
2026-09-15T22:25:09,NEUROLOGIA,SEM_VAGA,0
2026-09-15T22:25:12,NUTRIÇÃO - DIETÉTICA,SEM_VAGA,0
2026-09-15T22:25:15,ODONTOLOGIA - ACUPUNTURA,SEM_VAGA,0
2026-09-15T22:25:19,ODONTOLOGIA - ATM,SEM_VAGA,0
2026-09-15T22:25:22,ODONTOLOGIA - DENTÍSTICA,SEM_VAGA,0
2026-09-15T22:25:25,ODONTOLOGIA - ENDODONTIA,SEM_VAGA,0
2026-09-15T22:25:32,ODONTOLOGIA - PERIODONTIA,VAGA_ENCONTRADA,
2026-09-15T22:25:38,OFTALMOLOGIA,SEM_VAGA,0
2026-09-15T22:25:41,OFTALMOLOGIA - FUNDO DE OLHO,SEM_VAGA,0
2026-09-15T22:25:44,OFTALMOLOGIA - GLAUCOMA,SEM_VAGA,0
2026-09-15T22:25:47,ORTOPEDIA,SEM_VAGA,0
2026-09-15T22:25:50,OTORRINOLARINGOLOGIA,SEM_VAGA,0
2026-09-15T22:25:57,PNEUMOLOGIA,VAGA_ENCONTRADA,
2026-09-15T22:26:03,PROCTOLOGIA,SEM_VAGA,0
2026-09-15T22:26:13,REUMATOLOGIA,SEM_VAGA,0
2026-09-15T22:26:16,UROLOGIA,SEM_VAGA,0
2026-09-15T22:31:24,ACUPUNTURA,SEM_VAGA,0
2026-09-15T22:31:29,ALERGIA E IMUNOLOGIA - TELECONSULTA,SEM_VAGA,0
2026-09-15T22:31:42,CIRURGIA CABEÇA E PESCOÇO,VAGA_ENCONTRADA,
2026-09-15T22:31:48,CIRURGIA DA MÃO,SEM_VAGA,0
2026-09-15T22:31:51,CIRURGIA PLÁSTICA,SEM_VAGA,0
2026-09-15T22:31:58,CIRURGIA VASCULAR,VAGA_ENCONTRADA,
2026-09-15T22:32:04,CLÍNICA MÉDICA,SEM_VAGA,0
2026-09-15T22:32:14,DERMATOLOGIA,SEM_VAGA,0
2026-09-15T22:32:17,DERMATOLOGIA - TRIAGEM,SEM_VAGA,0
2026-09-15T22:32:21,DERMATOLOGIA - TRICOLOGIA,SEM_VAGA,0
2026-09-15T22:32:31,FISIOTERAPIA COLUNA CERVICAL,SEM_VAGA,0
2026-09-15T22:32:36,FISIOTERAPIA COLUNA LOMBAR,SEM_VAGA,0
2026-09-15T22:32:39,FISIOTERAPIA MEMBROS INFERIORES,SEM_VAGA,0
2026-09-15T22:32:43,FISIOTERAPIA MEMBROS INFERIORES,SEM_VAGA,0
2026-09-15T22:32:47,GASTROCIRURGIA,SEM_VAGA,0
2026-09-15T22:32:50,GASTROCLÍNICA,SEM_VAGA,0
2026-09-15T22:33:03,GINECOLOGIA-OBSTETRÍCIA,VAGA_ENCONTRADA,
2026-09-15T22:33:13,GINECOLOGIA-OBSTETRÍCIA - PRE NATAL (GESTANTE),VAGA_ENCONTRADA,
2026-09-15T22:33:22,INFECTOLOGIA,VAGA_ENCONTRADA,
2026-09-15T22:33:28,NEFROLOGIA,SEM_VAGA,0
2026-09-15T22:33:32,NEUROLOGIA,SEM_VAGA,0
2026-09-15T22:33:35,NUTRIÇÃO - DIETÉTICA,SEM_VAGA,0
2026-09-15T22:33:38,ODONTOLOGIA - ACUPUNTURA,SEM_VAGA,0
2026-09-15T22:33:41,ODONTOLOGIA - ATM,SEM_VAGA,0
2026-09-15T22:33:44,ODONTOLOGIA - DENTÍSTICA,SEM_VAGA,0
2026-09-15T22:33:48,ODONTOLOGIA - ENDODONTIA,SEM_VAGA,0
2026-09-15T22:33:55,ODONTOLOGIA - PERIODONTIA,VAGA_ENCONTRADA,
2026-09-15T22:34:00,OFTALMOLOGIA,SEM_VAGA,0
2026-09-15T22:34:04,OFTALMOLOGIA - FUNDO DE OLHO,SEM_VAGA,0
2026-09-15T22:34:07,OFTALMOLOGIA - GLAUCOMA,SEM_VAGA,0
2026-09-15T22:34:10,ORTOPEDIA,SEM_VAGA,0
2026-09-15T22:34:13,OTORRINOLARINGOLOGIA,SEM_VAGA,0
2026-09-15T22:34:20,PNEUMOLOGIA,VAGA_ENCONTRADA,
2026-09-15T22:34:26,PROCTOLOGIA,SEM_VAGA,0
2026-09-15T22:34:36,REUMATOLOGIA,SEM_VAGA,0
2026-09-15T22:34:39,UROLOGIA,SEM_VAGA,0
2026-09-15T22:39:47,ACUPUNTURA,SEM_VAGA,0
2026-09-15T22:39:51,ALERGIA E IMUNOLOGIA - TELECONSULTA,SEM_VAGA,0
2026-09-15T22:40:04,CIRURGIA CABEÇA E PESCOÇO,VAGA_ENCONTRADA,
2026-09-15T22:40:10,CIRURGIA DA MÃO,SEM_VAGA,0
2026-09-15T22:40:13,CIRURGIA PLÁSTICA,SEM_VAGA,0
2026-09-15T22:40:16,CIRURGIA VASCULAR,SEM_VAGA,0
2026-09-15T22:40:19,CLÍNICA MÉDICA,SEM_VAGA,0
2026-09-15T22:40:29,DERMATOLOGIA,SEM_VAGA,0
2026-09-15T22:40:32,DERMATOLOGIA - TRIAGEM,SEM_VAGA,0
2026-09-15T22:40:35,DERMATOLOGIA - TRICOLOGIA,SEM_VAGA,0
2026-09-15T22:40:45,FISIOTERAPIA COLUNA CERVICAL,SEM_VAGA,0
2026-09-15T22:40:48,FISIOTERAPIA COLUNA LOMBAR,SEM_VAGA,0
2026-09-15T22:40:52,FISIOTERAPIA MEMBROS INFERIORES,SEM_VAGA,0
2026-09-15T22:40:55,FISIOTERAPIA MEMBROS INFERIORES,SEM_VAGA,0
2026-09-15T22:40:58,GASTROCIRURGIA,SEM_VAGA,0
2026-09-15T22:41:01,GASTROCLÍNICA,SEM_VAGA,0
2026-09-15T22:41:16,GINECOLOGIA-OBSTETRÍCIA,VAGA_ENCONTRADA,
2026-09-15T22:41:27,GINECOLOGIA-OBSTETRÍCIA - PRE NATAL (GESTANTE),VAGA_ENCONTRADA,
2026-09-15T22:41:38,INFECTOLOGIA,VAGA_ENCONTRADA,
2026-09-15T22:41:43,NEFROLOGIA,SEM_VAGA,0
2026-09-15T22:41:46,NEUROLOGIA,SEM_VAGA,0
2026-09-15T22:41:50,NUTRIÇÃO - DIETÉTICA,SEM_VAGA,0
2026-09-15T22:41:52,ODONTOLOGIA - ACUPUNTURA,SEM_VAGA,0
2026-09-15T22:41:56,ODONTOLOGIA - ATM,SEM_VAGA,0
2026-09-15T22:41:59,ODONTOLOGIA - DENTÍSTICA,SEM_VAGA,0
2026-09-15T22:42:02,ODONTOLOGIA - ENDODONTIA,SEM_VAGA,0
2026-09-15T22:42:09,ODONTOLOGIA - PERIODONTIA,VAGA_ENCONTRADA,
2026-09-15T22:42:15,OFTALMOLOGIA,SEM_VAGA,0
2026-09-15T22:42:18,OFTALMOLOGIA - FUNDO DE OLHO,SEM_VAGA,0
2026-09-15T22:42:21,OFTALMOLOGIA - GLAUCOMA,SEM_VAGA,0
2026-09-15T22:42:25,ORTOPEDIA,SEM_VAGA,0
2026-09-15T22:42:28,OTORRINOLARINGOLOGIA,SEM_VAGA,0
2026-09-15T22:42:35,PNEUMOLOGIA,VAGA_ENCONTRADA,
2026-09-15T22:42:40,PROCTOLOGIA,SEM_VAGA,0
2026-09-15T22:42:50,REUMATOLOGIA,SEM_VAGA,0
2026-09-15T22:42:53,UROLOGIA,SEM_VAGA,0
2026-09-15T22:48:02,ACUPUNTURA,SEM_VAGA,0
2026-09-15T22:48:05,ALERGIA E IMUNOLOGIA - TELECONSULTA,SEM_VAGA,0
2026-09-15T22:48:20,CIRURGIA CABEÇA E PESCOÇO,VAGA_ENCONTRADA,
2026-09-15T22:48:27,CIRURGIA DA MÃO,SEM_VAGA,0
2026-09-15T22:48:32,CIRURGIA PLÁSTICA,SEM_VAGA,0
2026-09-15T22:48:37,CIRURGIA VASCULAR,SEM_VAGA,0
2026-09-15T22:48:40,CLÍNICA MÉDICA,SEM_VAGA,0
2026-09-15T22:48:50,DERMATOLOGIA,SEM_VAGA,0
2026-09-15T22:48:53,DERMATOLOGIA - TRIAGEM,SEM_VAGA,0
2026-09-15T22:48:56,DERMATOLOGIA - TRICOLOGIA,SEM_VAGA,0
2026-09-15T22:49:06,FISIOTERAPIA COLUNA CERVICAL,SEM_VAGA,0
2026-09-15T22:49:09,FISIOTERAPIA COLUNA LOMBAR,SEM_VAGA,0
2026-09-15T22:49:12,FISIOTERAPIA MEMBROS INFERIORES,SEM_VAGA,0
2026-09-15T22:49:16,FISIOTERAPIA MEMBROS INFERIORES,SEM_VAGA,0
2026-09-15T22:49:19,GASTROCIRURGIA,SEM_VAGA,0
2026-09-15T22:49:22,GASTROCLÍNICA,SEM_VAGA,0
2026-09-15T22:49:36,GINECOLOGIA-OBSTETRÍCIA,VAGA_ENCONTRADA,
2026-09-15T22:49:45,GINECOLOGIA-OBSTETRÍCIA - PRE NATAL (GESTANTE),VAGA_ENCONTRADA,
2026-09-15T22:49:55,INFECTOLOGIA,VAGA_ENCONTRADA,
2026-09-15T22:50:01,NEFROLOGIA,SEM_VAGA,0
2026-09-15T22:50:04,NEUROLOGIA,SEM_VAGA,0
2026-09-15T22:50:07,NUTRIÇÃO - DIETÉTICA,SEM_VAGA,0
2026-09-15T22:50:10,ODONTOLOGIA - ACUPUNTURA,SEM_VAGA,0
2026-09-15T22:50:14,ODONTOLOGIA - ATM,SEM_VAGA,0
2026-09-15T22:50:17,ODONTOLOGIA - DENTÍSTICA,SEM_VAGA,0
2026-09-15T22:50:20,ODONTOLOGIA - ENDODONTIA,SEM_VAGA,0
2026-09-15T22:50:27,ODONTOLOGIA - PERIODONTIA,VAGA_ENCONTRADA,
2026-09-15T22:50:33,OFTALMOLOGIA,SEM_VAGA,0
2026-09-15T22:50:36,OFTALMOLOGIA - FUNDO DE OLHO,SEM_VAGA,0
2026-09-15T22:50:39,OFTALMOLOGIA - GLAUCOMA,SEM_VAGA,0
2026-09-15T22:50:43,ORTOPEDIA,SEM_VAGA,0
2026-09-15T22:50:47,OTORRINOLARINGOLOGIA,SEM_VAGA,0
2026-09-15T22:50:53,PNEUMOLOGIA,VAGA_ENCONTRADA,
2026-09-15T22:51:00,PROCTOLOGIA,SEM_VAGA,0
2026-09-15T22:51:12,REUMATOLOGIA,SEM_VAGA,0
2026-09-15T22:51:16,UROLOGIA,SEM_VAGA,0
2026-09-15T22:56:24,ACUPUNTURA,SEM_VAGA,0
2026-09-15T22:56:27,ALERGIA E IMUNOLOGIA - TELECONSULTA,SEM_VAGA,0
2026-09-15T22:56:41,CIRURGIA CABEÇA E PESCOÇO,VAGA_ENCONTRADA,
2026-09-15T22:56:50,CIRURGIA DA MÃO,VAGA_ENCONTRADA,
2026-09-15T22:56:56,CIRURGIA PLÁSTICA,SEM_VAGA,0
2026-09-15T22:56:59,CIRURGIA VASCULAR,SEM_VAGA,0
2026-09-15T22:57:02,CLÍNICA MÉDICA,SEM_VAGA,0
2026-09-15T22:57:12,DERMATOLOGIA,SEM_VAGA,0
2026-09-15T22:57:16,DERMATOLOGIA - TRIAGEM,SEM_VAGA,0
2026-09-15T22:57:19,DERMATOLOGIA - TRICOLOGIA,SEM_VAGA,0
2026-09-15T22:57:29,FISIOTERAPIA COLUNA CERVICAL,SEM_VAGA,0
2026-09-15T22:57:32,FISIOTERAPIA COLUNA LOMBAR,SEM_VAGA,0
2026-09-15T22:57:35,FISIOTERAPIA MEMBROS INFERIORES,SEM_VAGA,0
2026-09-15T22:57:38,FISIOTERAPIA MEMBROS INFERIORES,SEM_VAGA,0
2026-09-15T22:57:41,GASTROCIRURGIA,SEM_VAGA,0
2026-09-15T22:57:45,GASTROCLÍNICA,SEM_VAGA,0
2026-09-15T22:57:58,GINECOLOGIA-OBSTETRÍCIA,VAGA_ENCONTRADA,
2026-09-15T22:58:08,GINECOLOGIA-OBSTETRÍCIA - PRE NATAL (GESTANTE),VAGA_ENCONTRADA,
2026-09-15T22:58:18,INFECTOLOGIA,VAGA_ENCONTRADA,
2026-09-15T22:58:24,NEFROLOGIA,SEM_VAGA,0
2026-09-15T22:58:27,NEUROLOGIA,SEM_VAGA,0
2026-09-15T22:58:30,NUTRIÇÃO - DIETÉTICA,SEM_VAGA,0
2026-09-15T22:58:33,ODONTOLOGIA - ACUPUNTURA,SEM_VAGA,0
2026-09-15T22:58:36,ODONTOLOGIA - ATM,SEM_VAGA,0
2026-09-15T22:58:40,ODONTOLOGIA - DENTÍSTICA,SEM_VAGA,0
2026-09-15T22:58:43,ODONTOLOGIA - ENDODONTIA,SEM_VAGA,0
2026-09-15T22:58:50,ODONTOLOGIA - PERIODONTIA,VAGA_ENCONTRADA,
2026-09-15T22:58:56,OFTALMOLOGIA,SEM_VAGA,0
2026-09-15T22:58:59,OFTALMOLOGIA - FUNDO DE OLHO,SEM_VAGA,0
2026-09-15T22:59:02,OFTALMOLOGIA - GLAUCOMA,SEM_VAGA,0
2026-09-15T22:59:05,ORTOPEDIA,SEM_VAGA,0
2026-09-15T22:59:10,OTORRINOLARINGOLOGIA,SEM_VAGA,0
2026-09-15T22:59:17,PNEUMOLOGIA,VAGA_ENCONTRADA,
2026-09-15T22:59:23,PROCTOLOGIA,SEM_VAGA,0
2026-09-15T22:59:33,REUMATOLOGIA,SEM_VAGA,0
2026-09-15T22:59:37,UROLOGIA,SEM_VAGA,0
2026-09-15T23:04:45,ACUPUNTURA,SEM_VAGA,0
2026-09-15T23:04:48,ALERGIA E IMUNOLOGIA - TELECONSULTA,SEM_VAGA,0
2026-09-15T23:05:02,CIRURGIA CABEÇA E PESCOÇO,VAGA_ENCONTRADA,
2026-09-15T23:05:11,CIRURGIA DA MÃO,VAGA_ENCONTRADA,
2026-09-15T23:05:17,CIRURGIA PLÁSTICA,SEM_VAGA,0
2026-09-15T23:05:20,CIRURGIA VASCULAR,SEM_VAGA,0
2026-09-15T23:05:23,CLÍNICA MÉDICA,SEM_VAGA,0
2026-09-15T23:05:33,DERMATOLOGIA,SEM_VAGA,0
2026-09-15T23:05:36,DERMATOLOGIA - TRIAGEM,SEM_VAGA,0
2026-09-15T23:05:40,DERMATOLOGIA - TRICOLOGIA,SEM_VAGA,0
2026-09-15T23:05:49,FISIOTERAPIA COLUNA CERVICAL,SEM_VAGA,0
2026-09-15T23:05:53,FISIOTERAPIA COLUNA LOMBAR,SEM_VAGA,0
2026-09-15T23:05:56,FISIOTERAPIA MEMBROS INFERIORES,SEM_VAGA,0
2026-09-15T23:05:59,FISIOTERAPIA MEMBROS INFERIORES,SEM_VAGA,0
2026-09-15T23:06:02,GASTROCIRURGIA,SEM_VAGA,0
2026-09-15T23:06:05,GASTROCLÍNICA,SEM_VAGA,0
2026-09-15T23:06:19,GINECOLOGIA-OBSTETRÍCIA,VAGA_ENCONTRADA,
2026-09-15T23:06:28,GINECOLOGIA-OBSTETRÍCIA - PRE NATAL (GESTANTE),VAGA_ENCONTRADA,
2026-09-15T23:06:38,INFECTOLOGIA,VAGA_ENCONTRADA,
2026-09-15T23:06:44,NEFROLOGIA,SEM_VAGA,0
2026-09-15T23:06:47,NEUROLOGIA,SEM_VAGA,0
2026-09-15T23:06:50,NUTRIÇÃO - DIETÉTICA,SEM_VAGA,0
2026-09-15T23:06:53,ODONTOLOGIA - ACUPUNTURA,SEM_VAGA,0
2026-09-15T23:06:56,ODONTOLOGIA - ATM,SEM_VAGA,0
2026-09-15T23:07:00,ODONTOLOGIA - DENTÍSTICA,SEM_VAGA,0
2026-09-15T23:07:03,ODONTOLOGIA - ENDODONTIA,SEM_VAGA,0
2026-09-15T23:07:10,ODONTOLOGIA - PERIODONTIA,VAGA_ENCONTRADA,
2026-09-15T23:07:16,OFTALMOLOGIA,SEM_VAGA,0
2026-09-15T23:07:20,OFTALMOLOGIA - FUNDO DE OLHO,SEM_VAGA,0
2026-09-15T23:07:23,OFTALMOLOGIA - GLAUCOMA,SEM_VAGA,0
2026-09-15T23:07:26,ORTOPEDIA,SEM_VAGA,0
2026-09-15T23:07:29,OTORRINOLARINGOLOGIA,SEM_VAGA,0
2026-09-15T23:07:36,PNEUMOLOGIA,VAGA_ENCONTRADA,
2026-09-15T23:07:42,PROCTOLOGIA,SEM_VAGA,0
2026-09-15T23:07:52,REUMATOLOGIA,SEM_VAGA,0
2026-09-15T23:07:55,UROLOGIA,SEM_VAGA,0
2026-09-15T23:13:03,ACUPUNTURA,SEM_VAGA,0
2026-09-15T23:13:06,ALERGIA E IMUNOLOGIA - TELECONSULTA,SEM_VAGA,0
2026-09-15T23:13:20,CIRURGIA CABEÇA E PESCOÇO,VAGA_ENCONTRADA,
2026-09-15T23:13:30,CIRURGIA DA MÃO,VAGA_ENCONTRADA,
2026-09-15T23:13:35,CIRURGIA PLÁSTICA,SEM_VAGA,0
2026-09-15T23:13:39,CIRURGIA VASCULAR,SEM_VAGA,0
2026-09-15T23:13:42,CLÍNICA MÉDICA,SEM_VAGA,0
2026-09-15T23:13:52,DERMATOLOGIA,SEM_VAGA,0
2026-09-15T23:13:56,DERMATOLOGIA - TRIAGEM,SEM_VAGA,0
2026-09-15T23:13:59,DERMATOLOGIA - TRICOLOGIA,SEM_VAGA,0
2026-09-15T23:14:09,FISIOTERAPIA COLUNA CERVICAL,SEM_VAGA,0
2026-09-15T23:14:12,FISIOTERAPIA COLUNA LOMBAR,SEM_VAGA,0
2026-09-15T23:14:15,FISIOTERAPIA MEMBROS INFERIORES,SEM_VAGA,0
2026-09-15T23:14:18,FISIOTERAPIA MEMBROS INFERIORES,SEM_VAGA,0
2026-09-15T23:14:21,GASTROCIRURGIA,SEM_VAGA,0
2026-09-15T23:14:25,GASTROCLÍNICA,SEM_VAGA,0
2026-09-15T23:14:38,GINECOLOGIA-OBSTETRÍCIA,VAGA_ENCONTRADA,
2026-09-15T23:14:48,GINECOLOGIA-OBSTETRÍCIA - PRE NATAL (GESTANTE),VAGA_ENCONTRADA,
2026-09-15T23:14:58,INFECTOLOGIA,VAGA_ENCONTRADA,
2026-09-15T23:15:05,NEFROLOGIA,SEM_VAGA,0
2026-09-15T23:15:09,NEUROLOGIA,SEM_VAGA,0
2026-09-15T23:15:13,NUTRIÇÃO - DIETÉTICA,SEM_VAGA,0
2026-09-15T23:15:17,ODONTOLOGIA - ACUPUNTURA,SEM_VAGA,0
2026-09-15T23:15:20,ODONTOLOGIA - ATM,SEM_VAGA,0
2026-09-15T23:15:24,ODONTOLOGIA - DENTÍSTICA,SEM_VAGA,0
2026-09-15T23:15:27,ODONTOLOGIA - ENDODONTIA,SEM_VAGA,0
2026-09-15T23:15:34,ODONTOLOGIA - PERIODONTIA,VAGA_ENCONTRADA,
2026-09-15T23:15:40,OFTALMOLOGIA,SEM_VAGA,0
2026-09-15T23:15:43,OFTALMOLOGIA - FUNDO DE OLHO,SEM_VAGA,0
2026-09-15T23:15:46,OFTALMOLOGIA - GLAUCOMA,SEM_VAGA,0
2026-09-15T23:15:49,ORTOPEDIA,SEM_VAGA,0
2026-09-15T23:15:53,OTORRINOLARINGOLOGIA,SEM_VAGA,0
2026-09-15T23:16:00,PNEUMOLOGIA,VAGA_ENCONTRADA,
2026-09-15T23:16:06,PROCTOLOGIA,SEM_VAGA,0
2026-09-15T23:16:15,REUMATOLOGIA,SEM_VAGA,0
2026-09-15T23:16:19,UROLOGIA,SEM_VAGA,0
2026-09-15T23:21:27,ACUPUNTURA,SEM_VAGA,0
2026-09-15T23:21:30,ALERGIA E IMUNOLOGIA - TELECONSULTA,SEM_VAGA,0
2026-09-15T23:21:44,CIRURGIA CABEÇA E PESCOÇO,VAGA_ENCONTRADA,
2026-09-15T23:21:54,CIRURGIA DA MÃO,VAGA_ENCONTRADA,
2026-09-15T23:22:00,CIRURGIA PLÁSTICA,SEM_VAGA,0
2026-09-15T23:22:03,CIRURGIA VASCULAR,SEM_VAGA,0
2026-09-15T23:22:06,CLÍNICA MÉDICA,SEM_VAGA,0
2026-09-15T23:22:16,DERMATOLOGIA,SEM_VAGA,0
2026-09-15T23:22:19,DERMATOLOGIA - TRIAGEM,SEM_VAGA,0
2026-09-15T23:22:22,DERMATOLOGIA - TRICOLOGIA,SEM_VAGA,0
2026-09-15T23:22:32,FISIOTERAPIA COLUNA CERVICAL,SEM_VAGA,0
2026-09-15T23:22:37,FISIOTERAPIA COLUNA LOMBAR,SEM_VAGA,0
2026-09-15T23:22:42,FISIOTERAPIA MEMBROS INFERIORES,SEM_VAGA,0
2026-09-15T23:22:46,FISIOTERAPIA MEMBROS INFERIORES,SEM_VAGA,0
2026-09-15T23:22:49,GASTROCIRURGIA,SEM_VAGA,0
2026-09-15T23:22:52,GASTROCLÍNICA,SEM_VAGA,0
2026-09-15T23:23:06,GINECOLOGIA-OBSTETRÍCIA,VAGA_ENCONTRADA,
2026-09-15T23:23:16,GINECOLOGIA-OBSTETRÍCIA - PRE NATAL (GESTANTE),VAGA_ENCONTRADA,
2026-09-15T23:23:25,INFECTOLOGIA,VAGA_ENCONTRADA,
2026-09-15T23:23:31,NEFROLOGIA,SEM_VAGA,0
2026-09-15T23:23:35,NEUROLOGIA,SEM_VAGA,0
2026-09-15T23:23:38,NUTRIÇÃO - DIETÉTICA,SEM_VAGA,0
2026-09-15T23:23:41,ODONTOLOGIA - ACUPUNTURA,SEM_VAGA,0
2026-09-15T23:23:44,ODONTOLOGIA - ATM,SEM_VAGA,0
2026-09-15T23:23:47,ODONTOLOGIA - DENTÍSTICA,SEM_VAGA,0
2026-09-15T23:23:50,ODONTOLOGIA - ENDODONTIA,SEM_VAGA,0
2026-09-15T23:23:57,ODONTOLOGIA - PERIODONTIA,VAGA_ENCONTRADA,
2026-09-15T23:24:03,OFTALMOLOGIA,SEM_VAGA,0
2026-09-15T23:24:06,OFTALMOLOGIA - FUNDO DE OLHO,SEM_VAGA,0
2026-09-15T23:24:09,OFTALMOLOGIA - GLAUCOMA,SEM_VAGA,0
2026-09-15T23:24:13,ORTOPEDIA,SEM_VAGA,0
2026-09-15T23:24:16,OTORRINOLARINGOLOGIA,SEM_VAGA,0
2026-09-15T23:24:23,PNEUMOLOGIA,VAGA_ENCONTRADA,
2026-09-15T23:24:28,PROCTOLOGIA,SEM_VAGA,0
2026-09-15T23:24:38,REUMATOLOGIA,SEM_VAGA,0
2026-09-15T23:24:41,UROLOGIA,SEM_VAGA,0
2026-09-15T23:29:50,ACUPUNTURA,SEM_VAGA,0
2026-09-15T23:29:53,ALERGIA E IMUNOLOGIA - TELECONSULTA,SEM_VAGA,0
2026-09-15T23:30:07,CIRURGIA CABEÇA E PESCOÇO,VAGA_ENCONTRADA,
2026-09-15T23:30:16,CIRURGIA DA MÃO,VAGA_ENCONTRADA,
2026-09-15T23:30:22,CIRURGIA PLÁSTICA,SEM_VAGA,0
2026-09-15T23:30:25,CIRURGIA VASCULAR,SEM_VAGA,0
2026-09-15T23:30:29,CLÍNICA MÉDICA,SEM_VAGA,0
2026-09-15T23:30:39,DERMATOLOGIA,SEM_VAGA,0
2026-09-15T23:30:41,DERMATOLOGIA - TRIAGEM,SEM_VAGA,0
2026-09-15T23:30:45,DERMATOLOGIA - TRICOLOGIA,SEM_VAGA,0
2026-09-15T23:30:54,FISIOTERAPIA COLUNA CERVICAL,SEM_VAGA,0
2026-09-15T23:30:58,FISIOTERAPIA COLUNA LOMBAR,SEM_VAGA,0
2026-09-15T23:31:02,FISIOTERAPIA MEMBROS INFERIORES,SEM_VAGA,0
2026-09-15T23:31:05,FISIOTERAPIA MEMBROS INFERIORES,SEM_VAGA,0
2026-09-15T23:31:08,GASTROCIRURGIA,SEM_VAGA,0
2026-09-15T23:31:11,GASTROCLÍNICA,SEM_VAGA,0
2026-09-15T23:31:26,GINECOLOGIA-OBSTETRÍCIA,VAGA_ENCONTRADA,
2026-09-15T23:31:36,GINECOLOGIA-OBSTETRÍCIA - PRE NATAL (GESTANTE),VAGA_ENCONTRADA,
2026-09-15T23:31:46,INFECTOLOGIA,VAGA_ENCONTRADA,
2026-09-15T23:31:51,NEFROLOGIA,SEM_VAGA,0
2026-09-15T23:31:55,NEUROLOGIA,SEM_VAGA,0
2026-09-15T23:31:58,NUTRIÇÃO - DIETÉTICA,SEM_VAGA,0
2026-09-15T23:32:01,ODONTOLOGIA - ACUPUNTURA,SEM_VAGA,0
2026-09-15T23:32:04,ODONTOLOGIA - ATM,SEM_VAGA,0
2026-09-15T23:32:07,ODONTOLOGIA - DENTÍSTICA,SEM_VAGA,0
2026-09-15T23:32:11,ODONTOLOGIA - ENDODONTIA,SEM_VAGA,0
2026-09-15T23:32:18,ODONTOLOGIA - PERIODONTIA,VAGA_ENCONTRADA,
2026-09-15T23:32:23,OFTALMOLOGIA,SEM_VAGA,0
2026-09-15T23:32:27,OFTALMOLOGIA - FUNDO DE OLHO,SEM_VAGA,0
2026-09-15T23:32:30,OFTALMOLOGIA - GLAUCOMA,SEM_VAGA,0
2026-09-15T23:32:33,ORTOPEDIA,SEM_VAGA,0
2026-09-15T23:32:36,OTORRINOLARINGOLOGIA,SEM_VAGA,0
2026-09-15T23:32:43,PNEUMOLOGIA,VAGA_ENCONTRADA,
2026-09-15T23:32:49,PROCTOLOGIA,SEM_VAGA,0
2026-09-15T23:32:59,REUMATOLOGIA,SEM_VAGA,0
2026-09-15T23:33:02,UROLOGIA,SEM_VAGA,0
2026-09-15T23:38:10,ACUPUNTURA,SEM_VAGA,0
2026-09-15T23:38:14,ALERGIA E IMUNOLOGIA - TELECONSULTA,SEM_VAGA,0
2026-09-15T23:38:27,CIRURGIA CABEÇA E PESCOÇO,VAGA_ENCONTRADA,
2026-09-15T23:38:37,CIRURGIA DA MÃO,VAGA_ENCONTRADA,
2026-09-15T23:38:43,CIRURGIA PLÁSTICA,SEM_VAGA,0
2026-09-15T23:38:46,CIRURGIA VASCULAR,SEM_VAGA,0
2026-09-15T23:38:50,CLÍNICA MÉDICA,SEM_VAGA,0
2026-09-15T23:39:00,DERMATOLOGIA,SEM_VAGA,0
2026-09-15T23:39:03,DERMATOLOGIA - TRIAGEM,SEM_VAGA,0
2026-09-15T23:39:06,DERMATOLOGIA - TRICOLOGIA,SEM_VAGA,0
2026-09-15T23:39:16,FISIOTERAPIA COLUNA CERVICAL,SEM_VAGA,0
2026-09-15T23:39:19,FISIOTERAPIA COLUNA LOMBAR,SEM_VAGA,0
2026-09-15T23:39:22,FISIOTERAPIA MEMBROS INFERIORES,SEM_VAGA,0
2026-09-15T23:39:25,FISIOTERAPIA MEMBROS INFERIORES,SEM_VAGA,0
2026-09-15T23:39:29,GASTROCIRURGIA,SEM_VAGA,0
2026-09-15T23:39:32,GASTROCLÍNICA,SEM_VAGA,0
2026-09-15T23:39:45,GINECOLOGIA-OBSTETRÍCIA,VAGA_ENCONTRADA,
2026-09-15T23:39:55,GINECOLOGIA-OBSTETRÍCIA - PRE NATAL (GESTANTE),VAGA_ENCONTRADA,
2026-09-15T23:40:05,INFECTOLOGIA,VAGA_ENCONTRADA,
2026-09-15T23:40:11,NEFROLOGIA,SEM_VAGA,0
2026-09-15T23:40:14,NEUROLOGIA,SEM_VAGA,0
2026-09-15T23:40:17,NUTRIÇÃO - DIETÉTICA,SEM_VAGA,0
2026-09-15T23:40:20,ODONTOLOGIA - ACUPUNTURA,SEM_VAGA,0
2026-09-15T23:40:24,ODONTOLOGIA - ATM,SEM_VAGA,0
2026-09-15T23:40:27,ODONTOLOGIA - DENTÍSTICA,SEM_VAGA,0
2026-09-15T23:40:30,ODONTOLOGIA - ENDODONTIA,SEM_VAGA,0
2026-09-15T23:40:37,ODONTOLOGIA - PERIODONTIA,VAGA_ENCONTRADA,
2026-09-15T23:40:43,OFTALMOLOGIA,SEM_VAGA,0
2026-09-15T23:40:46,OFTALMOLOGIA - FUNDO DE OLHO,SEM_VAGA,0
2026-09-15T23:40:49,OFTALMOLOGIA - GLAUCOMA,SEM_VAGA,0
2026-09-15T23:40:53,ORTOPEDIA,SEM_VAGA,0
2026-09-15T23:40:55,OTORRINOLARINGOLOGIA,SEM_VAGA,0
2026-09-15T23:41:02,PNEUMOLOGIA,VAGA_ENCONTRADA,
2026-09-15T23:41:08,PROCTOLOGIA,SEM_VAGA,0
2026-09-15T23:41:18,REUMATOLOGIA,SEM_VAGA,0
2026-09-15T23:41:21,UROLOGIA,SEM_VAGA,0
2026-09-15T23:46:29,ACUPUNTURA,SEM_VAGA,0
2026-09-15T23:46:33,ALERGIA E IMUNOLOGIA - TELECONSULTA,SEM_VAGA,0
2026-09-15T23:46:46,CIRURGIA CABEÇA E PESCOÇO,VAGA_ENCONTRADA,
2026-09-15T23:46:56,CIRURGIA DA MÃO,VAGA_ENCONTRADA,
2026-09-15T23:47:02,CIRURGIA PLÁSTICA,SEM_VAGA,0
2026-09-15T23:47:05,CIRURGIA VASCULAR,SEM_VAGA,0
2026-09-15T23:47:08,CLÍNICA MÉDICA,SEM_VAGA,0
2026-09-15T23:47:19,DERMATOLOGIA,SEM_VAGA,0
2026-09-15T23:47:23,DERMATOLOGIA - TRIAGEM,SEM_VAGA,0
2026-09-15T23:47:27,DERMATOLOGIA - TRICOLOGIA,SEM_VAGA,0
2026-09-15T23:47:37,FISIOTERAPIA COLUNA CERVICAL,SEM_VAGA,0
2026-09-15T23:47:41,FISIOTERAPIA COLUNA LOMBAR,SEM_VAGA,0
2026-09-15T23:47:44,FISIOTERAPIA MEMBROS INFERIORES,SEM_VAGA,0
2026-09-15T23:47:47,FISIOTERAPIA MEMBROS INFERIORES,SEM_VAGA,0
2026-09-15T23:47:50,GASTROCIRURGIA,SEM_VAGA,0
2026-09-15T23:47:54,GASTROCLÍNICA,SEM_VAGA,0
2026-09-15T23:48:05,GINECOLOGIA-OBSTETRÍCIA,SEM_VAGA,0
2026-09-15T23:48:12,GINECOLOGIA-OBSTETRÍCIA - PRE NATAL (GESTANTE),VAGA_ENCONTRADA,
2026-09-15T23:48:22,INFECTOLOGIA,VAGA_ENCONTRADA,
2026-09-15T23:48:29,NEFROLOGIA,SEM_VAGA,0
2026-09-15T23:48:33,NEUROLOGIA,SEM_VAGA,0
2026-09-15T23:48:36,NUTRIÇÃO - DIETÉTICA,SEM_VAGA,0
2026-09-15T23:48:40,ODONTOLOGIA - ACUPUNTURA,SEM_VAGA,0
2026-09-15T23:48:43,ODONTOLOGIA - ATM,SEM_VAGA,0
2026-09-15T23:48:47,ODONTOLOGIA - DENTÍSTICA,SEM_VAGA,0
2026-09-15T23:48:50,ODONTOLOGIA - ENDODONTIA,SEM_VAGA,0
2026-09-15T23:48:57,ODONTOLOGIA - PERIODONTIA,VAGA_ENCONTRADA,
2026-09-15T23:49:03,OFTALMOLOGIA,SEM_VAGA,0
2026-09-15T23:49:06,OFTALMOLOGIA - FUNDO DE OLHO,SEM_VAGA,0
2026-09-15T23:49:09,OFTALMOLOGIA - GLAUCOMA,SEM_VAGA,0
2026-09-15T23:49:12,ORTOPEDIA,SEM_VAGA,0
2026-09-15T23:49:15,OTORRINOLARINGOLOGIA,SEM_VAGA,0
2026-09-15T23:49:22,PNEUMOLOGIA,VAGA_ENCONTRADA,
2026-09-15T23:49:28,PROCTOLOGIA,SEM_VAGA,0
2026-09-15T23:49:38,REUMATOLOGIA,SEM_VAGA,0
2026-09-15T23:49:41,UROLOGIA,SEM_VAGA,0
2026-09-15T23:54:49,ACUPUNTURA,SEM_VAGA,0
2026-09-15T23:54:53,ALERGIA E IMUNOLOGIA - TELECONSULTA,SEM_VAGA,0
2026-09-15T23:55:06,CIRURGIA CABEÇA E PESCOÇO,VAGA_ENCONTRADA,
2026-09-15T23:55:16,CIRURGIA DA MÃO,VAGA_ENCONTRADA,
2026-09-15T23:55:22,CIRURGIA PLÁSTICA,SEM_VAGA,0
2026-09-15T23:55:25,CIRURGIA VASCULAR,SEM_VAGA,0
2026-09-15T23:55:28,CLÍNICA MÉDICA,SEM_VAGA,0
2026-09-15T23:55:38,DERMATOLOGIA,SEM_VAGA,0
2026-09-15T23:55:41,DERMATOLOGIA - TRIAGEM,SEM_VAGA,0
2026-09-15T23:55:44,DERMATOLOGIA - TRICOLOGIA,SEM_VAGA,0
2026-09-15T23:55:54,FISIOTERAPIA COLUNA CERVICAL,SEM_VAGA,0
2026-09-15T23:55:57,FISIOTERAPIA COLUNA LOMBAR,SEM_VAGA,0
2026-09-15T23:56:00,FISIOTERAPIA MEMBROS INFERIORES,SEM_VAGA,0
2026-09-15T23:56:04,FISIOTERAPIA MEMBROS INFERIORES,SEM_VAGA,0
2026-09-15T23:56:06,GASTROCIRURGIA,SEM_VAGA,0
2026-09-15T23:56:10,GASTROCLÍNICA,SEM_VAGA,0
2026-09-15T23:56:20,GINECOLOGIA-OBSTETRÍCIA,SEM_VAGA,0
2026-09-15T23:56:27,GINECOLOGIA-OBSTETRÍCIA - PRE NATAL (GESTANTE),VAGA_ENCONTRADA,
2026-09-15T23:56:36,INFECTOLOGIA,VAGA_ENCONTRADA,
2026-09-15T23:56:42,NEFROLOGIA,SEM_VAGA,0
2026-09-15T23:56:45,NEUROLOGIA,SEM_VAGA,0
2026-09-15T23:56:48,NUTRIÇÃO - DIETÉTICA,SEM_VAGA,0
2026-09-15T23:56:51,ODONTOLOGIA - ACUPUNTURA,SEM_VAGA,0
2026-09-15T23:56:55,ODONTOLOGIA - ATM,SEM_VAGA,0
2026-09-15T23:56:58,ODONTOLOGIA - DENTÍSTICA,SEM_VAGA,0
2026-09-15T23:57:01,ODONTOLOGIA - ENDODONTIA,SEM_VAGA,0
2026-09-15T23:57:08,ODONTOLOGIA - PERIODONTIA,VAGA_ENCONTRADA,
2026-09-15T23:57:14,OFTALMOLOGIA,SEM_VAGA,0
2026-09-15T23:57:18,OFTALMOLOGIA - FUNDO DE OLHO,SEM_VAGA,0
2026-09-15T23:57:23,OFTALMOLOGIA - GLAUCOMA,SEM_VAGA,0
2026-09-15T23:57:27,ORTOPEDIA,SEM_VAGA,0
2026-09-15T23:57:32,OTORRINOLARINGOLOGIA,SEM_VAGA,0
2026-09-15T23:57:39,PNEUMOLOGIA,VAGA_ENCONTRADA,
2026-09-15T23:57:45,PROCTOLOGIA,SEM_VAGA,0
2026-09-15T23:57:54,REUMATOLOGIA,SEM_VAGA,0
2026-09-15T23:57:58,UROLOGIA,SEM_VAGA,0
2026-09-16T00:03:07,ACUPUNTURA,SEM_VAGA,0
2026-09-16T00:03:10,ALERGIA E IMUNOLOGIA - TELECONSULTA,SEM_VAGA,0
2026-09-16T00:03:24,CIRURGIA CABEÇA E PESCOÇO,VAGA_ENCONTRADA,
2026-09-16T00:03:33,CIRURGIA DA MÃO,VAGA_ENCONTRADA,
2026-09-16T00:03:39,CIRURGIA PLÁSTICA,SEM_VAGA,0
2026-09-16T00:03:42,CIRURGIA VASCULAR,SEM_VAGA,0
2026-09-16T00:03:45,CLÍNICA MÉDICA,SEM_VAGA,0
2026-09-16T00:03:55,DERMATOLOGIA,SEM_VAGA,0
2026-09-16T00:03:58,DERMATOLOGIA - TRIAGEM,SEM_VAGA,0
2026-09-16T00:04:02,DERMATOLOGIA - TRICOLOGIA,SEM_VAGA,0
2026-09-16T00:04:11,FISIOTERAPIA COLUNA CERVICAL,SEM_VAGA,0
2026-09-16T00:04:15,FISIOTERAPIA COLUNA LOMBAR,SEM_VAGA,0
2026-09-16T00:04:18,FISIOTERAPIA MEMBROS INFERIORES,SEM_VAGA,0
2026-09-16T00:04:21,FISIOTERAPIA MEMBROS INFERIORES,SEM_VAGA,0
2026-09-16T00:04:24,GASTROCIRURGIA,SEM_VAGA,0
2026-09-16T00:04:28,GASTROCLÍNICA,SEM_VAGA,0
2026-09-16T00:04:37,GINECOLOGIA-OBSTETRÍCIA,SEM_VAGA,0
2026-09-16T00:04:44,GINECOLOGIA-OBSTETRÍCIA - PRE NATAL (GESTANTE),VAGA_ENCONTRADA,
2026-09-16T00:04:54,INFECTOLOGIA,VAGA_ENCONTRADA,
2026-09-16T00:05:00,NEFROLOGIA,SEM_VAGA,0
2026-09-16T00:05:03,NEUROLOGIA,SEM_VAGA,0
2026-09-16T00:05:06,NUTRIÇÃO - DIETÉTICA,SEM_VAGA,0
2026-09-16T00:05:09,ODONTOLOGIA - ACUPUNTURA,SEM_VAGA,0
2026-09-16T00:05:12,ODONTOLOGIA - ATM,SEM_VAGA,0
2026-09-16T00:05:16,ODONTOLOGIA - DENTÍSTICA,SEM_VAGA,0
2026-09-16T00:05:20,ODONTOLOGIA - ENDODONTIA,SEM_VAGA,0
2026-09-16T00:05:28,ODONTOLOGIA - PERIODONTIA,VAGA_ENCONTRADA,
2026-09-16T00:05:33,OFTALMOLOGIA,SEM_VAGA,0
2026-09-16T00:05:37,OFTALMOLOGIA - FUNDO DE OLHO,SEM_VAGA,0
2026-09-16T00:05:40,OFTALMOLOGIA - GLAUCOMA,SEM_VAGA,0
2026-09-16T00:05:43,ORTOPEDIA,SEM_VAGA,0
2026-09-16T00:05:46,OTORRINOLARINGOLOGIA,SEM_VAGA,0
2026-09-16T00:05:53,PNEUMOLOGIA,VAGA_ENCONTRADA,
2026-09-16T00:05:59,PROCTOLOGIA,SEM_VAGA,0
2026-09-16T00:06:11,REUMATOLOGIA,SEM_VAGA,0
2026-09-16T00:06:14,UROLOGIA,SEM_VAGA,0
2026-09-16T00:11:22,ACUPUNTURA,SEM_VAGA,0
2026-09-16T00:11:25,ALERGIA E IMUNOLOGIA - TELECONSULTA,SEM_VAGA,0
2026-09-16T00:11:39,CIRURGIA CABEÇA E PESCOÇO,VAGA_ENCONTRADA,
2026-09-16T00:11:49,CIRURGIA DA MÃO,VAGA_ENCONTRADA,
2026-09-16T00:11:55,CIRURGIA PLÁSTICA,SEM_VAGA,0
2026-09-16T00:11:58,CIRURGIA VASCULAR,SEM_VAGA,0
2026-09-16T00:12:01,CLÍNICA MÉDICA,SEM_VAGA,0
2026-09-16T00:12:11,DERMATOLOGIA,SEM_VAGA,0
2026-09-16T00:12:15,DERMATOLOGIA - TRIAGEM,SEM_VAGA,0
2026-09-16T00:12:18,DERMATOLOGIA - TRICOLOGIA,SEM_VAGA,0
2026-09-16T00:12:29,FISIOTERAPIA COLUNA CERVICAL,SEM_VAGA,0
2026-09-16T00:12:32,FISIOTERAPIA COLUNA LOMBAR,SEM_VAGA,0
2026-09-16T00:12:35,FISIOTERAPIA MEMBROS INFERIORES,SEM_VAGA,0
2026-09-16T00:12:39,FISIOTERAPIA MEMBROS INFERIORES,SEM_VAGA,0
2026-09-16T00:12:42,GASTROCIRURGIA,SEM_VAGA,0
2026-09-16T00:12:45,GASTROCLÍNICA,SEM_VAGA,0
2026-09-16T00:12:55,GINECOLOGIA-OBSTETRÍCIA,SEM_VAGA,0
2026-09-16T00:13:02,GINECOLOGIA-OBSTETRÍCIA - PRE NATAL (GESTANTE),VAGA_ENCONTRADA,
2026-09-16T00:13:12,INFECTOLOGIA,VAGA_ENCONTRADA,
2026-09-16T00:13:19,NEFROLOGIA,SEM_VAGA,0
2026-09-16T00:13:22,NEUROLOGIA,SEM_VAGA,0
2026-09-16T00:13:25,NUTRIÇÃO - DIETÉTICA,SEM_VAGA,0
2026-09-16T00:13:29,ODONTOLOGIA - ACUPUNTURA,SEM_VAGA,0
2026-09-16T00:13:32,ODONTOLOGIA - ATM,SEM_VAGA,0
2026-09-16T00:13:35,ODONTOLOGIA - DENTÍSTICA,SEM_VAGA,0
2026-09-16T00:13:38,ODONTOLOGIA - ENDODONTIA,SEM_VAGA,0
2026-09-16T00:13:45,ODONTOLOGIA - PERIODONTIA,VAGA_ENCONTRADA,
2026-09-16T00:13:51,OFTALMOLOGIA,SEM_VAGA,0
2026-09-16T00:13:54,OFTALMOLOGIA - FUNDO DE OLHO,SEM_VAGA,0
2026-09-16T00:13:57,OFTALMOLOGIA - GLAUCOMA,SEM_VAGA,0
2026-09-16T00:14:00,ORTOPEDIA,SEM_VAGA,0
2026-09-16T00:14:03,OTORRINOLARINGOLOGIA,SEM_VAGA,0
2026-09-16T00:14:10,PNEUMOLOGIA,VAGA_ENCONTRADA,
2026-09-16T00:14:16,PROCTOLOGIA,SEM_VAGA,0
2026-09-16T00:14:26,REUMATOLOGIA,SEM_VAGA,0
2026-09-16T00:14:33,UROLOGIA,VAGA_ENCONTRADA,
2026-09-16T00:19:44,ACUPUNTURA,SEM_VAGA,0
2026-09-16T00:19:47,ALERGIA E IMUNOLOGIA - TELECONSULTA,SEM_VAGA,0
2026-09-16T00:20:01,CIRURGIA CABEÇA E PESCOÇO,VAGA_ENCONTRADA,
2026-09-16T00:20:11,CIRURGIA DA MÃO,VAGA_ENCONTRADA,
2026-09-16T00:20:17,CIRURGIA PLÁSTICA,SEM_VAGA,0
2026-09-16T00:20:20,CIRURGIA VASCULAR,SEM_VAGA,0
2026-09-16T00:20:23,CLÍNICA MÉDICA,SEM_VAGA,0
2026-09-16T00:20:34,DERMATOLOGIA,SEM_VAGA,0
2026-09-16T00:20:37,DERMATOLOGIA - TRIAGEM,SEM_VAGA,0
2026-09-16T00:20:40,DERMATOLOGIA - TRICOLOGIA,SEM_VAGA,0
2026-09-16T00:20:50,FISIOTERAPIA COLUNA CERVICAL,SEM_VAGA,0
2026-09-16T00:20:53,FISIOTERAPIA COLUNA LOMBAR,SEM_VAGA,0
2026-09-16T00:20:57,FISIOTERAPIA MEMBROS INFERIORES,SEM_VAGA,0
2026-09-16T00:21:00,FISIOTERAPIA MEMBROS INFERIORES,SEM_VAGA,0
2026-09-16T00:21:03,GASTROCIRURGIA,SEM_VAGA,0
2026-09-16T00:21:06,GASTROCLÍNICA,SEM_VAGA,0
2026-09-16T00:21:18,GINECOLOGIA-OBSTETRÍCIA,SEM_VAGA,0
2026-09-16T00:21:25,GINECOLOGIA-OBSTETRÍCIA - PRE NATAL (GESTANTE),VAGA_ENCONTRADA,
2026-09-16T00:21:35,INFECTOLOGIA,VAGA_ENCONTRADA,
2026-09-16T00:21:41,NEFROLOGIA,SEM_VAGA,0
2026-09-16T00:21:44,NEUROLOGIA,SEM_VAGA,0
2026-09-16T00:21:47,NUTRIÇÃO - DIETÉTICA,SEM_VAGA,0
2026-09-16T00:21:50,ODONTOLOGIA - ACUPUNTURA,SEM_VAGA,0
2026-09-16T00:21:53,ODONTOLOGIA - ATM,SEM_VAGA,0
2026-09-16T00:21:57,ODONTOLOGIA - DENTÍSTICA,SEM_VAGA,0
2026-09-16T00:22:00,ODONTOLOGIA - ENDODONTIA,SEM_VAGA,0
2026-09-16T00:22:07,ODONTOLOGIA - PERIODONTIA,VAGA_ENCONTRADA,
2026-09-16T00:22:13,OFTALMOLOGIA,SEM_VAGA,0
2026-09-16T00:22:16,OFTALMOLOGIA - FUNDO DE OLHO,SEM_VAGA,0
2026-09-16T00:22:19,OFTALMOLOGIA - GLAUCOMA,SEM_VAGA,0
2026-09-16T00:22:22,ORTOPEDIA,SEM_VAGA,0
2026-09-16T00:22:25,OTORRINOLARINGOLOGIA,SEM_VAGA,0
2026-09-16T00:22:32,PNEUMOLOGIA,VAGA_ENCONTRADA,
2026-09-16T00:22:38,PROCTOLOGIA,SEM_VAGA,0
2026-09-16T00:22:48,REUMATOLOGIA,SEM_VAGA,0
2026-09-16T00:22:51,UROLOGIA,SEM_VAGA,0
2026-09-16T00:27:59,ACUPUNTURA,SEM_VAGA,0
2026-09-16T00:28:03,ALERGIA E IMUNOLOGIA - TELECONSULTA,SEM_VAGA,0
2026-09-16T00:28:16,CIRURGIA CABEÇA E PESCOÇO,VAGA_ENCONTRADA,
2026-09-16T00:28:26,CIRURGIA DA MÃO,VAGA_ENCONTRADA,
2026-09-16T00:28:33,CIRURGIA PLÁSTICA,SEM_VAGA,0
2026-09-16T00:28:37,CIRURGIA VASCULAR,SEM_VAGA,0
2026-09-16T00:28:40,CLÍNICA MÉDICA,SEM_VAGA,0
2026-09-16T00:28:50,DERMATOLOGIA,SEM_VAGA,0
2026-09-16T00:28:53,DERMATOLOGIA - TRIAGEM,SEM_VAGA,0
2026-09-16T00:28:57,DERMATOLOGIA - TRICOLOGIA,SEM_VAGA,0
2026-09-16T00:29:07,FISIOTERAPIA COLUNA CERVICAL,SEM_VAGA,0
2026-09-16T00:29:10,FISIOTERAPIA COLUNA LOMBAR,SEM_VAGA,0
2026-09-16T00:29:13,FISIOTERAPIA MEMBROS INFERIORES,SEM_VAGA,0
2026-09-16T00:29:16,FISIOTERAPIA MEMBROS INFERIORES,SEM_VAGA,0
2026-09-16T00:29:20,GASTROCIRURGIA,SEM_VAGA,0
2026-09-16T00:29:23,GASTROCLÍNICA,SEM_VAGA,0
2026-09-16T00:29:33,GINECOLOGIA-OBSTETRÍCIA,SEM_VAGA,0
2026-09-16T00:29:40,GINECOLOGIA-OBSTETRÍCIA - PRE NATAL (GESTANTE),VAGA_ENCONTRADA,
2026-09-16T00:29:49,INFECTOLOGIA,VAGA_ENCONTRADA,
2026-09-16T00:29:56,NEFROLOGIA,SEM_VAGA,0
2026-09-16T00:29:59,NEUROLOGIA,SEM_VAGA,0
2026-09-16T00:30:04,NUTRIÇÃO - DIETÉTICA,SEM_VAGA,0
2026-09-16T00:30:07,ODONTOLOGIA - ACUPUNTURA,SEM_VAGA,0
2026-09-16T00:30:11,ODONTOLOGIA - ATM,SEM_VAGA,0
2026-09-16T00:30:14,ODONTOLOGIA - DENTÍSTICA,SEM_VAGA,0
2026-09-16T00:30:18,ODONTOLOGIA - ENDODONTIA,SEM_VAGA,0
2026-09-16T00:30:25,ODONTOLOGIA - PERIODONTIA,VAGA_ENCONTRADA,
2026-09-16T00:30:30,OFTALMOLOGIA,SEM_VAGA,0
2026-09-16T00:30:34,OFTALMOLOGIA - FUNDO DE OLHO,SEM_VAGA,0
2026-09-16T00:30:37,OFTALMOLOGIA - GLAUCOMA,SEM_VAGA,0
2026-09-16T00:30:40,ORTOPEDIA,SEM_VAGA,0
2026-09-16T00:30:43,OTORRINOLARINGOLOGIA,SEM_VAGA,0
2026-09-16T00:30:50,PNEUMOLOGIA,VAGA_ENCONTRADA,
2026-09-16T00:30:56,PROCTOLOGIA,SEM_VAGA,0
2026-09-16T00:31:06,REUMATOLOGIA,SEM_VAGA,0
2026-09-16T00:31:09,UROLOGIA,SEM_VAGA,0
2026-09-16T00:36:18,ACUPUNTURA,SEM_VAGA,0
2026-09-16T00:36:21,ALERGIA E IMUNOLOGIA - TELECONSULTA,SEM_VAGA,0
2026-09-16T00:36:35,CIRURGIA CABEÇA E PESCOÇO,VAGA_ENCONTRADA,
2026-09-16T00:36:44,CIRURGIA DA MÃO,VAGA_ENCONTRADA,
2026-09-16T00:36:50,CIRURGIA PLÁSTICA,SEM_VAGA,0
2026-09-16T00:36:54,CIRURGIA VASCULAR,SEM_VAGA,0
2026-09-16T00:36:57,CLÍNICA MÉDICA,SEM_VAGA,0
2026-09-16T00:37:07,DERMATOLOGIA,SEM_VAGA,0
2026-09-16T00:37:10,DERMATOLOGIA - TRIAGEM,SEM_VAGA,0
2026-09-16T00:37:13,DERMATOLOGIA - TRICOLOGIA,SEM_VAGA,0
2026-09-16T00:37:23,FISIOTERAPIA COLUNA CERVICAL,SEM_VAGA,0
2026-09-16T00:37:26,FISIOTERAPIA COLUNA LOMBAR,SEM_VAGA,0
2026-09-16T00:37:29,FISIOTERAPIA MEMBROS INFERIORES,SEM_VAGA,0
2026-09-16T00:37:32,FISIOTERAPIA MEMBROS INFERIORES,SEM_VAGA,0
2026-09-16T00:37:36,GASTROCIRURGIA,SEM_VAGA,0
2026-09-16T00:37:39,GASTROCLÍNICA,SEM_VAGA,0
2026-09-16T00:37:49,GINECOLOGIA-OBSTETRÍCIA,SEM_VAGA,0
2026-09-16T00:37:56,GINECOLOGIA-OBSTETRÍCIA - PRE NATAL (GESTANTE),VAGA_ENCONTRADA,
2026-09-16T00:38:05,INFECTOLOGIA,VAGA_ENCONTRADA,
2026-09-16T00:38:11,NEFROLOGIA,SEM_VAGA,0
2026-09-16T00:38:14,NEUROLOGIA,SEM_VAGA,0
2026-09-16T00:38:17,NUTRIÇÃO - DIETÉTICA,SEM_VAGA,0
2026-09-16T00:38:21,ODONTOLOGIA - ACUPUNTURA,SEM_VAGA,0
2026-09-16T00:38:24,ODONTOLOGIA - ATM,SEM_VAGA,0
2026-09-16T00:38:27,ODONTOLOGIA - DENTÍSTICA,SEM_VAGA,0
2026-09-16T00:38:30,ODONTOLOGIA - ENDODONTIA,SEM_VAGA,0
2026-09-16T00:38:37,ODONTOLOGIA - PERIODONTIA,VAGA_ENCONTRADA,
2026-09-16T00:38:43,OFTALMOLOGIA,SEM_VAGA,0
2026-09-16T00:38:46,OFTALMOLOGIA - FUNDO DE OLHO,SEM_VAGA,0
2026-09-16T00:38:50,OFTALMOLOGIA - GLAUCOMA,SEM_VAGA,0
2026-09-16T00:38:53,ORTOPEDIA,SEM_VAGA,0
2026-09-16T00:38:56,OTORRINOLARINGOLOGIA,SEM_VAGA,0
2026-09-16T00:39:03,PNEUMOLOGIA,VAGA_ENCONTRADA,
2026-09-16T00:39:09,PROCTOLOGIA,SEM_VAGA,0
2026-09-16T00:39:19,REUMATOLOGIA,SEM_VAGA,0
2026-09-16T00:39:22,UROLOGIA,SEM_VAGA,0
2026-09-16T00:44:30,ACUPUNTURA,SEM_VAGA,0
2026-09-16T00:44:34,ALERGIA E IMUNOLOGIA - TELECONSULTA,SEM_VAGA,0
2026-09-16T00:44:47,CIRURGIA CABEÇA E PESCOÇO,VAGA_ENCONTRADA,
2026-09-16T00:44:57,CIRURGIA DA MÃO,VAGA_ENCONTRADA,
2026-09-16T00:45:03,CIRURGIA PLÁSTICA,SEM_VAGA,0
2026-09-16T00:45:06,CIRURGIA VASCULAR,SEM_VAGA,0
2026-09-16T00:45:09,CLÍNICA MÉDICA,SEM_VAGA,0
2026-09-16T00:45:23,DERMATOLOGIA,VAGA_ENCONTRADA,
2026-09-16T00:45:29,DERMATOLOGIA - TRIAGEM,SEM_VAGA,0
2026-09-16T00:45:32,DERMATOLOGIA - TRICOLOGIA,SEM_VAGA,0
2026-09-16T00:45:42,FISIOTERAPIA COLUNA CERVICAL,SEM_VAGA,0
2026-09-16T00:45:44,FISIOTERAPIA COLUNA LOMBAR,SEM_VAGA,0
2026-09-16T00:45:48,FISIOTERAPIA MEMBROS INFERIORES,SEM_VAGA,0
2026-09-16T00:45:51,FISIOTERAPIA MEMBROS INFERIORES,SEM_VAGA,0
2026-09-16T00:45:54,GASTROCIRURGIA,SEM_VAGA,0
2026-09-16T00:45:57,GASTROCLÍNICA,SEM_VAGA,0
2026-09-16T00:46:07,GINECOLOGIA-OBSTETRÍCIA,SEM_VAGA,0
2026-09-16T00:46:14,GINECOLOGIA-OBSTETRÍCIA - PRE NATAL (GESTANTE),VAGA_ENCONTRADA,
2026-09-16T00:46:24,INFECTOLOGIA,VAGA_ENCONTRADA,
2026-09-16T00:46:29,NEFROLOGIA,SEM_VAGA,0
2026-09-16T00:46:33,NEUROLOGIA,SEM_VAGA,0
2026-09-16T00:46:36,NUTRIÇÃO - DIETÉTICA,SEM_VAGA,0
2026-09-16T00:46:39,ODONTOLOGIA - ACUPUNTURA,SEM_VAGA,0
2026-09-16T00:46:42,ODONTOLOGIA - ATM,SEM_VAGA,0
2026-09-16T00:46:45,ODONTOLOGIA - DENTÍSTICA,SEM_VAGA,0
2026-09-16T00:46:49,ODONTOLOGIA - ENDODONTIA,SEM_VAGA,0
2026-09-16T00:46:56,ODONTOLOGIA - PERIODONTIA,VAGA_ENCONTRADA,
2026-09-16T00:47:01,OFTALMOLOGIA,SEM_VAGA,0
2026-09-16T00:47:04,OFTALMOLOGIA - FUNDO DE OLHO,SEM_VAGA,0
2026-09-16T00:47:07,OFTALMOLOGIA - GLAUCOMA,SEM_VAGA,0
2026-09-16T00:47:11,ORTOPEDIA,SEM_VAGA,0
2026-09-16T00:47:14,OTORRINOLARINGOLOGIA,SEM_VAGA,0
2026-09-16T00:47:21,PNEUMOLOGIA,VAGA_ENCONTRADA,
2026-09-16T00:47:26,PROCTOLOGIA,SEM_VAGA,0
2026-09-16T00:47:37,REUMATOLOGIA,SEM_VAGA,0
2026-09-16T00:47:42,UROLOGIA,SEM_VAGA,0
2026-09-16T00:52:50,ACUPUNTURA,SEM_VAGA,0
2026-09-16T00:52:53,ALERGIA E IMUNOLOGIA - TELECONSULTA,SEM_VAGA,0
2026-09-16T00:53:07,CIRURGIA CABEÇA E PESCOÇO,VAGA_ENCONTRADA,
2026-09-16T00:53:17,CIRURGIA DA MÃO,VAGA_ENCONTRADA,
2026-09-16T00:53:22,CIRURGIA PLÁSTICA,SEM_VAGA,0
2026-09-16T00:53:26,CIRURGIA VASCULAR,SEM_VAGA,0
2026-09-16T00:53:29,CLÍNICA MÉDICA,SEM_VAGA,0
2026-09-16T00:53:39,DERMATOLOGIA,SEM_VAGA,0
2026-09-16T00:53:42,DERMATOLOGIA - TRIAGEM,SEM_VAGA,0
2026-09-16T00:53:45,DERMATOLOGIA - TRICOLOGIA,SEM_VAGA,0
2026-09-16T00:53:55,FISIOTERAPIA COLUNA CERVICAL,SEM_VAGA,0
2026-09-16T00:53:59,FISIOTERAPIA COLUNA LOMBAR,SEM_VAGA,0
2026-09-16T00:54:02,FISIOTERAPIA MEMBROS INFERIORES,SEM_VAGA,0
2026-09-16T00:54:06,FISIOTERAPIA MEMBROS INFERIORES,SEM_VAGA,0
2026-09-16T00:54:09,GASTROCIRURGIA,SEM_VAGA,0
2026-09-16T00:54:12,GASTROCLÍNICA,SEM_VAGA,0
2026-09-16T00:54:22,GINECOLOGIA-OBSTETRÍCIA,SEM_VAGA,0
2026-09-16T00:54:29,GINECOLOGIA-OBSTETRÍCIA - PRE NATAL (GESTANTE),VAGA_ENCONTRADA,
2026-09-16T00:54:38,INFECTOLOGIA,VAGA_ENCONTRADA,
2026-09-16T00:54:44,NEFROLOGIA,SEM_VAGA,0
2026-09-16T00:54:47,NEUROLOGIA,SEM_VAGA,0
2026-09-16T00:54:50,NUTRIÇÃO - DIETÉTICA,SEM_VAGA,0
2026-09-16T00:54:54,ODONTOLOGIA - ACUPUNTURA,SEM_VAGA,0
2026-09-16T00:54:57,ODONTOLOGIA - ATM,SEM_VAGA,0
2026-09-16T00:55:00,ODONTOLOGIA - DENTÍSTICA,SEM_VAGA,0
2026-09-16T00:55:03,ODONTOLOGIA - ENDODONTIA,SEM_VAGA,0
2026-09-16T00:55:10,ODONTOLOGIA - PERIODONTIA,VAGA_ENCONTRADA,
2026-09-16T00:55:16,OFTALMOLOGIA,SEM_VAGA,0
2026-09-16T00:55:20,OFTALMOLOGIA - FUNDO DE OLHO,SEM_VAGA,0
2026-09-16T00:55:25,OFTALMOLOGIA - GLAUCOMA,SEM_VAGA,0
2026-09-16T00:55:28,ORTOPEDIA,SEM_VAGA,0
2026-09-16T00:55:32,OTORRINOLARINGOLOGIA,SEM_VAGA,0
2026-09-16T00:55:39,PNEUMOLOGIA,VAGA_ENCONTRADA,
2026-09-16T00:55:44,PROCTOLOGIA,SEM_VAGA,0
2026-09-16T00:55:54,REUMATOLOGIA,SEM_VAGA,0
2026-09-16T00:55:57,UROLOGIA,SEM_VAGA,0
2026-09-16T01:01:06,ACUPUNTURA,SEM_VAGA,0
2026-09-16T01:01:09,ALERGIA E IMUNOLOGIA - TELECONSULTA,SEM_VAGA,0
2026-09-16T01:01:23,CIRURGIA CABEÇA E PESCOÇO,VAGA_ENCONTRADA,
2026-09-16T01:01:32,CIRURGIA DA MÃO,VAGA_ENCONTRADA,
2026-09-16T01:01:38,CIRURGIA PLÁSTICA,SEM_VAGA,0
2026-09-16T01:01:41,CIRURGIA VASCULAR,SEM_VAGA,0
2026-09-16T01:01:44,CLÍNICA MÉDICA,SEM_VAGA,0
2026-09-16T01:01:54,DERMATOLOGIA,SEM_VAGA,0
2026-09-16T01:01:58,DERMATOLOGIA - TRIAGEM,SEM_VAGA,0
2026-09-16T01:02:01,DERMATOLOGIA - TRICOLOGIA,SEM_VAGA,0
2026-09-16T01:02:11,FISIOTERAPIA COLUNA CERVICAL,SEM_VAGA,0
2026-09-16T01:02:14,FISIOTERAPIA COLUNA LOMBAR,SEM_VAGA,0
2026-09-16T01:02:17,FISIOTERAPIA MEMBROS INFERIORES,SEM_VAGA,0
2026-09-16T01:02:20,FISIOTERAPIA MEMBROS INFERIORES,SEM_VAGA,0
2026-09-16T01:02:23,GASTROCIRURGIA,SEM_VAGA,0
2026-09-16T01:02:27,GASTROCLÍNICA,SEM_VAGA,0
2026-09-16T01:02:36,GINECOLOGIA-OBSTETRÍCIA,SEM_VAGA,0
2026-09-16T01:02:43,GINECOLOGIA-OBSTETRÍCIA - PRE NATAL (GESTANTE),VAGA_ENCONTRADA,
2026-09-16T01:02:55,INFECTOLOGIA,VAGA_ENCONTRADA,
2026-09-16T01:03:02,NEFROLOGIA,SEM_VAGA,0
2026-09-16T01:03:05,NEUROLOGIA,SEM_VAGA,0
2026-09-16T01:03:09,NUTRIÇÃO - DIETÉTICA,SEM_VAGA,0
2026-09-16T01:03:12,ODONTOLOGIA - ACUPUNTURA,SEM_VAGA,0
2026-09-16T01:03:15,ODONTOLOGIA - ATM,SEM_VAGA,0
2026-09-16T01:03:18,ODONTOLOGIA - DENTÍSTICA,SEM_VAGA,0
2026-09-16T01:03:21,ODONTOLOGIA - ENDODONTIA,SEM_VAGA,0
2026-09-16T01:03:28,ODONTOLOGIA - PERIODONTIA,VAGA_ENCONTRADA,
2026-09-16T01:03:34,OFTALMOLOGIA,SEM_VAGA,0
2026-09-16T01:03:38,OFTALMOLOGIA - FUNDO DE OLHO,SEM_VAGA,0
2026-09-16T01:03:41,OFTALMOLOGIA - GLAUCOMA,SEM_VAGA,0
2026-09-16T01:03:44,ORTOPEDIA,SEM_VAGA,0
2026-09-16T01:03:47,OTORRINOLARINGOLOGIA,SEM_VAGA,0
2026-09-16T01:03:54,PNEUMOLOGIA,VAGA_ENCONTRADA,
2026-09-16T01:04:00,PROCTOLOGIA,SEM_VAGA,0
2026-09-16T01:04:10,REUMATOLOGIA,SEM_VAGA,0
2026-09-16T01:04:13,UROLOGIA,SEM_VAGA,0
2026-09-16T01:09:21,ACUPUNTURA,SEM_VAGA,0
2026-09-16T01:09:25,ALERGIA E IMUNOLOGIA - TELECONSULTA,SEM_VAGA,0
2026-09-16T01:09:38,CIRURGIA CABEÇA E PESCOÇO,VAGA_ENCONTRADA,
2026-09-16T01:09:48,CIRURGIA DA MÃO,VAGA_ENCONTRADA,
2026-09-16T01:09:54,CIRURGIA PLÁSTICA,SEM_VAGA,0
2026-09-16T01:09:58,CIRURGIA VASCULAR,SEM_VAGA,0
2026-09-16T01:10:01,CLÍNICA MÉDICA,SEM_VAGA,0
2026-09-16T01:10:11,DERMATOLOGIA,SEM_VAGA,0
2026-09-16T01:10:14,DERMATOLOGIA - TRIAGEM,SEM_VAGA,0
2026-09-16T01:10:17,DERMATOLOGIA - TRICOLOGIA,SEM_VAGA,0
2026-09-16T01:10:27,FISIOTERAPIA COLUNA CERVICAL,SEM_VAGA,0
2026-09-16T01:10:30,FISIOTERAPIA COLUNA LOMBAR,SEM_VAGA,0
2026-09-16T01:10:33,FISIOTERAPIA MEMBROS INFERIORES,SEM_VAGA,0
2026-09-16T01:10:37,FISIOTERAPIA MEMBROS INFERIORES,SEM_VAGA,0
2026-09-16T01:10:40,GASTROCIRURGIA,SEM_VAGA,0
2026-09-16T01:10:43,GASTROCLÍNICA,SEM_VAGA,0
2026-09-16T01:10:52,GINECOLOGIA-OBSTETRÍCIA,SEM_VAGA,0
2026-09-16T01:10:59,GINECOLOGIA-OBSTETRÍCIA - PRE NATAL (GESTANTE),VAGA_ENCONTRADA,
2026-09-16T01:11:09,INFECTOLOGIA,VAGA_ENCONTRADA,
2026-09-16T01:11:15,NEFROLOGIA,SEM_VAGA,0
2026-09-16T01:11:18,NEUROLOGIA,SEM_VAGA,0
2026-09-16T01:11:21,NUTRIÇÃO - DIETÉTICA,SEM_VAGA,0
2026-09-16T01:11:25,ODONTOLOGIA - ACUPUNTURA,SEM_VAGA,0
2026-09-16T01:11:28,ODONTOLOGIA - ATM,SEM_VAGA,0
2026-09-16T01:11:31,ODONTOLOGIA - DENTÍSTICA,SEM_VAGA,0
2026-09-16T01:11:34,ODONTOLOGIA - ENDODONTIA,SEM_VAGA,0
2026-09-16T01:11:42,ODONTOLOGIA - PERIODONTIA,VAGA_ENCONTRADA,
2026-09-16T01:11:49,OFTALMOLOGIA,SEM_VAGA,0
2026-09-16T01:11:53,OFTALMOLOGIA - FUNDO DE OLHO,SEM_VAGA,0
2026-09-16T01:11:57,OFTALMOLOGIA - GLAUCOMA,SEM_VAGA,0
2026-09-16T01:12:01,ORTOPEDIA,SEM_VAGA,0
2026-09-16T01:12:04,OTORRINOLARINGOLOGIA,SEM_VAGA,0
2026-09-16T01:12:11,PNEUMOLOGIA,VAGA_ENCONTRADA,
2026-09-16T01:12:17,PROCTOLOGIA,SEM_VAGA,0
2026-09-16T01:12:27,REUMATOLOGIA,SEM_VAGA,0
2026-09-16T01:12:30,UROLOGIA,SEM_VAGA,0
2026-09-16T01:17:38,ACUPUNTURA,SEM_VAGA,0
2026-09-16T01:17:42,ALERGIA E IMUNOLOGIA - TELECONSULTA,SEM_VAGA,0
2026-09-16T01:17:55,CIRURGIA CABEÇA E PESCOÇO,VAGA_ENCONTRADA,
2026-09-16T01:18:05,CIRURGIA DA MÃO,VAGA_ENCONTRADA,
2026-09-16T01:18:11,CIRURGIA PLÁSTICA,SEM_VAGA,0
2026-09-16T01:18:14,CIRURGIA VASCULAR,SEM_VAGA,0
2026-09-16T01:18:17,CLÍNICA MÉDICA,SEM_VAGA,0
2026-09-16T01:18:27,DERMATOLOGIA,SEM_VAGA,0
2026-09-16T01:18:30,DERMATOLOGIA - TRIAGEM,SEM_VAGA,0
2026-09-16T01:18:33,DERMATOLOGIA - TRICOLOGIA,SEM_VAGA,0
2026-09-16T01:18:43,FISIOTERAPIA COLUNA CERVICAL,SEM_VAGA,0
2026-09-16T01:18:46,FISIOTERAPIA COLUNA LOMBAR,SEM_VAGA,0
2026-09-16T01:18:50,FISIOTERAPIA MEMBROS INFERIORES,SEM_VAGA,0
2026-09-16T01:18:53,FISIOTERAPIA MEMBROS INFERIORES,SEM_VAGA,0
2026-09-16T01:18:56,GASTROCIRURGIA,SEM_VAGA,0
2026-09-16T01:18:59,GASTROCLÍNICA,SEM_VAGA,0
2026-09-16T01:19:09,GINECOLOGIA-OBSTETRÍCIA,SEM_VAGA,0
2026-09-16T01:19:16,GINECOLOGIA-OBSTETRÍCIA - PRE NATAL (GESTANTE),VAGA_ENCONTRADA,
2026-09-16T01:19:25,INFECTOLOGIA,VAGA_ENCONTRADA,
2026-09-16T01:19:31,NEFROLOGIA,SEM_VAGA,0
2026-09-16T01:19:35,NEUROLOGIA,SEM_VAGA,0
2026-09-16T01:19:39,NUTRIÇÃO - DIETÉTICA,SEM_VAGA,0
2026-09-16T01:19:42,ODONTOLOGIA - ACUPUNTURA,SEM_VAGA,0
2026-09-16T01:19:45,ODONTOLOGIA - ATM,SEM_VAGA,0
2026-09-16T01:19:48,ODONTOLOGIA - DENTÍSTICA,SEM_VAGA,0
2026-09-16T01:19:52,ODONTOLOGIA - ENDODONTIA,SEM_VAGA,0
2026-09-16T01:19:59,ODONTOLOGIA - PERIODONTIA,VAGA_ENCONTRADA,
2026-09-16T01:20:05,OFTALMOLOGIA,SEM_VAGA,0
2026-09-16T01:20:08,OFTALMOLOGIA - FUNDO DE OLHO,SEM_VAGA,0
2026-09-16T01:20:11,OFTALMOLOGIA - GLAUCOMA,SEM_VAGA,0
2026-09-16T01:20:14,ORTOPEDIA,SEM_VAGA,0
2026-09-16T01:20:17,OTORRINOLARINGOLOGIA,SEM_VAGA,0
2026-09-16T01:20:24,PNEUMOLOGIA,VAGA_ENCONTRADA,
2026-09-16T01:20:30,PROCTOLOGIA,SEM_VAGA,0
2026-09-16T01:20:40,REUMATOLOGIA,SEM_VAGA,0
2026-09-16T01:20:43,UROLOGIA,SEM_VAGA,0
2026-09-16T01:25:52,ACUPUNTURA,SEM_VAGA,0
2026-09-16T01:25:55,ALERGIA E IMUNOLOGIA - TELECONSULTA,SEM_VAGA,0
2026-09-16T01:26:08,CIRURGIA CABEÇA E PESCOÇO,VAGA_ENCONTRADA,
2026-09-16T01:26:18,CIRURGIA DA MÃO,VAGA_ENCONTRADA,
2026-09-16T01:26:24,CIRURGIA PLÁSTICA,SEM_VAGA,0
2026-09-16T01:26:27,CIRURGIA VASCULAR,SEM_VAGA,0
2026-09-16T01:26:30,CLÍNICA MÉDICA,SEM_VAGA,0
2026-09-16T01:26:41,DERMATOLOGIA,SEM_VAGA,0
2026-09-16T01:26:45,DERMATOLOGIA - TRIAGEM,SEM_VAGA,0
2026-09-16T01:26:48,DERMATOLOGIA - TRICOLOGIA,SEM_VAGA,0
2026-09-16T01:26:58,FISIOTERAPIA COLUNA CERVICAL,SEM_VAGA,0
2026-09-16T01:27:01,FISIOTERAPIA COLUNA LOMBAR,SEM_VAGA,0
2026-09-16T01:27:04,FISIOTERAPIA MEMBROS INFERIORES,SEM_VAGA,0
2026-09-16T01:27:07,FISIOTERAPIA MEMBROS INFERIORES,SEM_VAGA,0
2026-09-16T01:27:11,GASTROCIRURGIA,SEM_VAGA,0
2026-09-16T01:27:14,GASTROCLÍNICA,SEM_VAGA,0
2026-09-16T01:27:24,GINECOLOGIA-OBSTETRÍCIA,SEM_VAGA,0
2026-09-16T01:27:31,GINECOLOGIA-OBSTETRÍCIA - PRE NATAL (GESTANTE),VAGA_ENCONTRADA,
2026-09-16T01:27:41,INFECTOLOGIA,VAGA_ENCONTRADA,
2026-09-16T01:27:46,NEFROLOGIA,SEM_VAGA,0
2026-09-16T01:27:49,NEUROLOGIA,SEM_VAGA,0
2026-09-16T01:27:53,NUTRIÇÃO - DIETÉTICA,SEM_VAGA,0
2026-09-16T01:27:56,ODONTOLOGIA - ACUPUNTURA,SEM_VAGA,0
2026-09-16T01:27:59,ODONTOLOGIA - ATM,SEM_VAGA,0
2026-09-16T01:28:02,ODONTOLOGIA - DENTÍSTICA,SEM_VAGA,0
2026-09-16T01:28:06,ODONTOLOGIA - ENDODONTIA,SEM_VAGA,0
2026-09-16T01:28:12,ODONTOLOGIA - PERIODONTIA,VAGA_ENCONTRADA,
2026-09-16T01:28:18,OFTALMOLOGIA,SEM_VAGA,0
2026-09-16T01:28:21,OFTALMOLOGIA - FUNDO DE OLHO,SEM_VAGA,0
2026-09-16T01:28:25,OFTALMOLOGIA - GLAUCOMA,SEM_VAGA,0
2026-09-16T01:28:28,ORTOPEDIA,SEM_VAGA,0
2026-09-16T01:28:31,OTORRINOLARINGOLOGIA,SEM_VAGA,0
2026-09-16T01:28:38,PNEUMOLOGIA,VAGA_ENCONTRADA,
2026-09-16T01:28:44,PROCTOLOGIA,SEM_VAGA,0
2026-09-16T01:28:54,REUMATOLOGIA,SEM_VAGA,0
2026-09-16T01:28:57,UROLOGIA,SEM_VAGA,0
2026-09-16T01:34:05,ACUPUNTURA,SEM_VAGA,0
2026-09-16T01:34:08,ALERGIA E IMUNOLOGIA - TELECONSULTA,SEM_VAGA,0
2026-09-16T01:34:22,CIRURGIA CABEÇA E PESCOÇO,VAGA_ENCONTRADA,
2026-09-16T01:34:31,CIRURGIA DA MÃO,VAGA_ENCONTRADA,
2026-09-16T01:34:37,CIRURGIA PLÁSTICA,SEM_VAGA,0
2026-09-16T01:34:40,CIRURGIA VASCULAR,SEM_VAGA,0
2026-09-16T01:34:44,CLÍNICA MÉDICA,SEM_VAGA,0
2026-09-16T01:34:54,DERMATOLOGIA,SEM_VAGA,0
2026-09-16T01:34:57,DERMATOLOGIA - TRIAGEM,SEM_VAGA,0
2026-09-16T01:35:00,DERMATOLOGIA - TRICOLOGIA,SEM_VAGA,0
2026-09-16T01:35:10,FISIOTERAPIA COLUNA CERVICAL,SEM_VAGA,0
2026-09-16T01:35:13,FISIOTERAPIA COLUNA LOMBAR,SEM_VAGA,0
2026-09-16T01:35:16,FISIOTERAPIA MEMBROS INFERIORES,SEM_VAGA,0
2026-09-16T01:35:20,FISIOTERAPIA MEMBROS INFERIORES,SEM_VAGA,0
2026-09-16T01:35:23,GASTROCIRURGIA,SEM_VAGA,0
2026-09-16T01:35:26,GASTROCLÍNICA,SEM_VAGA,0
2026-09-16T01:35:36,GINECOLOGIA-OBSTETRÍCIA,SEM_VAGA,0
2026-09-16T01:35:43,GINECOLOGIA-OBSTETRÍCIA - PRE NATAL (GESTANTE),VAGA_ENCONTRADA,
2026-09-16T01:35:53,INFECTOLOGIA,VAGA_ENCONTRADA,
2026-09-16T01:35:58,NEFROLOGIA,SEM_VAGA,0
2026-09-16T01:36:02,NEUROLOGIA,SEM_VAGA,0
2026-09-16T01:36:05,NUTRIÇÃO - DIETÉTICA,SEM_VAGA,0
2026-09-16T01:36:08,ODONTOLOGIA - ACUPUNTURA,SEM_VAGA,0
2026-09-16T01:36:11,ODONTOLOGIA - ATM,SEM_VAGA,0
2026-09-16T01:36:15,ODONTOLOGIA - DENTÍSTICA,SEM_VAGA,0
2026-09-16T01:36:18,ODONTOLOGIA - ENDODONTIA,SEM_VAGA,0
2026-09-16T01:36:25,ODONTOLOGIA - PERIODONTIA,VAGA_ENCONTRADA,
2026-09-16T01:36:31,OFTALMOLOGIA,SEM_VAGA,0
2026-09-16T01:36:34,OFTALMOLOGIA - FUNDO DE OLHO,SEM_VAGA,0
2026-09-16T01:36:37,OFTALMOLOGIA - GLAUCOMA,SEM_VAGA,0
2026-09-16T01:36:40,ORTOPEDIA,SEM_VAGA,0
2026-09-16T01:36:44,OTORRINOLARINGOLOGIA,SEM_VAGA,0
2026-09-16T01:36:51,PNEUMOLOGIA,VAGA_ENCONTRADA,
2026-09-16T01:36:57,PROCTOLOGIA,SEM_VAGA,0
2026-09-16T01:37:06,REUMATOLOGIA,SEM_VAGA,0
2026-09-16T01:37:10,UROLOGIA,SEM_VAGA,0
2026-09-16T01:42:18,ACUPUNTURA,SEM_VAGA,0
2026-09-16T01:42:21,ALERGIA E IMUNOLOGIA - TELECONSULTA,SEM_VAGA,0
2026-09-16T01:42:35,CIRURGIA CABEÇA E PESCOÇO,VAGA_ENCONTRADA,
2026-09-16T01:42:44,CIRURGIA DA MÃO,VAGA_ENCONTRADA,
2026-09-16T01:42:50,CIRURGIA PLÁSTICA,SEM_VAGA,0
2026-09-16T01:42:53,CIRURGIA VASCULAR,SEM_VAGA,0
2026-09-16T01:42:56,CLÍNICA MÉDICA,SEM_VAGA,0
2026-09-16T01:43:06,DERMATOLOGIA,SEM_VAGA,0
2026-09-16T01:43:09,DERMATOLOGIA - TRIAGEM,SEM_VAGA,0
2026-09-16T01:43:13,DERMATOLOGIA - TRICOLOGIA,SEM_VAGA,0
2026-09-16T01:43:23,FISIOTERAPIA COLUNA CERVICAL,SEM_VAGA,0
2026-09-16T01:43:26,FISIOTERAPIA COLUNA LOMBAR,SEM_VAGA,0
2026-09-16T01:43:29,FISIOTERAPIA MEMBROS INFERIORES,SEM_VAGA,0
2026-09-16T01:43:32,FISIOTERAPIA MEMBROS INFERIORES,SEM_VAGA,0
2026-09-16T01:43:35,GASTROCIRURGIA,SEM_VAGA,0
2026-09-16T01:43:39,GASTROCLÍNICA,SEM_VAGA,0
2026-09-16T01:43:48,GINECOLOGIA-OBSTETRÍCIA,SEM_VAGA,0
2026-09-16T01:43:55,GINECOLOGIA-OBSTETRÍCIA - PRE NATAL (GESTANTE),VAGA_ENCONTRADA,
2026-09-16T01:44:05,INFECTOLOGIA,VAGA_ENCONTRADA,
2026-09-16T01:44:11,NEFROLOGIA,SEM_VAGA,0
2026-09-16T01:44:14,NEUROLOGIA,SEM_VAGA,0
2026-09-16T01:44:17,NUTRIÇÃO - DIETÉTICA,SEM_VAGA,0
2026-09-16T01:44:20,ODONTOLOGIA - ACUPUNTURA,SEM_VAGA,0
2026-09-16T01:44:23,ODONTOLOGIA - ATM,SEM_VAGA,0
2026-09-16T01:44:26,ODONTOLOGIA - DENTÍSTICA,SEM_VAGA,0
2026-09-16T01:44:29,ODONTOLOGIA - ENDODONTIA,SEM_VAGA,0
2026-09-16T01:44:36,ODONTOLOGIA - PERIODONTIA,VAGA_ENCONTRADA,
2026-09-16T01:44:42,OFTALMOLOGIA,SEM_VAGA,0
2026-09-16T01:44:45,OFTALMOLOGIA - FUNDO DE OLHO,SEM_VAGA,0
2026-09-16T01:44:49,OFTALMOLOGIA - GLAUCOMA,SEM_VAGA,0
2026-09-16T01:44:52,ORTOPEDIA,SEM_VAGA,0
2026-09-16T01:44:55,OTORRINOLARINGOLOGIA,SEM_VAGA,0
2026-09-16T01:45:02,PNEUMOLOGIA,VAGA_ENCONTRADA,
2026-09-16T01:45:08,PROCTOLOGIA,SEM_VAGA,0
2026-09-16T01:45:17,REUMATOLOGIA,SEM_VAGA,0
2026-09-16T01:45:20,UROLOGIA,SEM_VAGA,0
2026-09-16T01:50:29,ACUPUNTURA,SEM_VAGA,0
2026-09-16T01:50:32,ALERGIA E IMUNOLOGIA - TELECONSULTA,SEM_VAGA,0
2026-09-16T01:50:46,CIRURGIA CABEÇA E PESCOÇO,VAGA_ENCONTRADA,
2026-09-16T01:50:55,CIRURGIA DA MÃO,VAGA_ENCONTRADA,
2026-09-16T01:51:02,CIRURGIA PLÁSTICA,SEM_VAGA,0
2026-09-16T01:51:06,CIRURGIA VASCULAR,SEM_VAGA,0
2026-09-16T01:51:09,CLÍNICA MÉDICA,SEM_VAGA,0
2026-09-16T01:51:20,DERMATOLOGIA,SEM_VAGA,0
2026-09-16T01:51:23,DERMATOLOGIA - TRIAGEM,SEM_VAGA,0
2026-09-16T01:51:26,DERMATOLOGIA - TRICOLOGIA,SEM_VAGA,0
2026-09-16T01:51:36,FISIOTERAPIA COLUNA CERVICAL,SEM_VAGA,0
2026-09-16T01:51:40,FISIOTERAPIA COLUNA LOMBAR,SEM_VAGA,0
2026-09-16T01:51:43,FISIOTERAPIA MEMBROS INFERIORES,SEM_VAGA,0
2026-09-16T01:51:46,FISIOTERAPIA MEMBROS INFERIORES,SEM_VAGA,0
2026-09-16T01:51:49,GASTROCIRURGIA,SEM_VAGA,0
2026-09-16T01:51:53,GASTROCLÍNICA,SEM_VAGA,0
2026-09-16T01:52:03,GINECOLOGIA-OBSTETRÍCIA,SEM_VAGA,0
2026-09-16T01:52:10,GINECOLOGIA-OBSTETRÍCIA - PRE NATAL (GESTANTE),VAGA_ENCONTRADA,
2026-09-16T01:52:20,INFECTOLOGIA,VAGA_ENCONTRADA,
2026-09-16T01:52:26,NEFROLOGIA,SEM_VAGA,0
2026-09-16T01:52:29,NEUROLOGIA,SEM_VAGA,0
2026-09-16T01:52:32,NUTRIÇÃO - DIETÉTICA,SEM_VAGA,0
2026-09-16T01:52:35,ODONTOLOGIA - ACUPUNTURA,SEM_VAGA,0
2026-09-16T01:52:39,ODONTOLOGIA - ATM,SEM_VAGA,0
2026-09-16T01:52:42,ODONTOLOGIA - DENTÍSTICA,SEM_VAGA,0
2026-09-16T01:52:45,ODONTOLOGIA - ENDODONTIA,SEM_VAGA,0
2026-09-16T01:52:52,ODONTOLOGIA - PERIODONTIA,VAGA_ENCONTRADA,
2026-09-16T01:52:58,OFTALMOLOGIA,SEM_VAGA,0
2026-09-16T01:53:01,OFTALMOLOGIA - FUNDO DE OLHO,SEM_VAGA,0
2026-09-16T01:53:05,OFTALMOLOGIA - GLAUCOMA,SEM_VAGA,0
2026-09-16T01:53:09,ORTOPEDIA,SEM_VAGA,0
2026-09-16T01:53:12,OTORRINOLARINGOLOGIA,SEM_VAGA,0
2026-09-16T01:53:19,PNEUMOLOGIA,VAGA_ENCONTRADA,
2026-09-16T01:53:25,PROCTOLOGIA,SEM_VAGA,0
2026-09-16T01:53:35,REUMATOLOGIA,SEM_VAGA,0
2026-09-16T01:53:38,UROLOGIA,SEM_VAGA,0
2026-09-16T01:58:46,ACUPUNTURA,SEM_VAGA,0
2026-09-16T01:58:49,ALERGIA E IMUNOLOGIA - TELECONSULTA,SEM_VAGA,0
2026-09-16T01:59:03,CIRURGIA CABEÇA E PESCOÇO,VAGA_ENCONTRADA,
2026-09-16T01:59:13,CIRURGIA DA MÃO,VAGA_ENCONTRADA,
2026-09-16T01:59:19,CIRURGIA PLÁSTICA,SEM_VAGA,0
2026-09-16T01:59:22,CIRURGIA VASCULAR,SEM_VAGA,0
2026-09-16T01:59:25,CLÍNICA MÉDICA,SEM_VAGA,0
2026-09-16T01:59:35,DERMATOLOGIA,SEM_VAGA,0
2026-09-16T01:59:38,DERMATOLOGIA - TRIAGEM,SEM_VAGA,0
2026-09-16T01:59:41,DERMATOLOGIA - TRICOLOGIA,SEM_VAGA,0
2026-09-16T01:59:51,FISIOTERAPIA COLUNA CERVICAL,SEM_VAGA,0
2026-09-16T01:59:54,FISIOTERAPIA COLUNA LOMBAR,SEM_VAGA,0
2026-09-16T01:59:58,FISIOTERAPIA MEMBROS INFERIORES,SEM_VAGA,0
2026-09-16T02:00:01,FISIOTERAPIA MEMBROS INFERIORES,SEM_VAGA,0
2026-09-16T02:00:05,GASTROCIRURGIA,SEM_VAGA,0
2026-09-16T02:00:08,GASTROCLÍNICA,SEM_VAGA,0
2026-09-16T02:00:18,GINECOLOGIA-OBSTETRÍCIA,SEM_VAGA,0
2026-09-16T02:00:25,GINECOLOGIA-OBSTETRÍCIA - PRE NATAL (GESTANTE),VAGA_ENCONTRADA,
2026-09-16T02:00:34,INFECTOLOGIA,VAGA_ENCONTRADA,
2026-09-16T02:00:40,NEFROLOGIA,SEM_VAGA,0
2026-09-16T02:00:44,NEUROLOGIA,SEM_VAGA,0
2026-09-16T02:00:47,NUTRIÇÃO - DIETÉTICA,SEM_VAGA,0
2026-09-16T02:00:50,ODONTOLOGIA - ACUPUNTURA,SEM_VAGA,0
2026-09-16T02:00:53,ODONTOLOGIA - ATM,SEM_VAGA,0
2026-09-16T02:00:56,ODONTOLOGIA - DENTÍSTICA,SEM_VAGA,0
2026-09-16T02:01:00,ODONTOLOGIA - ENDODONTIA,SEM_VAGA,0
2026-09-16T02:01:06,ODONTOLOGIA - PERIODONTIA,VAGA_ENCONTRADA,
2026-09-16T02:01:12,OFTALMOLOGIA,SEM_VAGA,0
2026-09-16T02:01:15,OFTALMOLOGIA - FUNDO DE OLHO,SEM_VAGA,0
2026-09-16T02:01:19,OFTALMOLOGIA - GLAUCOMA,SEM_VAGA,0
2026-09-16T02:01:22,ORTOPEDIA,SEM_VAGA,0
2026-09-16T02:01:25,OTORRINOLARINGOLOGIA,SEM_VAGA,0
2026-09-16T02:01:32,PNEUMOLOGIA,VAGA_ENCONTRADA,
2026-09-16T02:01:38,PROCTOLOGIA,SEM_VAGA,0
2026-09-16T02:01:47,REUMATOLOGIA,SEM_VAGA,0
2026-09-16T02:01:50,UROLOGIA,SEM_VAGA,0
2026-09-16T02:06:58,ACUPUNTURA,SEM_VAGA,0
2026-09-16T02:07:01,ALERGIA E IMUNOLOGIA - TELECONSULTA,SEM_VAGA,0
2026-09-16T02:07:15,CIRURGIA CABEÇA E PESCOÇO,VAGA_ENCONTRADA,
2026-09-16T02:07:25,CIRURGIA DA MÃO,VAGA_ENCONTRADA,
2026-09-16T02:07:31,CIRURGIA PLÁSTICA,SEM_VAGA,0
2026-09-16T02:07:34,CIRURGIA VASCULAR,SEM_VAGA,0
2026-09-16T02:07:37,CLÍNICA MÉDICA,SEM_VAGA,0
2026-09-16T02:07:47,DERMATOLOGIA,SEM_VAGA,0
2026-09-16T02:07:50,DERMATOLOGIA - TRIAGEM,SEM_VAGA,0
2026-09-16T02:07:53,DERMATOLOGIA - TRICOLOGIA,SEM_VAGA,0
2026-09-16T02:08:03,FISIOTERAPIA COLUNA CERVICAL,SEM_VAGA,0
2026-09-16T02:08:06,FISIOTERAPIA COLUNA LOMBAR,SEM_VAGA,0
2026-09-16T02:08:10,FISIOTERAPIA MEMBROS INFERIORES,SEM_VAGA,0
2026-09-16T02:08:13,FISIOTERAPIA MEMBROS INFERIORES,SEM_VAGA,0
2026-09-16T02:08:16,GASTROCIRURGIA,SEM_VAGA,0
2026-09-16T02:08:19,GASTROCLÍNICA,SEM_VAGA,0
2026-09-16T02:08:29,GINECOLOGIA-OBSTETRÍCIA,SEM_VAGA,0
2026-09-16T02:08:36,GINECOLOGIA-OBSTETRÍCIA - PRE NATAL (GESTANTE),VAGA_ENCONTRADA,
2026-09-17T10:05:44,ACUPUNTURA,SEM_VAGA,0
2026-09-17T10:05:47,ALERGIA E IMUNOLOGIA - TELECONSULTA,SEM_VAGA,0
2026-09-17T10:06:01,CIRURGIA CABEÇA E PESCOÇO,VAGA_ENCONTRADA,
2026-09-17T10:06:10,CIRURGIA DA MÃO,SEM_VAGA,0
2026-09-17T10:06:13,CIRURGIA PLÁSTICA,SEM_VAGA,0
2026-09-17T10:06:16,CIRURGIA VASCULAR,SEM_VAGA,0
2026-09-17T10:06:19,CLÍNICA MÉDICA,SEM_VAGA,0
2026-09-17T10:06:29,DERMATOLOGIA,SEM_VAGA,0
2026-09-17T10:06:33,DERMATOLOGIA - TRIAGEM,SEM_VAGA,0
2026-09-17T10:06:36,DERMATOLOGIA - TRICOLOGIA,SEM_VAGA,0
2026-09-17T10:06:46,FISIOTERAPIA COLUNA CERVICAL,SEM_VAGA,0
2026-09-17T10:06:49,FISIOTERAPIA COLUNA LOMBAR,SEM_VAGA,0
2026-09-17T10:06:52,FISIOTERAPIA MEMBROS INFERIORES,SEM_VAGA,0
2026-09-17T10:06:55,FISIOTERAPIA MEMBROS INFERIORES,SEM_VAGA,0
2026-09-17T10:06:58,GASTROCIRURGIA,SEM_VAGA,0
2026-09-17T10:07:02,GASTROCLÍNICA,SEM_VAGA,0
2026-09-17T10:07:11,GINECOLOGIA-OBSTETRÍCIA,SEM_VAGA,0
2026-09-17T10:07:18,GINECOLOGIA-OBSTETRÍCIA - PRE NATAL (GESTANTE),VAGA_ENCONTRADA,
2026-09-17T10:07:38,INFECTOLOGIA,VAGA_ENCONTRADA,
2026-09-17T10:07:55,NEFROLOGIA,VAGA_ENCONTRADA,
2026-09-17T10:08:06,NEUROLOGIA,SEM_VAGA,0
2026-09-17T10:08:09,NUTRIÇÃO - DIETÉTICA,SEM_VAGA,0
2026-09-17T10:08:12,ODONTOLOGIA - ACUPUNTURA,SEM_VAGA,0
2026-09-17T10:08:16,ODONTOLOGIA - ATM,SEM_VAGA,0
2026-09-17T10:08:19,ODONTOLOGIA - DENTÍSTICA,SEM_VAGA,0
2026-09-17T10:08:22,ODONTOLOGIA - ENDODONTIA,SEM_VAGA,0
2026-09-17T10:08:29,ODONTOLOGIA - PERIODONTIA,VAGA_ENCONTRADA,
2026-09-17T10:08:42,OFTALMOLOGIA,VAGA_ENCONTRADA,
2026-09-17T10:08:51,OFTALMOLOGIA - FUNDO DE OLHO,SEM_VAGA,0
2026-09-17T10:08:54,OFTALMOLOGIA - GLAUCOMA,SEM_VAGA,0
2026-09-17T10:08:57,ORTOPEDIA,SEM_VAGA,0
2026-09-17T10:09:01,OTORRINOLARINGOLOGIA,SEM_VAGA,0
2026-09-17T10:09:08,PNEUMOLOGIA,VAGA_ENCONTRADA,
2026-09-17T10:09:20,PROCTOLOGIA,SEM_VAGA,0
2026-09-17T10:09:30,REUMATOLOGIA,SEM_VAGA,0
2026-09-17T10:09:37,UROLOGIA,VAGA_ENCONTRADA,
2026-09-17T10:13:03,ACUPUNTURA,SEM_VAGA,0
2026-09-17T10:13:06,ALERGIA E IMUNOLOGIA - TELECONSULTA,SEM_VAGA,0
2026-09-17T10:13:20,CIRURGIA CABEÇA E PESCOÇO,VAGA_ENCONTRADA,
2026-09-17T10:13:26,CIRURGIA DA MÃO,SEM_VAGA,0
2026-09-17T10:13:31,CIRURGIA PLÁSTICA,SEM_VAGA,0
2026-09-17T10:13:38,CIRURGIA VASCULAR,VAGA_ENCONTRADA,
2026-09-17T10:13:44,CLÍNICA MÉDICA,SEM_VAGA,0
2026-09-17T10:13:54,DERMATOLOGIA,SEM_VAGA,0
2026-09-17T10:13:57,DERMATOLOGIA - TRIAGEM,SEM_VAGA,0
2026-09-17T10:14:00,DERMATOLOGIA - TRICOLOGIA,SEM_VAGA,0
2026-09-17T10:14:10,FISIOTERAPIA COLUNA CERVICAL,SEM_VAGA,0
2026-09-17T10:14:13,FISIOTERAPIA COLUNA LOMBAR,SEM_VAGA,0
2026-09-17T10:14:16,FISIOTERAPIA MEMBROS INFERIORES,SEM_VAGA,0
2026-09-17T10:14:19,FISIOTERAPIA MEMBROS INFERIORES,SEM_VAGA,0
2026-09-17T10:14:22,GASTROCIRURGIA,SEM_VAGA,0
2026-09-17T10:14:25,GASTROCLÍNICA,SEM_VAGA,0
2026-09-17T10:14:39,GINECOLOGIA-OBSTETRÍCIA,VAGA_ENCONTRADA,
2026-09-17T10:14:49,GINECOLOGIA-OBSTETRÍCIA - PRE NATAL (GESTANTE),VAGA_ENCONTRADA,
2026-09-17T10:15:05,INFECTOLOGIA,VAGA_ENCONTRADA,
2026-09-17T10:15:20,NEFROLOGIA,VAGA_ENCONTRADA,
2026-09-17T10:15:28,NEUROLOGIA,SEM_VAGA,0
2026-09-17T10:15:31,NUTRIÇÃO - DIETÉTICA,SEM_VAGA,0
2026-09-17T10:15:34,ODONTOLOGIA - ACUPUNTURA,SEM_VAGA,0
2026-09-17T10:15:37,ODONTOLOGIA - ATM,SEM_VAGA,0
2026-09-17T10:15:40,ODONTOLOGIA - DENTÍSTICA,SEM_VAGA,0
2026-09-17T10:15:44,ODONTOLOGIA - ENDODONTIA,SEM_VAGA,0
2026-09-17T10:15:51,ODONTOLOGIA - PERIODONTIA,VAGA_ENCONTRADA,
2026-09-17T10:16:01,OFTALMOLOGIA,VAGA_ENCONTRADA,
2026-09-17T10:16:07,OFTALMOLOGIA - FUNDO DE OLHO,SEM_VAGA,0
2026-09-17T10:16:10,OFTALMOLOGIA - GLAUCOMA,SEM_VAGA,0
2026-09-17T10:16:14,ORTOPEDIA,SEM_VAGA,0
2026-09-17T10:16:17,OTORRINOLARINGOLOGIA,SEM_VAGA,0
2026-09-17T10:16:24,PNEUMOLOGIA,VAGA_ENCONTRADA,
2026-09-17T10:16:34,PROCTOLOGIA,SEM_VAGA,0
2026-09-17T10:16:44,REUMATOLOGIA,SEM_VAGA,0
2026-09-17T10:16:51,UROLOGIA,VAGA_ENCONTRADA,
2026-09-17T10:22:03,ACUPUNTURA,SEM_VAGA,0
2026-09-17T10:22:07,ALERGIA E IMUNOLOGIA - TELECONSULTA,SEM_VAGA,0
2026-09-17T10:22:20,CIRURGIA CABEÇA E PESCOÇO,VAGA_ENCONTRADA,
2026-09-17T10:22:26,CIRURGIA DA MÃO,SEM_VAGA,0
2026-09-17T10:22:29,CIRURGIA PLÁSTICA,SEM_VAGA,0
2026-09-17T10:22:36,CIRURGIA VASCULAR,VAGA_ENCONTRADA,
2026-09-17T10:22:42,CLÍNICA MÉDICA,SEM_VAGA,0
2026-09-17T10:22:52,DERMATOLOGIA,SEM_VAGA,0
2026-09-17T10:22:55,DERMATOLOGIA - TRIAGEM,SEM_VAGA,0
2026-09-17T10:22:59,DERMATOLOGIA - TRICOLOGIA,SEM_VAGA,0
2026-09-17T10:23:09,FISIOTERAPIA COLUNA CERVICAL,SEM_VAGA,0
2026-09-17T10:23:12,FISIOTERAPIA COLUNA LOMBAR,SEM_VAGA,0
2026-09-17T10:23:15,FISIOTERAPIA MEMBROS INFERIORES,SEM_VAGA,0
2026-09-17T10:23:18,FISIOTERAPIA MEMBROS INFERIORES,SEM_VAGA,0
2026-09-17T10:23:21,GASTROCIRURGIA,SEM_VAGA,0
2026-09-17T10:23:25,GASTROCLÍNICA,SEM_VAGA,0
2026-09-17T10:23:35,GINECOLOGIA-OBSTETRÍCIA,SEM_VAGA,0
2026-09-17T10:23:42,GINECOLOGIA-OBSTETRÍCIA - PRE NATAL (GESTANTE),VAGA_ENCONTRADA,
2026-09-17T10:23:58,INFECTOLOGIA,VAGA_ENCONTRADA,
2026-09-17T10:24:12,NEFROLOGIA,VAGA_ENCONTRADA,
2026-09-17T10:24:20,NEUROLOGIA,SEM_VAGA,0
2026-09-17T10:24:23,NUTRIÇÃO - DIETÉTICA,SEM_VAGA,0
2026-09-17T10:24:26,ODONTOLOGIA - ACUPUNTURA,SEM_VAGA,0
2026-09-17T10:24:29,ODONTOLOGIA - ATM,SEM_VAGA,0
2026-09-17T10:24:33,ODONTOLOGIA - DENTÍSTICA,SEM_VAGA,0
2026-09-17T10:24:36,ODONTOLOGIA - ENDODONTIA,SEM_VAGA,0
2026-09-17T10:24:43,ODONTOLOGIA - PERIODONTIA,VAGA_ENCONTRADA,
2026-09-17T10:24:50,OFTALMOLOGIA,SEM_VAGA,0
2026-09-17T10:24:54,OFTALMOLOGIA - FUNDO DE OLHO,SEM_VAGA,0
2026-09-17T10:24:57,OFTALMOLOGIA - GLAUCOMA,SEM_VAGA,0
2026-09-17T10:25:00,ORTOPEDIA,SEM_VAGA,0
2026-09-17T10:25:03,OTORRINOLARINGOLOGIA,SEM_VAGA,0
2026-09-17T10:25:10,PNEUMOLOGIA,VAGA_ENCONTRADA,
2026-09-17T10:25:20,PROCTOLOGIA,SEM_VAGA,0
2026-09-17T10:25:30,REUMATOLOGIA,SEM_VAGA,0
2026-09-17T10:25:37,UROLOGIA,VAGA_ENCONTRADA,
2026-09-17T10:30:48,ACUPUNTURA,SEM_VAGA,0
2026-09-17T10:30:51,ALERGIA E IMUNOLOGIA - TELECONSULTA,SEM_VAGA,0
2026-09-17T10:31:04,CIRURGIA CABEÇA E PESCOÇO,VAGA_ENCONTRADA,
2026-09-17T10:31:10,CIRURGIA DA MÃO,SEM_VAGA,0
2026-09-17T10:31:13,CIRURGIA PLÁSTICA,SEM_VAGA,0
2026-09-17T10:31:17,CIRURGIA VASCULAR,SEM_VAGA,0
2026-09-17T10:31:20,CLÍNICA MÉDICA,SEM_VAGA,0
2026-09-17T10:31:30,DERMATOLOGIA,SEM_VAGA,0
2026-09-17T10:31:33,DERMATOLOGIA - TRIAGEM,SEM_VAGA,0
2026-09-17T10:31:36,DERMATOLOGIA - TRICOLOGIA,SEM_VAGA,0
2026-09-17T10:31:46,FISIOTERAPIA COLUNA CERVICAL,SEM_VAGA,0
2026-09-17T10:31:49,FISIOTERAPIA COLUNA LOMBAR,SEM_VAGA,0
2026-09-17T10:31:52,FISIOTERAPIA MEMBROS INFERIORES,SEM_VAGA,0
2026-09-17T10:31:55,FISIOTERAPIA MEMBROS INFERIORES,SEM_VAGA,0
2026-09-17T10:31:58,GASTROCIRURGIA,SEM_VAGA,0
2026-09-17T10:32:02,GASTROCLÍNICA,SEM_VAGA,0
2026-09-17T10:32:11,GINECOLOGIA-OBSTETRÍCIA,SEM_VAGA,0
2026-09-17T10:32:18,GINECOLOGIA-OBSTETRÍCIA - PRE NATAL (GESTANTE),VAGA_ENCONTRADA,
2026-09-17T10:32:34,INFECTOLOGIA,VAGA_ENCONTRADA,
2026-09-17T10:32:49,NEFROLOGIA,VAGA_ENCONTRADA,
2026-09-17T10:32:57,NEUROLOGIA,SEM_VAGA,0
2026-09-17T10:33:00,NUTRIÇÃO - DIETÉTICA,SEM_VAGA,0
2026-09-17T10:33:03,ODONTOLOGIA - ACUPUNTURA,SEM_VAGA,0
2026-09-17T10:33:06,ODONTOLOGIA - ATM,SEM_VAGA,0
2026-09-17T10:33:09,ODONTOLOGIA - DENTÍSTICA,SEM_VAGA,0
2026-09-17T10:33:13,ODONTOLOGIA - ENDODONTIA,SEM_VAGA,0
2026-09-17T10:33:20,ODONTOLOGIA - PERIODONTIA,VAGA_ENCONTRADA,
2026-09-17T10:33:27,OFTALMOLOGIA,SEM_VAGA,0
2026-09-17T10:33:30,OFTALMOLOGIA - FUNDO DE OLHO,SEM_VAGA,0
2026-09-17T10:33:33,OFTALMOLOGIA - GLAUCOMA,SEM_VAGA,0
2026-09-17T10:33:37,ORTOPEDIA,SEM_VAGA,0
2026-09-17T10:33:40,OTORRINOLARINGOLOGIA,SEM_VAGA,0
2026-09-17T10:33:47,PNEUMOLOGIA,VAGA_ENCONTRADA,
2026-09-17T10:33:58,PROCTOLOGIA,SEM_VAGA,0
2026-09-17T10:34:08,REUMATOLOGIA,SEM_VAGA,0
2026-09-17T10:34:14,UROLOGIA,VAGA_ENCONTRADA,
2026-09-17T10:39:25,ACUPUNTURA,SEM_VAGA,0
2026-09-17T10:39:29,ALERGIA E IMUNOLOGIA - TELECONSULTA,SEM_VAGA,0
2026-09-17T10:39:42,CIRURGIA CABEÇA E PESCOÇO,VAGA_ENCONTRADA,
2026-09-17T10:39:48,CIRURGIA DA MÃO,SEM_VAGA,0
2026-09-17T10:39:51,CIRURGIA PLÁSTICA,SEM_VAGA,0
2026-09-17T10:39:54,CIRURGIA VASCULAR,SEM_VAGA,0
2026-09-17T10:39:58,CLÍNICA MÉDICA,SEM_VAGA,0
2026-09-17T10:40:07,DERMATOLOGIA,SEM_VAGA,0
2026-09-17T10:40:11,DERMATOLOGIA - TRIAGEM,SEM_VAGA,0
2026-09-17T10:40:14,DERMATOLOGIA - TRICOLOGIA,SEM_VAGA,0
2026-09-17T10:40:25,FISIOTERAPIA COLUNA CERVICAL,SEM_VAGA,0
2026-09-17T10:40:29,FISIOTERAPIA COLUNA LOMBAR,SEM_VAGA,0
2026-09-17T10:40:33,FISIOTERAPIA MEMBROS INFERIORES,SEM_VAGA,0
2026-09-17T10:40:37,FISIOTERAPIA MEMBROS INFERIORES,SEM_VAGA,0
2026-09-17T10:40:39,GASTROCIRURGIA,SEM_VAGA,0
2026-09-17T10:40:43,GASTROCLÍNICA,SEM_VAGA,0
2026-09-17T10:40:54,GINECOLOGIA-OBSTETRÍCIA,SEM_VAGA,0
2026-09-17T10:41:01,GINECOLOGIA-OBSTETRÍCIA - PRE NATAL (GESTANTE),VAGA_ENCONTRADA,
2026-09-17T10:41:17,INFECTOLOGIA,VAGA_ENCONTRADA,
2026-09-17T10:41:31,NEFROLOGIA,VAGA_ENCONTRADA,
2026-09-17T10:41:39,NEUROLOGIA,SEM_VAGA,0
2026-09-17T10:41:43,NUTRIÇÃO - DIETÉTICA,SEM_VAGA,0
2026-09-17T10:41:47,ODONTOLOGIA - ACUPUNTURA,SEM_VAGA,0
2026-09-17T10:41:51,ODONTOLOGIA - ATM,SEM_VAGA,0
2026-09-17T10:41:55,ODONTOLOGIA - DENTÍSTICA,SEM_VAGA,0
2026-09-17T10:41:58,ODONTOLOGIA - ENDODONTIA,SEM_VAGA,0
2026-09-17T10:42:05,ODONTOLOGIA - PERIODONTIA,VAGA_ENCONTRADA,
2026-09-17T10:42:12,OFTALMOLOGIA,SEM_VAGA,0
2026-09-17T10:42:15,OFTALMOLOGIA - FUNDO DE OLHO,SEM_VAGA,0
2026-09-17T10:42:18,OFTALMOLOGIA - GLAUCOMA,SEM_VAGA,0
2026-09-17T10:42:21,ORTOPEDIA,SEM_VAGA,0
2026-09-17T10:42:25,OTORRINOLARINGOLOGIA,SEM_VAGA,0
2026-09-17T10:42:32,PNEUMOLOGIA,VAGA_ENCONTRADA,
2026-09-17T10:42:41,PROCTOLOGIA,SEM_VAGA,0
2026-09-17T10:42:52,REUMATOLOGIA,SEM_VAGA,0
2026-09-17T10:42:59,UROLOGIA,VAGA_ENCONTRADA,
2026-09-17T10:43:47,ACUPUNTURA,SEM_VAGA,0
2026-09-17T10:43:50,CIRURGIA PLÁSTICA,SEM_VAGA,0
2026-09-17T10:43:54,CLÍNICA MÉDICA,SEM_VAGA,0
2026-09-17T10:43:57,DERMATOLOGIA,SEM_VAGA,0
2026-09-17T10:44:00,FISIOTERAPIA COLUNA LOMBAR,SEM_VAGA,0
2026-09-17T10:44:03,FISIOTERAPIA MEMBROS INFERIORES,SEM_VAGA,0
2026-09-17T10:44:06,FISIOTERAPIA MEMBROS INFERIORES,SEM_VAGA,0
2026-09-17T10:44:10,GASTROCLÍNICA,SEM_VAGA,0
2026-09-17T10:44:13,GINECOLOGIA-OBSTETRÍCIA,SEM_VAGA,0
2026-09-17T10:44:17,NUTRIÇÃO - DIETÉTICA,SEM_VAGA,0
2026-09-17T10:44:20,ODONTOLOGIA - DENTÍSTICA,SEM_VAGA,0
2026-09-17T10:44:27,ODONTOLOGIA - PERIODONTIA,VAGA_ENCONTRADA,
2026-09-17T10:44:34,OFTALMOLOGIA,SEM_VAGA,0
2026-09-17T10:44:37,ORTOPEDIA,SEM_VAGA,0
2026-09-17T10:44:40,OTORRINOLARINGOLOGIA,SEM_VAGA,0
2026-09-17T10:44:44,PROCTOLOGIA,SEM_VAGA,0
2026-09-17T10:49:59,ACUPUNTURA,SEM_VAGA,0
2026-09-17T10:50:02,CIRURGIA PLÁSTICA,SEM_VAGA,0
2026-09-17T10:50:05,CLÍNICA MÉDICA,SEM_VAGA,0
2026-09-17T10:50:08,DERMATOLOGIA,SEM_VAGA,0
2026-09-17T10:50:11,FISIOTERAPIA COLUNA LOMBAR,SEM_VAGA,0
2026-09-17T10:50:14,FISIOTERAPIA MEMBROS INFERIORES,SEM_VAGA,0
2026-09-17T10:50:17,FISIOTERAPIA MEMBROS INFERIORES,SEM_VAGA,0
2026-09-17T10:50:21,GASTROCLÍNICA,SEM_VAGA,0
2026-09-17T10:50:28,GINECOLOGIA-OBSTETRÍCIA,VAGA_ENCONTRADA,
2026-09-17T10:50:35,NUTRIÇÃO - DIETÉTICA,SEM_VAGA,0
2026-09-17T10:50:40,ODONTOLOGIA - DENTÍSTICA,SEM_VAGA,0
2026-09-17T10:50:48,ODONTOLOGIA - PERIODONTIA,VAGA_ENCONTRADA,
2026-09-17T10:50:55,OFTALMOLOGIA,SEM_VAGA,0
2026-09-17T10:50:58,ORTOPEDIA,SEM_VAGA,0
2026-09-17T10:51:01,OTORRINOLARINGOLOGIA,SEM_VAGA,0
2026-09-17T10:51:05,PROCTOLOGIA,SEM_VAGA,0
2026-09-17T10:56:20,ACUPUNTURA,SEM_VAGA,0
2026-09-17T10:56:23,CIRURGIA PLÁSTICA,SEM_VAGA,0
2026-09-17T10:56:26,CLÍNICA MÉDICA,SEM_VAGA,0
2026-09-17T10:56:30,DERMATOLOGIA,SEM_VAGA,0
2026-09-17T10:56:33,FISIOTERAPIA COLUNA LOMBAR,SEM_VAGA,0
2026-09-17T10:56:36,FISIOTERAPIA MEMBROS INFERIORES,SEM_VAGA,0
2026-09-17T10:56:39,FISIOTERAPIA MEMBROS INFERIORES,SEM_VAGA,0
2026-09-17T10:56:43,GASTROCLÍNICA,SEM_VAGA,0
2026-09-17T10:56:50,GINECOLOGIA-OBSTETRÍCIA,VAGA_ENCONTRADA,
2026-09-17T10:56:56,NUTRIÇÃO - DIETÉTICA,SEM_VAGA,0
2026-09-17T10:56:59,ODONTOLOGIA - DENTÍSTICA,SEM_VAGA,0
2026-09-17T10:57:06,ODONTOLOGIA - PERIODONTIA,VAGA_ENCONTRADA,
2026-09-17T10:57:13,OFTALMOLOGIA,SEM_VAGA,0
2026-09-17T10:57:16,ORTOPEDIA,SEM_VAGA,0
2026-09-17T10:57:19,OTORRINOLARINGOLOGIA,SEM_VAGA,0
2026-09-17T10:57:23,PROCTOLOGIA,SEM_VAGA,0
2026-09-17T11:02:37,ACUPUNTURA,SEM_VAGA,0
2026-09-17T11:02:41,CIRURGIA PLÁSTICA,SEM_VAGA,0
2026-09-17T11:02:44,CLÍNICA MÉDICA,SEM_VAGA,0
2026-09-17T11:02:47,DERMATOLOGIA,SEM_VAGA,0
2026-09-17T11:02:50,FISIOTERAPIA COLUNA LOMBAR,SEM_VAGA,0
2026-09-17T11:02:54,FISIOTERAPIA MEMBROS INFERIORES,SEM_VAGA,0
2026-09-17T11:02:57,FISIOTERAPIA MEMBROS INFERIORES,SEM_VAGA,0
2026-09-17T11:03:00,GASTROCLÍNICA,SEM_VAGA,0
2026-09-17T11:03:04,GINECOLOGIA-OBSTETRÍCIA,SEM_VAGA,0
2026-09-17T11:03:07,NUTRIÇÃO - DIETÉTICA,SEM_VAGA,0
2026-09-17T11:03:10,ODONTOLOGIA - DENTÍSTICA,SEM_VAGA,0
2026-09-17T11:03:17,ODONTOLOGIA - PERIODONTIA,VAGA_ENCONTRADA,
2026-09-17T11:03:24,OFTALMOLOGIA,SEM_VAGA,0
2026-09-17T11:03:28,ORTOPEDIA,SEM_VAGA,0
2026-09-17T11:03:31,OTORRINOLARINGOLOGIA,SEM_VAGA,0
2026-09-17T11:03:34,PROCTOLOGIA,SEM_VAGA,0
2026-09-17T11:08:51,ACUPUNTURA,SEM_VAGA,0
2026-09-17T11:08:55,CIRURGIA PLÁSTICA,SEM_VAGA,0
2026-09-17T11:09:00,CLÍNICA MÉDICA,SEM_VAGA,0
2026-09-17T11:09:04,DERMATOLOGIA,SEM_VAGA,0
2026-09-17T11:09:07,FISIOTERAPIA COLUNA LOMBAR,SEM_VAGA,0
2026-09-17T11:09:10,FISIOTERAPIA MEMBROS INFERIORES,SEM_VAGA,0
2026-09-17T11:09:14,FISIOTERAPIA MEMBROS INFERIORES,SEM_VAGA,0
2026-09-17T11:09:17,GASTROCLÍNICA,SEM_VAGA,0
2026-09-17T11:09:24,GINECOLOGIA-OBSTETRÍCIA,VAGA_ENCONTRADA,
2026-09-17T11:09:30,NUTRIÇÃO - DIETÉTICA,SEM_VAGA,0
2026-09-17T11:09:34,ODONTOLOGIA - DENTÍSTICA,SEM_VAGA,0
2026-09-17T11:09:41,ODONTOLOGIA - PERIODONTIA,VAGA_ENCONTRADA,
2026-09-17T11:09:48,OFTALMOLOGIA,SEM_VAGA,0
2026-09-17T11:09:51,ORTOPEDIA,SEM_VAGA,0
2026-09-17T11:09:54,OTORRINOLARINGOLOGIA,SEM_VAGA,0
2026-09-17T11:09:58,PROCTOLOGIA,SEM_VAGA,0
2026-09-17T11:15:13,ACUPUNTURA,SEM_VAGA,0
2026-09-17T11:15:16,CIRURGIA PLÁSTICA,SEM_VAGA,0
2026-09-17T11:15:19,CLÍNICA MÉDICA,SEM_VAGA,0
2026-09-17T11:15:23,DERMATOLOGIA,SEM_VAGA,0
2026-09-17T11:15:28,FISIOTERAPIA COLUNA LOMBAR,SEM_VAGA,0
2026-09-17T11:15:33,FISIOTERAPIA MEMBROS INFERIORES,SEM_VAGA,0
2026-09-17T11:15:38,FISIOTERAPIA MEMBROS INFERIORES,SEM_VAGA,0
2026-09-17T11:15:43,GASTROCLÍNICA,SEM_VAGA,0
2026-09-17T11:15:47,GINECOLOGIA-OBSTETRÍCIA,SEM_VAGA,0
2026-09-17T11:15:51,NUTRIÇÃO - DIETÉTICA,SEM_VAGA,0
2026-09-17T11:15:57,ODONTOLOGIA - DENTÍSTICA,SEM_VAGA,0
2026-09-17T11:16:05,ODONTOLOGIA - PERIODONTIA,VAGA_ENCONTRADA,
2026-09-17T11:16:12,OFTALMOLOGIA,SEM_VAGA,0
2026-09-17T11:16:15,ORTOPEDIA,SEM_VAGA,0
2026-09-17T11:16:19,OTORRINOLARINGOLOGIA,SEM_VAGA,0
2026-09-17T11:16:22,PROCTOLOGIA,SEM_VAGA,0
2026-09-17T11:21:37,ACUPUNTURA,SEM_VAGA,0
2026-09-17T11:21:40,CIRURGIA PLÁSTICA,SEM_VAGA,0
2026-09-17T11:21:43,CLÍNICA MÉDICA,SEM_VAGA,0
2026-09-17T11:21:46,DERMATOLOGIA,SEM_VAGA,0
2026-09-17T11:21:50,FISIOTERAPIA COLUNA LOMBAR,SEM_VAGA,0
2026-09-17T11:21:53,FISIOTERAPIA MEMBROS INFERIORES,SEM_VAGA,0
2026-09-17T11:21:56,FISIOTERAPIA MEMBROS INFERIORES,SEM_VAGA,0
2026-09-17T11:22:00,GASTROCLÍNICA,SEM_VAGA,0
2026-09-17T11:22:03,GINECOLOGIA-OBSTETRÍCIA,SEM_VAGA,0
2026-09-17T11:22:06,NUTRIÇÃO - DIETÉTICA,SEM_VAGA,0
2026-09-17T11:22:10,ODONTOLOGIA - DENTÍSTICA,SEM_VAGA,0
2026-09-17T11:22:17,ODONTOLOGIA - PERIODONTIA,VAGA_ENCONTRADA,
2026-09-17T11:22:24,OFTALMOLOGIA,SEM_VAGA,0
2026-09-17T11:22:27,ORTOPEDIA,SEM_VAGA,0
2026-09-17T11:22:30,OTORRINOLARINGOLOGIA,SEM_VAGA,0
2026-09-17T11:22:34,PROCTOLOGIA,SEM_VAGA,0
2026-09-17T11:27:49,ACUPUNTURA,SEM_VAGA,0
2026-09-17T11:27:52,CIRURGIA PLÁSTICA,SEM_VAGA,0
2026-09-17T11:27:56,CLÍNICA MÉDICA,SEM_VAGA,0
2026-09-17T11:28:00,DERMATOLOGIA,SEM_VAGA,0
2026-09-17T11:28:03,FISIOTERAPIA COLUNA LOMBAR,SEM_VAGA,0
2026-09-17T11:28:08,FISIOTERAPIA MEMBROS INFERIORES,SEM_VAGA,0
2026-09-17T11:28:11,FISIOTERAPIA MEMBROS INFERIORES,SEM_VAGA,0
2026-09-17T11:28:14,GASTROCLÍNICA,SEM_VAGA,0
2026-09-17T11:28:17,GINECOLOGIA-OBSTETRÍCIA,SEM_VAGA,0
2026-09-17T11:28:20,NUTRIÇÃO - DIETÉTICA,SEM_VAGA,0
2026-09-17T11:28:24,ODONTOLOGIA - DENTÍSTICA,SEM_VAGA,0
2026-09-17T11:28:31,ODONTOLOGIA - PERIODONTIA,VAGA_ENCONTRADA,
2026-09-17T11:28:38,OFTALMOLOGIA,SEM_VAGA,0
2026-09-17T11:28:42,ORTOPEDIA,SEM_VAGA,0
2026-09-17T11:28:45,OTORRINOLARINGOLOGIA,SEM_VAGA,0
2026-09-17T11:28:48,PROCTOLOGIA,SEM_VAGA,0
2026-09-17T11:34:05,ACUPUNTURA,SEM_VAGA,0
2026-09-17T11:34:09,CIRURGIA PLÁSTICA,SEM_VAGA,0
2026-09-17T11:34:14,CLÍNICA MÉDICA,SEM_VAGA,0
2026-09-17T11:34:20,DERMATOLOGIA,SEM_VAGA,0
2026-09-17T11:34:23,FISIOTERAPIA COLUNA LOMBAR,SEM_VAGA,0
2026-09-17T11:34:27,FISIOTERAPIA MEMBROS INFERIORES,SEM_VAGA,0
2026-09-17T11:34:31,FISIOTERAPIA MEMBROS INFERIORES,SEM_VAGA,0
2026-09-17T11:34:34,GASTROCLÍNICA,SEM_VAGA,0
2026-09-17T11:34:37,GINECOLOGIA-OBSTETRÍCIA,SEM_VAGA,0
2026-09-17T11:34:40,NUTRIÇÃO - DIETÉTICA,SEM_VAGA,0
2026-09-17T11:34:44,ODONTOLOGIA - DENTÍSTICA,SEM_VAGA,0
2026-09-17T11:34:51,ODONTOLOGIA - PERIODONTIA,VAGA_ENCONTRADA,
2026-09-17T11:34:59,OFTALMOLOGIA,SEM_VAGA,0
2026-09-17T11:35:02,ORTOPEDIA,SEM_VAGA,0
2026-09-17T11:35:05,OTORRINOLARINGOLOGIA,SEM_VAGA,0
2026-09-17T11:35:09,PROCTOLOGIA,SEM_VAGA,0
2026-09-17T11:40:23,ACUPUNTURA,SEM_VAGA,0
2026-09-17T11:40:27,CIRURGIA PLÁSTICA,SEM_VAGA,0
2026-09-17T11:40:30,CLÍNICA MÉDICA,SEM_VAGA,0
2026-09-17T11:40:33,DERMATOLOGIA,SEM_VAGA,0
2026-09-17T11:40:37,FISIOTERAPIA COLUNA LOMBAR,SEM_VAGA,0
2026-09-17T11:40:40,FISIOTERAPIA MEMBROS INFERIORES,SEM_VAGA,0
2026-09-17T11:40:44,FISIOTERAPIA MEMBROS INFERIORES,SEM_VAGA,0
2026-09-17T11:40:47,GASTROCLÍNICA,SEM_VAGA,0
2026-09-17T11:40:50,GINECOLOGIA-OBSTETRÍCIA,SEM_VAGA,0
2026-09-17T11:40:53,NUTRIÇÃO - DIETÉTICA,SEM_VAGA,0
2026-09-17T11:40:57,ODONTOLOGIA - DENTÍSTICA,SEM_VAGA,0
2026-09-17T11:41:04,ODONTOLOGIA - PERIODONTIA,VAGA_ENCONTRADA,
2026-09-17T11:41:12,OFTALMOLOGIA,SEM_VAGA,0
2026-09-17T11:41:16,ORTOPEDIA,SEM_VAGA,0
2026-09-17T11:41:22,OTORRINOLARINGOLOGIA,SEM_VAGA,0
2026-09-17T11:41:26,PROCTOLOGIA,SEM_VAGA,0
2026-09-17T11:46:41,ACUPUNTURA,SEM_VAGA,0
2026-09-17T11:46:44,CIRURGIA PLÁSTICA,SEM_VAGA,0
2026-09-17T11:46:48,CLÍNICA MÉDICA,SEM_VAGA,0
2026-09-17T11:46:51,DERMATOLOGIA,SEM_VAGA,0
2026-09-17T11:46:55,FISIOTERAPIA COLUNA LOMBAR,SEM_VAGA,0
2026-09-17T11:46:58,FISIOTERAPIA MEMBROS INFERIORES,SEM_VAGA,0
2026-09-17T11:47:02,FISIOTERAPIA MEMBROS INFERIORES,SEM_VAGA,0
2026-09-17T11:47:05,GASTROCLÍNICA,SEM_VAGA,0
2026-09-17T11:47:08,GINECOLOGIA-OBSTETRÍCIA,SEM_VAGA,0
2026-09-17T11:47:12,NUTRIÇÃO - DIETÉTICA,SEM_VAGA,0
2026-09-17T11:47:15,ODONTOLOGIA - DENTÍSTICA,SEM_VAGA,0
2026-09-17T11:47:22,ODONTOLOGIA - PERIODONTIA,VAGA_ENCONTRADA,
2026-09-17T11:47:29,OFTALMOLOGIA,SEM_VAGA,0
2026-09-17T11:47:33,ORTOPEDIA,SEM_VAGA,0
2026-09-17T11:47:36,OTORRINOLARINGOLOGIA,SEM_VAGA,0
2026-09-17T11:47:39,PROCTOLOGIA,SEM_VAGA,0
2026-09-17T11:52:56,ACUPUNTURA,SEM_VAGA,0
2026-09-17T11:52:59,CIRURGIA PLÁSTICA,SEM_VAGA,0
2026-09-17T11:53:04,CLÍNICA MÉDICA,SEM_VAGA,0
2026-09-17T11:53:08,DERMATOLOGIA,SEM_VAGA,0
2026-09-17T11:53:11,FISIOTERAPIA COLUNA LOMBAR,SEM_VAGA,0
2026-09-17T11:53:15,FISIOTERAPIA MEMBROS INFERIORES,SEM_VAGA,0
2026-09-17T11:53:18,FISIOTERAPIA MEMBROS INFERIORES,SEM_VAGA,0
2026-09-17T11:53:21,GASTROCLÍNICA,SEM_VAGA,0
2026-09-17T11:53:25,GINECOLOGIA-OBSTETRÍCIA,SEM_VAGA,0
2026-09-17T11:53:28,NUTRIÇÃO - DIETÉTICA,SEM_VAGA,0
2026-09-17T11:53:31,ODONTOLOGIA - DENTÍSTICA,SEM_VAGA,0
2026-09-17T11:53:38,ODONTOLOGIA - PERIODONTIA,VAGA_ENCONTRADA,
2026-09-17T11:53:46,OFTALMOLOGIA,SEM_VAGA,0
2026-09-17T11:53:49,ORTOPEDIA,SEM_VAGA,0
2026-09-17T11:53:53,OTORRINOLARINGOLOGIA,SEM_VAGA,0
2026-09-17T11:53:57,PROCTOLOGIA,SEM_VAGA,0
2026-09-17T11:59:13,ACUPUNTURA,SEM_VAGA,0
2026-09-17T11:59:17,CIRURGIA PLÁSTICA,SEM_VAGA,0
2026-09-17T11:59:20,CLÍNICA MÉDICA,SEM_VAGA,0
2026-09-17T11:59:24,DERMATOLOGIA,SEM_VAGA,0
2026-09-17T11:59:27,FISIOTERAPIA COLUNA LOMBAR,SEM_VAGA,0
2026-09-17T11:59:30,FISIOTERAPIA MEMBROS INFERIORES,SEM_VAGA,0
2026-09-17T11:59:34,FISIOTERAPIA MEMBROS INFERIORES,SEM_VAGA,0
2026-09-17T11:59:37,GASTROCLÍNICA,SEM_VAGA,0
2026-09-17T11:59:41,GINECOLOGIA-OBSTETRÍCIA,SEM_VAGA,0
2026-09-17T11:59:46,NUTRIÇÃO - DIETÉTICA,SEM_VAGA,0
2026-09-17T11:59:51,ODONTOLOGIA - DENTÍSTICA,SEM_VAGA,0
2026-09-17T11:59:58,ODONTOLOGIA - PERIODONTIA,VAGA_ENCONTRADA,
2026-09-17T12:00:06,OFTALMOLOGIA,SEM_VAGA,0
2026-09-17T12:00:10,ORTOPEDIA,SEM_VAGA,0
2026-09-17T12:00:13,OTORRINOLARINGOLOGIA,SEM_VAGA,0
2026-09-17T12:00:16,PROCTOLOGIA,SEM_VAGA,0
2026-09-17T12:05:33,ACUPUNTURA,SEM_VAGA,0
2026-09-17T12:05:36,CIRURGIA PLÁSTICA,SEM_VAGA,0
2026-09-17T12:05:39,CLÍNICA MÉDICA,SEM_VAGA,0
2026-09-17T12:05:42,DERMATOLOGIA,SEM_VAGA,0
2026-09-17T12:05:46,FISIOTERAPIA COLUNA LOMBAR,SEM_VAGA,0
2026-09-17T12:05:49,FISIOTERAPIA MEMBROS INFERIORES,SEM_VAGA,0
2026-09-17T12:05:52,FISIOTERAPIA MEMBROS INFERIORES,SEM_VAGA,0
2026-09-17T12:05:55,GASTROCLÍNICA,SEM_VAGA,0
2026-09-17T12:05:59,GINECOLOGIA-OBSTETRÍCIA,SEM_VAGA,0
2026-09-17T12:06:02,NUTRIÇÃO - DIETÉTICA,SEM_VAGA,0
2026-09-17T12:06:06,ODONTOLOGIA - DENTÍSTICA,SEM_VAGA,0
2026-09-17T12:06:13,ODONTOLOGIA - PERIODONTIA,VAGA_ENCONTRADA,
2026-09-17T12:06:20,OFTALMOLOGIA,SEM_VAGA,0
2026-09-17T12:06:23,ORTOPEDIA,SEM_VAGA,0
2026-09-17T12:06:26,OTORRINOLARINGOLOGIA,SEM_VAGA,0
2026-09-17T12:06:29,PROCTOLOGIA,SEM_VAGA,0
2026-09-17T12:11:45,ACUPUNTURA,SEM_VAGA,0
2026-09-17T12:11:48,CIRURGIA PLÁSTICA,SEM_VAGA,0
2026-09-17T12:11:52,CLÍNICA MÉDICA,SEM_VAGA,0
2026-09-17T12:11:55,DERMATOLOGIA,SEM_VAGA,0
2026-09-17T12:11:58,FISIOTERAPIA COLUNA LOMBAR,SEM_VAGA,0
2026-09-17T12:12:02,FISIOTERAPIA MEMBROS INFERIORES,SEM_VAGA,0
2026-09-17T12:12:05,FISIOTERAPIA MEMBROS INFERIORES,SEM_VAGA,0
2026-09-17T12:12:08,GASTROCLÍNICA,SEM_VAGA,0
2026-09-17T12:12:11,GINECOLOGIA-OBSTETRÍCIA,SEM_VAGA,0
2026-09-17T12:12:16,NUTRIÇÃO - DIETÉTICA,SEM_VAGA,0
2026-09-17T12:12:20,ODONTOLOGIA - DENTÍSTICA,SEM_VAGA,0
2026-09-17T12:12:28,ODONTOLOGIA - PERIODONTIA,VAGA_ENCONTRADA,
2026-09-17T12:12:36,OFTALMOLOGIA,SEM_VAGA,0
2026-09-17T12:12:39,ORTOPEDIA,SEM_VAGA,0
2026-09-17T12:12:42,OTORRINOLARINGOLOGIA,SEM_VAGA,0
2026-09-17T12:12:45,PROCTOLOGIA,SEM_VAGA,0
2026-09-17T12:18:02,ACUPUNTURA,SEM_VAGA,0
2026-09-17T12:18:05,CIRURGIA PLÁSTICA,SEM_VAGA,0
2026-09-17T12:18:08,CLÍNICA MÉDICA,SEM_VAGA,0
2026-09-17T12:18:12,DERMATOLOGIA,SEM_VAGA,0
2026-09-17T12:18:15,FISIOTERAPIA COLUNA LOMBAR,SEM_VAGA,0
2026-09-17T12:18:18,FISIOTERAPIA MEMBROS INFERIORES,SEM_VAGA,0
2026-09-17T12:18:21,FISIOTERAPIA MEMBROS INFERIORES,SEM_VAGA,0
2026-09-17T12:18:25,GASTROCLÍNICA,SEM_VAGA,0
2026-09-17T12:18:28,GINECOLOGIA-OBSTETRÍCIA,SEM_VAGA,0
2026-09-17T12:18:31,NUTRIÇÃO - DIETÉTICA,SEM_VAGA,0
2026-09-17T12:18:34,ODONTOLOGIA - DENTÍSTICA,SEM_VAGA,0
2026-09-17T12:18:41,ODONTOLOGIA - PERIODONTIA,VAGA_ENCONTRADA,
2026-09-17T12:18:49,OFTALMOLOGIA,SEM_VAGA,0
2026-09-17T12:18:52,ORTOPEDIA,SEM_VAGA,0
2026-09-17T12:18:55,OTORRINOLARINGOLOGIA,SEM_VAGA,0
2026-09-17T12:18:59,PROCTOLOGIA,SEM_VAGA,0
2026-09-17T12:24:13,ACUPUNTURA,SEM_VAGA,0
2026-09-17T12:24:16,CIRURGIA PLÁSTICA,SEM_VAGA,0
2026-09-17T12:24:20,CLÍNICA MÉDICA,SEM_VAGA,0
2026-09-17T12:24:23,DERMATOLOGIA,SEM_VAGA,0
2026-09-17T12:24:26,FISIOTERAPIA COLUNA LOMBAR,SEM_VAGA,0
2026-09-17T12:24:29,FISIOTERAPIA MEMBROS INFERIORES,SEM_VAGA,0
2026-09-17T12:24:33,FISIOTERAPIA MEMBROS INFERIORES,SEM_VAGA,0
2026-09-17T12:24:36,GASTROCLÍNICA,SEM_VAGA,0
2026-09-17T12:24:39,GINECOLOGIA-OBSTETRÍCIA,SEM_VAGA,0
2026-09-17T12:24:43,NUTRIÇÃO - DIETÉTICA,SEM_VAGA,0
2026-09-17T12:24:47,ODONTOLOGIA - DENTÍSTICA,SEM_VAGA,0
2026-09-17T12:24:54,ODONTOLOGIA - PERIODONTIA,VAGA_ENCONTRADA,
2026-09-17T12:25:05,OFTALMOLOGIA,VAGA_ENCONTRADA,
2026-09-17T12:25:12,ORTOPEDIA,SEM_VAGA,0
2026-09-17T12:25:15,OTORRINOLARINGOLOGIA,SEM_VAGA,0
2026-09-17T12:25:18,PROCTOLOGIA,SEM_VAGA,0
2026-09-17T12:30:35,ACUPUNTURA,SEM_VAGA,0
2026-09-17T12:30:38,CIRURGIA PLÁSTICA,SEM_VAGA,0
2026-09-17T12:30:42,CLÍNICA MÉDICA,SEM_VAGA,0
2026-09-17T12:30:45,DERMATOLOGIA,SEM_VAGA,0
2026-09-17T12:30:48,FISIOTERAPIA COLUNA LOMBAR,SEM_VAGA,0
2026-09-17T12:30:52,FISIOTERAPIA MEMBROS INFERIORES,SEM_VAGA,0
2026-09-17T12:30:55,FISIOTERAPIA MEMBROS INFERIORES,SEM_VAGA,0
2026-09-17T12:30:58,GASTROCLÍNICA,SEM_VAGA,0
2026-09-17T12:31:01,GINECOLOGIA-OBSTETRÍCIA,SEM_VAGA,0
2026-09-17T12:31:04,NUTRIÇÃO - DIETÉTICA,SEM_VAGA,0
2026-09-17T12:31:08,ODONTOLOGIA - DENTÍSTICA,SEM_VAGA,0
2026-09-17T12:31:15,ODONTOLOGIA - PERIODONTIA,VAGA_ENCONTRADA,
2026-09-17T12:31:22,OFTALMOLOGIA,SEM_VAGA,0
2026-09-17T12:31:25,ORTOPEDIA,SEM_VAGA,0
2026-09-17T12:31:29,OTORRINOLARINGOLOGIA,SEM_VAGA,0
2026-09-17T12:31:32,PROCTOLOGIA,SEM_VAGA,0
2026-09-17T12:36:47,ACUPUNTURA,SEM_VAGA,0
2026-09-17T12:36:50,CIRURGIA PLÁSTICA,SEM_VAGA,0
2026-09-17T12:36:53,CLÍNICA MÉDICA,SEM_VAGA,0
2026-09-17T12:36:57,DERMATOLOGIA,SEM_VAGA,0
2026-09-17T12:37:00,FISIOTERAPIA COLUNA LOMBAR,SEM_VAGA,0
2026-09-17T12:37:03,FISIOTERAPIA MEMBROS INFERIORES,SEM_VAGA,0
2026-09-17T12:37:06,FISIOTERAPIA MEMBROS INFERIORES,SEM_VAGA,0
2026-09-17T12:37:09,GASTROCLÍNICA,SEM_VAGA,0
2026-09-17T12:37:13,GINECOLOGIA-OBSTETRÍCIA,SEM_VAGA,0
2026-09-17T12:37:16,NUTRIÇÃO - DIETÉTICA,SEM_VAGA,0
2026-09-17T12:37:20,ODONTOLOGIA - DENTÍSTICA,SEM_VAGA,0
2026-09-17T12:37:26,ODONTOLOGIA - PERIODONTIA,VAGA_ENCONTRADA,
2026-09-17T12:37:35,OFTALMOLOGIA,SEM_VAGA,0
2026-09-17T12:37:39,ORTOPEDIA,SEM_VAGA,0
2026-09-17T12:37:43,OTORRINOLARINGOLOGIA,SEM_VAGA,0
2026-09-17T12:37:47,PROCTOLOGIA,SEM_VAGA,0
2026-09-17T12:43:02,ACUPUNTURA,SEM_VAGA,0
2026-09-17T12:43:05,CIRURGIA PLÁSTICA,SEM_VAGA,0
2026-09-17T12:43:08,CLÍNICA MÉDICA,SEM_VAGA,0
2026-09-17T12:43:12,DERMATOLOGIA,SEM_VAGA,0
2026-09-17T12:43:15,FISIOTERAPIA COLUNA LOMBAR,SEM_VAGA,0
2026-09-17T12:43:18,FISIOTERAPIA MEMBROS INFERIORES,SEM_VAGA,0
2026-09-17T12:43:21,FISIOTERAPIA MEMBROS INFERIORES,SEM_VAGA,0
2026-09-17T12:43:24,GASTROCLÍNICA,SEM_VAGA,0
2026-09-17T12:43:28,GINECOLOGIA-OBSTETRÍCIA,SEM_VAGA,0
2026-09-17T12:43:31,NUTRIÇÃO - DIETÉTICA,SEM_VAGA,0
2026-09-17T12:43:34,ODONTOLOGIA - DENTÍSTICA,SEM_VAGA,0
2026-09-17T12:43:41,ODONTOLOGIA - PERIODONTIA,VAGA_ENCONTRADA,
2026-09-17T12:43:48,OFTALMOLOGIA,SEM_VAGA,0
2026-09-17T12:43:52,ORTOPEDIA,SEM_VAGA,0
2026-09-17T12:43:55,OTORRINOLARINGOLOGIA,SEM_VAGA,0
2026-09-17T12:43:58,PROCTOLOGIA,SEM_VAGA,0
2026-09-17T12:49:13,ACUPUNTURA,SEM_VAGA,0
2026-09-17T12:49:16,CIRURGIA PLÁSTICA,SEM_VAGA,0
2026-09-17T12:49:19,CLÍNICA MÉDICA,SEM_VAGA,0
2026-09-17T12:49:22,DERMATOLOGIA,SEM_VAGA,0
2026-09-17T12:49:26,FISIOTERAPIA COLUNA LOMBAR,SEM_VAGA,0
2026-09-17T12:49:29,FISIOTERAPIA MEMBROS INFERIORES,SEM_VAGA,0
2026-09-17T12:49:32,FISIOTERAPIA MEMBROS INFERIORES,SEM_VAGA,0
2026-09-17T12:49:36,GASTROCLÍNICA,SEM_VAGA,0
2026-09-17T12:49:39,GINECOLOGIA-OBSTETRÍCIA,SEM_VAGA,0
2026-09-17T12:49:42,NUTRIÇÃO - DIETÉTICA,SEM_VAGA,0
2026-09-17T12:49:45,ODONTOLOGIA - DENTÍSTICA,SEM_VAGA,0
2026-09-17T12:49:52,ODONTOLOGIA - PERIODONTIA,VAGA_ENCONTRADA,
2026-09-17T12:50:00,OFTALMOLOGIA,SEM_VAGA,0
2026-09-17T12:50:03,ORTOPEDIA,SEM_VAGA,0
2026-09-17T12:50:06,OTORRINOLARINGOLOGIA,SEM_VAGA,0
2026-09-17T12:50:09,PROCTOLOGIA,SEM_VAGA,0
2026-09-17T12:55:24,ACUPUNTURA,SEM_VAGA,0
2026-09-17T12:55:28,CIRURGIA PLÁSTICA,SEM_VAGA,0
2026-09-17T12:55:31,CLÍNICA MÉDICA,SEM_VAGA,0
2026-09-17T12:55:34,DERMATOLOGIA,SEM_VAGA,0
2026-09-17T12:55:38,FISIOTERAPIA COLUNA LOMBAR,SEM_VAGA,0
2026-09-17T12:55:41,FISIOTERAPIA MEMBROS INFERIORES,SEM_VAGA,0
2026-09-17T12:55:45,FISIOTERAPIA MEMBROS INFERIORES,SEM_VAGA,0
2026-09-17T12:55:49,GASTROCLÍNICA,SEM_VAGA,0
2026-09-17T12:55:52,GINECOLOGIA-OBSTETRÍCIA,SEM_VAGA,0
2026-09-17T12:55:55,NUTRIÇÃO - DIETÉTICA,SEM_VAGA,0
2026-09-17T12:55:59,ODONTOLOGIA - DENTÍSTICA,SEM_VAGA,0
2026-09-17T12:56:06,ODONTOLOGIA - PERIODONTIA,VAGA_ENCONTRADA,
2026-09-17T12:56:15,OFTALMOLOGIA,SEM_VAGA,0
2026-09-17T12:56:20,ORTOPEDIA,SEM_VAGA,0
2026-09-17T12:56:24,OTORRINOLARINGOLOGIA,SEM_VAGA,0
2026-09-17T12:56:29,PROCTOLOGIA,SEM_VAGA,0
2026-09-17T13:01:44,ACUPUNTURA,SEM_VAGA,0
2026-09-17T13:58:35,ACUPUNTURA,SEM_VAGA,0
2026-09-17T13:58:38,CIRURGIA PLÁSTICA,SEM_VAGA,0
2026-09-17T13:58:42,CLÍNICA MÉDICA,SEM_VAGA,0
2026-09-17T13:58:45,DERMATOLOGIA,SEM_VAGA,0
2026-09-17T13:58:49,FISIOTERAPIA COLUNA LOMBAR,SEM_VAGA,0
2026-09-17T13:58:52,FISIOTERAPIA MEMBROS INFERIORES,SEM_VAGA,0
2026-09-17T13:58:55,FISIOTERAPIA MEMBROS INFERIORES,SEM_VAGA,0
2026-09-17T13:58:58,GASTROCLÍNICA,SEM_VAGA,0
2026-09-17T13:59:02,GINECOLOGIA-OBSTETRÍCIA,SEM_VAGA,0
2026-09-17T13:59:06,NUTRIÇÃO - DIETÉTICA,SEM_VAGA,0
2026-09-17T13:59:09,ODONTOLOGIA - DENTÍSTICA,SEM_VAGA,0
2026-09-17T13:59:16,ODONTOLOGIA - PERIODONTIA,VAGA_ENCONTRADA,
2026-09-17T13:59:24,OFTALMOLOGIA,SEM_VAGA,0
2026-09-17T13:59:27,ORTOPEDIA,SEM_VAGA,0
2026-09-17T13:59:30,OTORRINOLARINGOLOGIA,SEM_VAGA,0
2026-09-17T13:59:34,PROCTOLOGIA,SEM_VAGA,0
2026-09-17T14:04:50,ACUPUNTURA,SEM_VAGA,0
2026-09-17T14:04:53,CIRURGIA PLÁSTICA,SEM_VAGA,0
2026-09-17T14:04:56,CLÍNICA MÉDICA,SEM_VAGA,0
2026-09-17T14:05:00,DERMATOLOGIA,SEM_VAGA,0
2026-09-17T14:05:03,FISIOTERAPIA COLUNA LOMBAR,SEM_VAGA,0
2026-09-17T14:05:06,FISIOTERAPIA MEMBROS INFERIORES,SEM_VAGA,0
2026-09-17T14:05:09,FISIOTERAPIA MEMBROS INFERIORES,SEM_VAGA,0
2026-09-17T14:05:12,GASTROCLÍNICA,SEM_VAGA,0
2026-09-17T14:05:15,GINECOLOGIA-OBSTETRÍCIA,SEM_VAGA,0
2026-09-17T14:05:19,NUTRIÇÃO - DIETÉTICA,SEM_VAGA,0
2026-09-17T14:05:22,ODONTOLOGIA - DENTÍSTICA,SEM_VAGA,0
2026-09-17T14:05:29,ODONTOLOGIA - PERIODONTIA,VAGA_ENCONTRADA,
2026-09-17T14:05:37,OFTALMOLOGIA,SEM_VAGA,0
2026-09-17T14:05:42,ORTOPEDIA,SEM_VAGA,0
2026-09-17T14:05:47,OTORRINOLARINGOLOGIA,SEM_VAGA,0
2026-09-17T14:05:53,PROCTOLOGIA,SEM_VAGA,0
2026-09-17T14:11:08,ACUPUNTURA,SEM_VAGA,0
2026-09-17T14:11:11,CIRURGIA PLÁSTICA,SEM_VAGA,0
2026-09-17T14:11:14,CLÍNICA MÉDICA,SEM_VAGA,0
2026-09-17T14:11:18,DERMATOLOGIA,SEM_VAGA,0
2026-09-17T14:11:21,FISIOTERAPIA COLUNA LOMBAR,SEM_VAGA,0
2026-09-17T14:11:24,FISIOTERAPIA MEMBROS INFERIORES,SEM_VAGA,0
2026-09-17T14:11:28,FISIOTERAPIA MEMBROS INFERIORES,SEM_VAGA,0
2026-09-17T14:11:31,GASTROCLÍNICA,SEM_VAGA,0
2026-09-17T14:11:34,GINECOLOGIA-OBSTETRÍCIA,SEM_VAGA,0
2026-09-17T14:11:37,NUTRIÇÃO - DIETÉTICA,SEM_VAGA,0
2026-09-17T14:11:41,ODONTOLOGIA - DENTÍSTICA,SEM_VAGA,0
2026-09-17T14:11:48,ODONTOLOGIA - PERIODONTIA,VAGA_ENCONTRADA,
2026-09-17T14:11:55,OFTALMOLOGIA,SEM_VAGA,0
2026-09-17T14:11:58,ORTOPEDIA,SEM_VAGA,0
2026-09-17T14:12:02,OTORRINOLARINGOLOGIA,SEM_VAGA,0
2026-09-17T14:12:05,PROCTOLOGIA,SEM_VAGA,0
2026-09-17T14:17:21,ACUPUNTURA,SEM_VAGA,0
2026-09-17T14:17:26,CIRURGIA PLÁSTICA,SEM_VAGA,0
2026-09-17T14:17:31,CLÍNICA MÉDICA,SEM_VAGA,0
2026-09-17T14:17:36,DERMATOLOGIA,SEM_VAGA,0
2026-09-17T14:17:40,FISIOTERAPIA COLUNA LOMBAR,SEM_VAGA,0
2026-09-17T14:17:44,FISIOTERAPIA MEMBROS INFERIORES,SEM_VAGA,0
2026-09-17T14:17:49,FISIOTERAPIA MEMBROS INFERIORES,SEM_VAGA,0
2026-09-17T14:17:52,GASTROCLÍNICA,SEM_VAGA,0
2026-09-17T14:17:56,GINECOLOGIA-OBSTETRÍCIA,SEM_VAGA,0
2026-09-17T14:17:59,NUTRIÇÃO - DIETÉTICA,SEM_VAGA,0
2026-09-17T14:18:02,ODONTOLOGIA - DENTÍSTICA,SEM_VAGA,0
2026-09-17T14:18:09,ODONTOLOGIA - PERIODONTIA,VAGA_ENCONTRADA,
2026-09-17T14:18:16,OFTALMOLOGIA,SEM_VAGA,0
2026-09-17T14:18:19,ORTOPEDIA,SEM_VAGA,0
2026-09-17T14:18:22,OTORRINOLARINGOLOGIA,SEM_VAGA,0
2026-09-17T14:18:26,PROCTOLOGIA,SEM_VAGA,0
2026-09-17T14:23:41,ACUPUNTURA,SEM_VAGA,0
2026-09-17T14:23:44,CIRURGIA PLÁSTICA,SEM_VAGA,0
2026-09-17T14:23:48,CLÍNICA MÉDICA,SEM_VAGA,0
2026-09-17T14:23:51,DERMATOLOGIA,SEM_VAGA,0
2026-09-17T14:23:53,FISIOTERAPIA COLUNA LOMBAR,SEM_VAGA,0
2026-09-17T14:23:57,FISIOTERAPIA MEMBROS INFERIORES,SEM_VAGA,0
2026-09-17T14:24:00,FISIOTERAPIA MEMBROS INFERIORES,SEM_VAGA,0
2026-09-17T14:24:03,GASTROCLÍNICA,SEM_VAGA,0
2026-09-17T14:24:06,GINECOLOGIA-OBSTETRÍCIA,SEM_VAGA,0
2026-09-17T14:24:10,NUTRIÇÃO - DIETÉTICA,SEM_VAGA,0
2026-09-17T14:24:13,ODONTOLOGIA - DENTÍSTICA,SEM_VAGA,0
2026-09-17T14:24:20,ODONTOLOGIA - PERIODONTIA,VAGA_ENCONTRADA,
2026-09-17T14:24:27,OFTALMOLOGIA,SEM_VAGA,0
2026-09-17T14:24:30,ORTOPEDIA,SEM_VAGA,0
2026-09-17T14:24:33,OTORRINOLARINGOLOGIA,SEM_VAGA,0
2026-09-17T14:24:36,PROCTOLOGIA,SEM_VAGA,0
2026-09-17T14:29:51,ACUPUNTURA,SEM_VAGA,0
2026-09-17T14:29:55,CIRURGIA PLÁSTICA,SEM_VAGA,0
2026-09-17T14:29:58,CLÍNICA MÉDICA,SEM_VAGA,0
2026-09-17T14:30:03,DERMATOLOGIA,SEM_VAGA,0
2026-09-17T14:30:06,FISIOTERAPIA COLUNA LOMBAR,SEM_VAGA,0
2026-09-17T14:30:10,FISIOTERAPIA MEMBROS INFERIORES,SEM_VAGA,0
2026-09-17T14:30:14,FISIOTERAPIA MEMBROS INFERIORES,SEM_VAGA,0
2026-09-17T14:30:17,GASTROCLÍNICA,SEM_VAGA,0
2026-09-17T14:30:21,GINECOLOGIA-OBSTETRÍCIA,SEM_VAGA,0
2026-09-17T14:30:24,NUTRIÇÃO - DIETÉTICA,SEM_VAGA,0
2026-09-17T14:30:29,ODONTOLOGIA - DENTÍSTICA,SEM_VAGA,0
2026-09-17T14:30:36,ODONTOLOGIA - PERIODONTIA,VAGA_ENCONTRADA,
2026-09-17T14:30:45,OFTALMOLOGIA,SEM_VAGA,0
2026-09-17T14:30:48,ORTOPEDIA,SEM_VAGA,0
2026-09-17T14:30:51,OTORRINOLARINGOLOGIA,SEM_VAGA,0
2026-09-17T14:30:54,PROCTOLOGIA,SEM_VAGA,0
2026-09-17T14:36:09,ACUPUNTURA,SEM_VAGA,0
2026-09-17T14:36:13,CIRURGIA PLÁSTICA,SEM_VAGA,0
2026-09-17T14:36:16,CLÍNICA MÉDICA,SEM_VAGA,0
2026-09-17T14:36:19,DERMATOLOGIA,SEM_VAGA,0
2026-09-17T14:36:23,FISIOTERAPIA COLUNA LOMBAR,SEM_VAGA,0
2026-09-17T14:36:27,FISIOTERAPIA MEMBROS INFERIORES,SEM_VAGA,0
2026-09-17T14:36:30,FISIOTERAPIA MEMBROS INFERIORES,SEM_VAGA,0
2026-09-17T14:36:33,GASTROCLÍNICA,SEM_VAGA,0
2026-09-17T14:36:36,GINECOLOGIA-OBSTETRÍCIA,SEM_VAGA,0
2026-09-17T14:36:40,NUTRIÇÃO - DIETÉTICA,SEM_VAGA,0
2026-09-17T14:36:43,ODONTOLOGIA - DENTÍSTICA,SEM_VAGA,0
2026-09-17T14:36:50,ODONTOLOGIA - PERIODONTIA,VAGA_ENCONTRADA,
2026-09-17T14:36:57,OFTALMOLOGIA,SEM_VAGA,0
2026-09-17T14:37:00,ORTOPEDIA,SEM_VAGA,0
2026-09-17T14:37:04,OTORRINOLARINGOLOGIA,SEM_VAGA,0
2026-09-17T14:37:07,PROCTOLOGIA,SEM_VAGA,0
2026-09-17T14:42:22,ACUPUNTURA,SEM_VAGA,0
2026-09-17T14:42:25,CIRURGIA PLÁSTICA,SEM_VAGA,0
2026-09-17T14:42:28,CLÍNICA MÉDICA,SEM_VAGA,0
2026-09-17T14:42:31,DERMATOLOGIA,SEM_VAGA,0
2026-09-17T14:42:34,FISIOTERAPIA COLUNA LOMBAR,SEM_VAGA,0
2026-09-17T14:42:38,FISIOTERAPIA MEMBROS INFERIORES,SEM_VAGA,0
2026-09-17T14:42:41,FISIOTERAPIA MEMBROS INFERIORES,SEM_VAGA,0
2026-09-17T14:42:44,GASTROCLÍNICA,SEM_VAGA,0
2026-09-17T14:42:48,GINECOLOGIA-OBSTETRÍCIA,SEM_VAGA,0
2026-09-17T14:42:52,NUTRIÇÃO - DIETÉTICA,SEM_VAGA,0
2026-09-17T14:42:55,ODONTOLOGIA - DENTÍSTICA,SEM_VAGA,0
2026-09-17T14:43:02,ODONTOLOGIA - PERIODONTIA,VAGA_ENCONTRADA,
2026-09-17T14:43:10,OFTALMOLOGIA,SEM_VAGA,0
2026-09-17T14:43:14,ORTOPEDIA,SEM_VAGA,0
2026-09-17T14:43:18,OTORRINOLARINGOLOGIA,SEM_VAGA,0
2026-09-17T14:43:23,PROCTOLOGIA,SEM_VAGA,0
2026-09-17T14:48:39,ACUPUNTURA,SEM_VAGA,0
2026-09-17T14:48:44,CIRURGIA PLÁSTICA,SEM_VAGA,0
2026-09-17T14:48:48,CLÍNICA MÉDICA,SEM_VAGA,0
2026-09-17T14:48:52,DERMATOLOGIA,SEM_VAGA,0
2026-09-17T14:48:57,FISIOTERAPIA COLUNA LOMBAR,SEM_VAGA,0
2026-09-17T14:49:02,FISIOTERAPIA MEMBROS INFERIORES,SEM_VAGA,0
2026-09-17T14:49:05,FISIOTERAPIA MEMBROS INFERIORES,SEM_VAGA,0
2026-09-17T14:49:08,GASTROCLÍNICA,SEM_VAGA,0
2026-09-17T14:49:11,GINECOLOGIA-OBSTETRÍCIA,SEM_VAGA,0
2026-09-17T14:49:15,NUTRIÇÃO - DIETÉTICA,SEM_VAGA,0
2026-09-17T14:49:18,ODONTOLOGIA - DENTÍSTICA,SEM_VAGA,0
2026-09-17T14:49:25,ODONTOLOGIA - PERIODONTIA,VAGA_ENCONTRADA,
2026-09-17T14:49:32,OFTALMOLOGIA,SEM_VAGA,0
2026-09-17T14:49:35,ORTOPEDIA,SEM_VAGA,0
2026-09-17T14:49:38,OTORRINOLARINGOLOGIA,SEM_VAGA,0
2026-09-17T14:49:40,PROCTOLOGIA,SEM_VAGA,0
2026-09-17T14:54:56,ACUPUNTURA,SEM_VAGA,0
2026-09-17T14:55:00,CIRURGIA PLÁSTICA,SEM_VAGA,0
2026-09-17T14:55:04,CLÍNICA MÉDICA,SEM_VAGA,0
2026-09-17T14:55:08,DERMATOLOGIA,SEM_VAGA,0
2026-09-17T14:55:13,FISIOTERAPIA COLUNA LOMBAR,SEM_VAGA,0
2026-09-17T14:55:17,FISIOTERAPIA MEMBROS INFERIORES,SEM_VAGA,0
2026-09-17T14:55:21,FISIOTERAPIA MEMBROS INFERIORES,SEM_VAGA,0
2026-09-17T14:55:25,GASTROCLÍNICA,SEM_VAGA,0
2026-09-17T14:55:29,GINECOLOGIA-OBSTETRÍCIA,SEM_VAGA,0
2026-09-17T14:55:32,NUTRIÇÃO - DIETÉTICA,SEM_VAGA,0
2026-09-17T14:55:36,ODONTOLOGIA - DENTÍSTICA,SEM_VAGA,0
2026-09-17T14:55:43,ODONTOLOGIA - PERIODONTIA,VAGA_ENCONTRADA,
2026-09-17T14:55:50,OFTALMOLOGIA,SEM_VAGA,0
2026-09-17T14:55:55,ORTOPEDIA,SEM_VAGA,0
2026-09-17T14:55:58,OTORRINOLARINGOLOGIA,SEM_VAGA,0
2026-09-17T14:56:01,PROCTOLOGIA,SEM_VAGA,0
2026-09-17T15:01:18,ACUPUNTURA,SEM_VAGA,0
2026-09-17T15:01:22,CIRURGIA PLÁSTICA,SEM_VAGA,0
2026-09-17T15:01:25,CLÍNICA MÉDICA,SEM_VAGA,0
2026-09-17T15:01:29,DERMATOLOGIA,SEM_VAGA,0
2026-09-17T15:01:32,FISIOTERAPIA COLUNA LOMBAR,SEM_VAGA,0
2026-09-17T15:01:35,FISIOTERAPIA MEMBROS INFERIORES,SEM_VAGA,0
2026-09-17T15:01:39,FISIOTERAPIA MEMBROS INFERIORES,SEM_VAGA,0
2026-09-17T15:01:42,GASTROCLÍNICA,SEM_VAGA,0
2026-09-17T15:01:45,GINECOLOGIA-OBSTETRÍCIA,SEM_VAGA,0
2026-09-17T15:01:48,NUTRIÇÃO - DIETÉTICA,SEM_VAGA,0
2026-09-17T15:01:52,ODONTOLOGIA - DENTÍSTICA,SEM_VAGA,0
2026-09-17T15:02:00,ODONTOLOGIA - PERIODONTIA,VAGA_ENCONTRADA,
2026-09-17T15:02:08,OFTALMOLOGIA,SEM_VAGA,0
2026-09-17T15:02:11,ORTOPEDIA,SEM_VAGA,0
2026-09-17T15:02:15,OTORRINOLARINGOLOGIA,SEM_VAGA,0
2026-09-17T15:02:18,PROCTOLOGIA,SEM_VAGA,0
2026-09-17T15:07:33,ACUPUNTURA,SEM_VAGA,0
2026-09-17T15:07:36,CIRURGIA PLÁSTICA,SEM_VAGA,0
2026-09-17T15:07:39,CLÍNICA MÉDICA,SEM_VAGA,0
2026-09-17T15:07:43,DERMATOLOGIA,SEM_VAGA,0
2026-09-17T15:07:46,FISIOTERAPIA COLUNA LOMBAR,SEM_VAGA,0
2026-09-17T15:07:49,FISIOTERAPIA MEMBROS INFERIORES,SEM_VAGA,0
2026-09-17T15:07:52,FISIOTERAPIA MEMBROS INFERIORES,SEM_VAGA,0
2026-09-17T15:07:55,GASTROCLÍNICA,SEM_VAGA,0
2026-09-17T15:07:58,GINECOLOGIA-OBSTETRÍCIA,SEM_VAGA,0
2026-09-17T15:08:02,NUTRIÇÃO - DIETÉTICA,SEM_VAGA,0
2026-09-17T15:08:05,ODONTOLOGIA - DENTÍSTICA,SEM_VAGA,0
2026-09-17T15:08:12,ODONTOLOGIA - PERIODONTIA,VAGA_ENCONTRADA,
2026-09-17T15:08:19,OFTALMOLOGIA,SEM_VAGA,0
2026-09-17T15:08:23,ORTOPEDIA,SEM_VAGA,0
2026-09-17T15:08:26,OTORRINOLARINGOLOGIA,SEM_VAGA,0
2026-09-17T15:08:29,PROCTOLOGIA,SEM_VAGA,0
2026-09-17T15:13:44,ACUPUNTURA,SEM_VAGA,0
2026-09-17T15:13:47,CIRURGIA PLÁSTICA,SEM_VAGA,0
2026-09-17T15:13:50,CLÍNICA MÉDICA,SEM_VAGA,0
2026-09-17T15:13:54,DERMATOLOGIA,SEM_VAGA,0
2026-09-17T15:13:57,FISIOTERAPIA COLUNA LOMBAR,SEM_VAGA,0
2026-09-17T15:14:00,FISIOTERAPIA MEMBROS INFERIORES,SEM_VAGA,0
2026-09-17T15:14:03,FISIOTERAPIA MEMBROS INFERIORES,SEM_VAGA,0
2026-09-17T15:14:06,GASTROCLÍNICA,SEM_VAGA,0
2026-09-17T15:14:09,GINECOLOGIA-OBSTETRÍCIA,SEM_VAGA,0
2026-09-17T15:14:13,NUTRIÇÃO - DIETÉTICA,SEM_VAGA,0
2026-09-17T15:14:16,ODONTOLOGIA - DENTÍSTICA,SEM_VAGA,0
2026-09-17T15:14:23,ODONTOLOGIA - PERIODONTIA,VAGA_ENCONTRADA,
2026-09-17T15:14:30,OFTALMOLOGIA,SEM_VAGA,0
2026-09-17T15:14:34,ORTOPEDIA,SEM_VAGA,0
2026-09-17T15:14:38,OTORRINOLARINGOLOGIA,SEM_VAGA,0
2026-09-17T15:14:41,PROCTOLOGIA,SEM_VAGA,0
2026-09-17T15:19:56,ACUPUNTURA,SEM_VAGA,0
2026-09-17T15:19:59,CIRURGIA PLÁSTICA,SEM_VAGA,0
2026-09-17T15:20:02,CLÍNICA MÉDICA,SEM_VAGA,0
2026-09-17T15:20:06,DERMATOLOGIA,SEM_VAGA,0
2026-09-17T15:20:10,FISIOTERAPIA COLUNA LOMBAR,SEM_VAGA,0
2026-09-17T15:20:14,FISIOTERAPIA MEMBROS INFERIORES,SEM_VAGA,0
2026-09-17T15:20:19,FISIOTERAPIA MEMBROS INFERIORES,SEM_VAGA,0
2026-09-17T15:20:23,GASTROCLÍNICA,SEM_VAGA,0
2026-09-17T15:20:26,GINECOLOGIA-OBSTETRÍCIA,SEM_VAGA,0
2026-09-17T15:20:30,NUTRIÇÃO - DIETÉTICA,SEM_VAGA,0
2026-09-17T15:20:35,ODONTOLOGIA - DENTÍSTICA,SEM_VAGA,0
2026-09-17T15:20:42,ODONTOLOGIA - PERIODONTIA,VAGA_ENCONTRADA,
2026-09-17T15:20:50,OFTALMOLOGIA,SEM_VAGA,0
2026-09-17T15:20:54,ORTOPEDIA,SEM_VAGA,0
2026-09-17T15:20:57,OTORRINOLARINGOLOGIA,SEM_VAGA,0
2026-09-17T15:21:01,PROCTOLOGIA,SEM_VAGA,0
2026-09-17T15:26:16,ACUPUNTURA,SEM_VAGA,0
2026-09-17T15:26:19,CIRURGIA PLÁSTICA,SEM_VAGA,0
2026-09-17T15:26:22,CLÍNICA MÉDICA,SEM_VAGA,0
2026-09-17T15:26:25,DERMATOLOGIA,SEM_VAGA,0
2026-09-17T15:26:29,FISIOTERAPIA COLUNA LOMBAR,SEM_VAGA,0
2026-09-17T15:26:32,FISIOTERAPIA MEMBROS INFERIORES,SEM_VAGA,0
2026-09-17T15:26:35,FISIOTERAPIA MEMBROS INFERIORES,SEM_VAGA,0
2026-09-17T15:26:38,GASTROCLÍNICA,SEM_VAGA,0
2026-09-17T15:26:41,GINECOLOGIA-OBSTETRÍCIA,SEM_VAGA,0
2026-09-17T15:26:45,NUTRIÇÃO - DIETÉTICA,SEM_VAGA,0
2026-09-17T15:26:48,ODONTOLOGIA - DENTÍSTICA,SEM_VAGA,0
2026-09-17T15:26:55,ODONTOLOGIA - PERIODONTIA,VAGA_ENCONTRADA,
2026-09-17T15:27:02,OFTALMOLOGIA,SEM_VAGA,0
2026-09-17T15:27:05,ORTOPEDIA,SEM_VAGA,0
2026-09-17T15:27:08,OTORRINOLARINGOLOGIA,SEM_VAGA,0
2026-09-17T15:27:12,PROCTOLOGIA,SEM_VAGA,0
2026-09-17T15:32:27,ACUPUNTURA,SEM_VAGA,0
2026-09-17T15:32:30,CIRURGIA PLÁSTICA,SEM_VAGA,0
2026-09-17T15:32:33,CLÍNICA MÉDICA,SEM_VAGA,0
2026-09-17T15:32:36,DERMATOLOGIA,SEM_VAGA,0
2026-09-17T15:32:40,FISIOTERAPIA COLUNA LOMBAR,SEM_VAGA,0
2026-09-17T15:32:43,FISIOTERAPIA MEMBROS INFERIORES,SEM_VAGA,0
2026-09-17T15:32:46,FISIOTERAPIA MEMBROS INFERIORES,SEM_VAGA,0
2026-09-17T15:32:49,GASTROCLÍNICA,SEM_VAGA,0
2026-09-17T15:32:52,GINECOLOGIA-OBSTETRÍCIA,SEM_VAGA,0
2026-09-17T15:32:56,NUTRIÇÃO - DIETÉTICA,SEM_VAGA,0
2026-09-17T15:32:59,ODONTOLOGIA - DENTÍSTICA,SEM_VAGA,0
2026-09-17T15:33:06,ODONTOLOGIA - PERIODONTIA,VAGA_ENCONTRADA,
2026-09-17T15:33:13,OFTALMOLOGIA,SEM_VAGA,0
2026-09-17T15:33:17,ORTOPEDIA,SEM_VAGA,0
2026-09-17T15:33:20,OTORRINOLARINGOLOGIA,SEM_VAGA,0
2026-09-17T15:33:23,PROCTOLOGIA,SEM_VAGA,0
2026-09-17T15:38:38,ACUPUNTURA,SEM_VAGA,0
2026-09-17T15:38:41,CIRURGIA PLÁSTICA,SEM_VAGA,0
2026-09-17T15:38:44,CLÍNICA MÉDICA,SEM_VAGA,0
2026-09-17T15:38:48,DERMATOLOGIA,SEM_VAGA,0
2026-09-17T15:38:51,FISIOTERAPIA COLUNA LOMBAR,SEM_VAGA,0
2026-09-17T15:38:54,FISIOTERAPIA MEMBROS INFERIORES,SEM_VAGA,0
2026-09-17T15:38:58,FISIOTERAPIA MEMBROS INFERIORES,SEM_VAGA,0
2026-09-17T15:39:00,GASTROCLÍNICA,SEM_VAGA,0
2026-09-17T15:39:04,GINECOLOGIA-OBSTETRÍCIA,SEM_VAGA,0
2026-09-17T15:39:07,NUTRIÇÃO - DIETÉTICA,SEM_VAGA,0
2026-09-17T15:39:10,ODONTOLOGIA - DENTÍSTICA,SEM_VAGA,0
2026-09-17T15:39:17,ODONTOLOGIA - PERIODONTIA,VAGA_ENCONTRADA,
2026-09-17T15:39:25,OFTALMOLOGIA,SEM_VAGA,0
2026-09-17T15:39:29,ORTOPEDIA,SEM_VAGA,0
2026-09-17T15:39:32,OTORRINOLARINGOLOGIA,SEM_VAGA,0
2026-09-17T15:39:35,PROCTOLOGIA,SEM_VAGA,0
2026-09-17T15:44:50,ACUPUNTURA,SEM_VAGA,0
2026-09-17T15:44:54,CIRURGIA PLÁSTICA,SEM_VAGA,0
2026-09-17T15:45:01,CLÍNICA MÉDICA,VAGA_ENCONTRADA,
2026-09-17T15:45:07,DERMATOLOGIA,SEM_VAGA,0
2026-09-17T15:45:10,FISIOTERAPIA COLUNA LOMBAR,SEM_VAGA,0
2026-09-17T15:45:13,FISIOTERAPIA MEMBROS INFERIORES,SEM_VAGA,0
2026-09-17T15:45:17,FISIOTERAPIA MEMBROS INFERIORES,SEM_VAGA,0
2026-09-17T15:45:20,GASTROCLÍNICA,SEM_VAGA,0
2026-09-17T15:45:24,GINECOLOGIA-OBSTETRÍCIA,SEM_VAGA,0
2026-09-17T15:45:27,NUTRIÇÃO - DIETÉTICA,SEM_VAGA,0
2026-09-17T15:45:31,ODONTOLOGIA - DENTÍSTICA,SEM_VAGA,0
2026-09-17T15:45:38,ODONTOLOGIA - PERIODONTIA,VAGA_ENCONTRADA,
2026-09-17T15:45:45,OFTALMOLOGIA,SEM_VAGA,0
2026-09-17T15:45:48,ORTOPEDIA,SEM_VAGA,0
2026-09-17T15:45:52,OTORRINOLARINGOLOGIA,SEM_VAGA,0
2026-09-17T15:45:55,PROCTOLOGIA,SEM_VAGA,0
2026-09-17T15:51:10,ACUPUNTURA,SEM_VAGA,0
2026-09-17T15:51:13,CIRURGIA PLÁSTICA,SEM_VAGA,0
2026-09-17T15:51:16,CLÍNICA MÉDICA,SEM_VAGA,0
2026-09-17T15:51:20,DERMATOLOGIA,SEM_VAGA,0
2026-09-17T15:51:23,FISIOTERAPIA COLUNA LOMBAR,SEM_VAGA,0
2026-09-17T15:51:27,FISIOTERAPIA MEMBROS INFERIORES,SEM_VAGA,0
2026-09-17T15:51:30,FISIOTERAPIA MEMBROS INFERIORES,SEM_VAGA,0
2026-09-17T15:51:32,GASTROCLÍNICA,SEM_VAGA,0
2026-09-17T15:51:36,GINECOLOGIA-OBSTETRÍCIA,SEM_VAGA,0
2026-09-17T15:51:39,NUTRIÇÃO - DIETÉTICA,SEM_VAGA,0
2026-09-17T15:51:42,ODONTOLOGIA - DENTÍSTICA,SEM_VAGA,0
2026-09-17T15:51:49,ODONTOLOGIA - PERIODONTIA,VAGA_ENCONTRADA,
2026-09-17T15:51:56,OFTALMOLOGIA,SEM_VAGA,0
2026-09-17T15:52:00,ORTOPEDIA,SEM_VAGA,0
2026-09-17T15:52:04,OTORRINOLARINGOLOGIA,SEM_VAGA,0
2026-09-17T15:52:07,PROCTOLOGIA,SEM_VAGA,0
2026-09-17T15:57:22,ACUPUNTURA,SEM_VAGA,0
2026-09-17T15:57:25,CIRURGIA PLÁSTICA,SEM_VAGA,0
2026-09-17T15:57:28,CLÍNICA MÉDICA,SEM_VAGA,0
2026-09-17T15:57:31,DERMATOLOGIA,SEM_VAGA,0
2026-09-17T15:57:34,FISIOTERAPIA COLUNA LOMBAR,SEM_VAGA,0
2026-09-17T15:57:38,FISIOTERAPIA MEMBROS INFERIORES,SEM_VAGA,0
2026-09-17T15:57:41,FISIOTERAPIA MEMBROS INFERIORES,SEM_VAGA,0
2026-09-17T15:57:44,GASTROCLÍNICA,SEM_VAGA,0
2026-09-17T15:57:47,GINECOLOGIA-OBSTETRÍCIA,SEM_VAGA,0
2026-09-17T15:57:50,NUTRIÇÃO - DIETÉTICA,SEM_VAGA,0
2026-09-17T15:57:54,ODONTOLOGIA - DENTÍSTICA,SEM_VAGA,0
2026-09-17T15:58:01,ODONTOLOGIA - PERIODONTIA,VAGA_ENCONTRADA,
2026-09-17T15:58:08,OFTALMOLOGIA,SEM_VAGA,0
2026-09-17T15:58:11,ORTOPEDIA,SEM_VAGA,0
2026-09-17T15:58:14,OTORRINOLARINGOLOGIA,SEM_VAGA,0
2026-09-17T15:58:18,PROCTOLOGIA,SEM_VAGA,0
2026-09-17T16:03:33,ACUPUNTURA,SEM_VAGA,0
2026-09-17T16:03:37,CIRURGIA PLÁSTICA,SEM_VAGA,0
2026-09-17T16:03:41,CLÍNICA MÉDICA,SEM_VAGA,0
2026-09-17T16:03:46,DERMATOLOGIA,SEM_VAGA,0
2026-09-17T16:03:50,FISIOTERAPIA COLUNA LOMBAR,SEM_VAGA,0
2026-09-17T16:03:56,FISIOTERAPIA MEMBROS INFERIORES,SEM_VAGA,0
2026-09-17T16:04:01,FISIOTERAPIA MEMBROS INFERIORES,SEM_VAGA,0
2026-09-17T16:04:05,GASTROCLÍNICA,SEM_VAGA,0
2026-09-17T16:04:11,GINECOLOGIA-OBSTETRÍCIA,SEM_VAGA,0
2026-09-17T16:04:16,NUTRIÇÃO - DIETÉTICA,SEM_VAGA,0
2026-09-17T16:04:21,ODONTOLOGIA - DENTÍSTICA,SEM_VAGA,0
2026-09-17T16:04:29,ODONTOLOGIA - PERIODONTIA,VAGA_ENCONTRADA,
2026-09-17T16:04:39,OFTALMOLOGIA,SEM_VAGA,0
2026-09-17T16:04:44,ORTOPEDIA,SEM_VAGA,0
2026-09-17T16:04:48,OTORRINOLARINGOLOGIA,SEM_VAGA,0
2026-09-17T16:04:53,PROCTOLOGIA,SEM_VAGA,0
2026-09-17T16:10:09,ACUPUNTURA,SEM_VAGA,0
2026-09-17T16:10:12,CIRURGIA PLÁSTICA,SEM_VAGA,0
2026-09-17T16:10:20,CLÍNICA MÉDICA,VAGA_ENCONTRADA,
2026-09-17T16:10:27,DERMATOLOGIA,SEM_VAGA,0
2026-09-17T16:10:32,FISIOTERAPIA COLUNA LOMBAR,SEM_VAGA,0
2026-09-17T16:10:36,FISIOTERAPIA MEMBROS INFERIORES,SEM_VAGA,0
2026-09-17T16:10:41,FISIOTERAPIA MEMBROS INFERIORES,SEM_VAGA,0
2026-09-17T16:10:45,GASTROCLÍNICA,SEM_VAGA,0
2026-09-17T16:10:48,GINECOLOGIA-OBSTETRÍCIA,SEM_VAGA,0
2026-09-17T16:10:52,NUTRIÇÃO - DIETÉTICA,SEM_VAGA,0
2026-09-17T16:10:55,ODONTOLOGIA - DENTÍSTICA,SEM_VAGA,0
2026-09-17T16:11:02,ODONTOLOGIA - PERIODONTIA,VAGA_ENCONTRADA,
2026-09-17T16:11:11,OFTALMOLOGIA,SEM_VAGA,0
2026-09-17T16:11:15,ORTOPEDIA,SEM_VAGA,0
2026-09-17T16:11:20,OTORRINOLARINGOLOGIA,SEM_VAGA,0
2026-09-17T16:11:25,PROCTOLOGIA,SEM_VAGA,0
2026-09-17T16:16:41,ACUPUNTURA,SEM_VAGA,0
2026-09-17T16:16:44,CIRURGIA PLÁSTICA,SEM_VAGA,0
2026-09-17T16:16:51,CLÍNICA MÉDICA,VAGA_ENCONTRADA,
2026-09-17T16:16:57,DERMATOLOGIA,SEM_VAGA,0
2026-09-17T16:17:01,FISIOTERAPIA COLUNA LOMBAR,SEM_VAGA,0
2026-09-17T16:17:04,FISIOTERAPIA MEMBROS INFERIORES,SEM_VAGA,0
2026-09-17T16:17:08,FISIOTERAPIA MEMBROS INFERIORES,SEM_VAGA,0
2026-09-17T16:17:11,GASTROCLÍNICA,SEM_VAGA,0
2026-09-17T16:17:14,GINECOLOGIA-OBSTETRÍCIA,SEM_VAGA,0
2026-09-17T16:17:17,NUTRIÇÃO - DIETÉTICA,SEM_VAGA,0
2026-09-17T16:17:20,ODONTOLOGIA - DENTÍSTICA,SEM_VAGA,0
2026-09-17T16:17:27,ODONTOLOGIA - PERIODONTIA,VAGA_ENCONTRADA,
2026-09-17T16:17:35,OFTALMOLOGIA,SEM_VAGA,0
2026-09-17T16:17:38,ORTOPEDIA,SEM_VAGA,0
2026-09-17T16:17:42,OTORRINOLARINGOLOGIA,SEM_VAGA,0
2026-09-17T16:17:45,PROCTOLOGIA,SEM_VAGA,0
2026-09-17T16:23:01,ACUPUNTURA,SEM_VAGA,0
2026-09-17T16:23:05,CIRURGIA PLÁSTICA,SEM_VAGA,0
2026-09-17T16:23:10,CLÍNICA MÉDICA,SEM_VAGA,0
2026-09-17T16:23:13,DERMATOLOGIA,SEM_VAGA,0
2026-09-17T16:23:17,FISIOTERAPIA COLUNA LOMBAR,SEM_VAGA,0
2026-09-17T16:23:21,FISIOTERAPIA MEMBROS INFERIORES,SEM_VAGA,0
2026-09-17T16:23:24,FISIOTERAPIA MEMBROS INFERIORES,SEM_VAGA,0
2026-09-17T16:23:27,GASTROCLÍNICA,SEM_VAGA,0
2026-09-17T16:23:30,GINECOLOGIA-OBSTETRÍCIA,SEM_VAGA,0
2026-09-17T16:23:34,NUTRIÇÃO - DIETÉTICA,SEM_VAGA,0
2026-09-17T16:23:38,ODONTOLOGIA - DENTÍSTICA,SEM_VAGA,0
2026-09-17T16:23:44,ODONTOLOGIA - PERIODONTIA,VAGA_ENCONTRADA,
2026-09-17T16:23:53,OFTALMOLOGIA,SEM_VAGA,0
2026-09-17T16:23:57,ORTOPEDIA,SEM_VAGA,0
2026-09-17T16:24:01,OTORRINOLARINGOLOGIA,SEM_VAGA,0
2026-09-17T16:24:05,PROCTOLOGIA,SEM_VAGA,0
2026-09-17T16:29:20,ACUPUNTURA,SEM_VAGA,0
2026-09-17T16:29:23,CIRURGIA PLÁSTICA,SEM_VAGA,0
2026-09-17T16:29:26,CLÍNICA MÉDICA,SEM_VAGA,0
2026-09-17T16:29:31,DERMATOLOGIA,SEM_VAGA,0
2026-09-17T16:29:34,FISIOTERAPIA COLUNA LOMBAR,SEM_VAGA,0
2026-09-17T16:29:38,FISIOTERAPIA MEMBROS INFERIORES,SEM_VAGA,0
2026-09-17T16:29:41,FISIOTERAPIA MEMBROS INFERIORES,SEM_VAGA,0
2026-09-17T16:29:44,GASTROCLÍNICA,SEM_VAGA,0
2026-09-17T16:29:47,GINECOLOGIA-OBSTETRÍCIA,SEM_VAGA,0
2026-09-17T16:29:51,NUTRIÇÃO - DIETÉTICA,SEM_VAGA,0
2026-09-17T16:29:54,ODONTOLOGIA - DENTÍSTICA,SEM_VAGA,0
2026-09-17T16:30:01,ODONTOLOGIA - PERIODONTIA,VAGA_ENCONTRADA,
2026-09-17T16:30:08,OFTALMOLOGIA,SEM_VAGA,0
2026-09-17T16:30:12,ORTOPEDIA,SEM_VAGA,0
2026-09-17T16:30:15,OTORRINOLARINGOLOGIA,SEM_VAGA,0
2026-09-17T16:30:19,PROCTOLOGIA,SEM_VAGA,0
2026-09-17T16:35:35,ACUPUNTURA,SEM_VAGA,0
2026-09-17T16:35:39,CIRURGIA PLÁSTICA,SEM_VAGA,0
2026-09-17T16:35:42,CLÍNICA MÉDICA,SEM_VAGA,0
2026-09-17T16:35:45,DERMATOLOGIA,SEM_VAGA,0
2026-09-17T16:35:49,FISIOTERAPIA COLUNA LOMBAR,SEM_VAGA,0
2026-09-17T16:35:53,FISIOTERAPIA MEMBROS INFERIORES,SEM_VAGA,0
2026-09-17T16:35:57,FISIOTERAPIA MEMBROS INFERIORES,SEM_VAGA,0
2026-09-17T16:36:01,GASTROCLÍNICA,SEM_VAGA,0
2026-09-17T16:36:05,GINECOLOGIA-OBSTETRÍCIA,SEM_VAGA,0
2026-09-17T16:36:09,NUTRIÇÃO - DIETÉTICA,SEM_VAGA,0
2026-09-17T16:36:14,ODONTOLOGIA - DENTÍSTICA,SEM_VAGA,0
2026-09-17T16:36:22,ODONTOLOGIA - PERIODONTIA,VAGA_ENCONTRADA,
2026-09-17T16:36:29,OFTALMOLOGIA,SEM_VAGA,0
2026-09-17T16:36:32,ORTOPEDIA,SEM_VAGA,0
2026-09-17T16:36:35,OTORRINOLARINGOLOGIA,SEM_VAGA,0
2026-09-17T16:36:38,PROCTOLOGIA,SEM_VAGA,0
2026-09-17T16:41:53,ACUPUNTURA,SEM_VAGA,0
2026-09-17T16:41:57,CIRURGIA PLÁSTICA,SEM_VAGA,0
2026-09-17T16:42:00,CLÍNICA MÉDICA,SEM_VAGA,0
2026-09-17T16:42:03,DERMATOLOGIA,SEM_VAGA,0
2026-09-17T16:42:07,FISIOTERAPIA COLUNA LOMBAR,SEM_VAGA,0
2026-09-17T16:42:10,FISIOTERAPIA MEMBROS INFERIORES,SEM_VAGA,0
2026-09-17T16:42:13,FISIOTERAPIA MEMBROS INFERIORES,SEM_VAGA,0
2026-09-17T16:42:16,GASTROCLÍNICA,SEM_VAGA,0
2026-09-17T16:42:20,GINECOLOGIA-OBSTETRÍCIA,SEM_VAGA,0
2026-09-17T16:42:23,NUTRIÇÃO - DIETÉTICA,SEM_VAGA,0
2026-09-17T16:42:30,ODONTOLOGIA - DENTÍSTICA,VAGA_ENCONTRADA,
2026-09-17T16:42:41,ODONTOLOGIA - PERIODONTIA,VAGA_ENCONTRADA,
2026-09-17T16:42:48,OFTALMOLOGIA,SEM_VAGA,0
2026-09-17T16:42:51,ORTOPEDIA,SEM_VAGA,0
2026-09-17T16:42:55,OTORRINOLARINGOLOGIA,SEM_VAGA,0
2026-09-17T16:42:58,PROCTOLOGIA,SEM_VAGA,0
2026-09-17T16:48:20,CIRURGIA PLÁSTICA,SEM_VAGA,0
2026-09-17T16:48:24,CLÍNICA MÉDICA,SEM_VAGA,0
2026-09-17T16:48:29,DERMATOLOGIA,SEM_VAGA,0
2026-09-17T16:48:33,FISIOTERAPIA COLUNA LOMBAR,SEM_VAGA,0
2026-09-17T16:48:38,FISIOTERAPIA MEMBROS INFERIORES,SEM_VAGA,0
2026-09-17T16:48:41,FISIOTERAPIA MEMBROS INFERIORES,SEM_VAGA,0
2026-09-17T16:48:45,GASTROCLÍNICA,SEM_VAGA,0
2026-09-17T16:48:49,GINECOLOGIA-OBSTETRÍCIA,SEM_VAGA,0
2026-09-17T16:48:53,NUTRIÇÃO - DIETÉTICA,SEM_VAGA,0
2026-09-17T16:49:00,ODONTOLOGIA - DENTÍSTICA,VAGA_ENCONTRADA,
2026-09-17T16:49:10,ODONTOLOGIA - PERIODONTIA,VAGA_ENCONTRADA,
2026-09-17T16:49:17,OFTALMOLOGIA,SEM_VAGA,0
2026-09-17T16:49:20,ORTOPEDIA,SEM_VAGA,0
2026-09-17T16:49:24,OTORRINOLARINGOLOGIA,SEM_VAGA,0
2026-09-17T16:54:46,ACUPUNTURA,SEM_VAGA,0
2026-09-17T16:54:50,CIRURGIA PLÁSTICA,SEM_VAGA,0
2026-09-17T16:54:53,CLÍNICA MÉDICA,SEM_VAGA,0
2026-09-17T16:54:56,DERMATOLOGIA,SEM_VAGA,0
2026-09-17T16:55:00,FISIOTERAPIA COLUNA LOMBAR,SEM_VAGA,0
2026-09-17T16:55:03,FISIOTERAPIA MEMBROS INFERIORES,SEM_VAGA,0
2026-09-17T16:55:06,FISIOTERAPIA MEMBROS INFERIORES,SEM_VAGA,0
2026-09-17T16:55:09,GASTROCLÍNICA,SEM_VAGA,0
2026-09-17T16:55:14,GINECOLOGIA-OBSTETRÍCIA,SEM_VAGA,0
2026-09-17T16:55:17,NUTRIÇÃO - DIETÉTICA,SEM_VAGA,0
2026-09-17T16:55:25,ODONTOLOGIA - DENTÍSTICA,VAGA_ENCONTRADA,
2026-09-17T16:55:36,ODONTOLOGIA - PERIODONTIA,VAGA_ENCONTRADA,
2026-09-17T16:55:44,OFTALMOLOGIA,SEM_VAGA,0
2026-09-17T16:55:49,ORTOPEDIA,SEM_VAGA,0
2026-09-17T16:55:53,OTORRINOLARINGOLOGIA,SEM_VAGA,0
2026-09-17T16:55:56,PROCTOLOGIA,SEM_VAGA,0
2026-09-17T17:01:11,ACUPUNTURA,SEM_VAGA,0
2026-09-17T17:01:14,CIRURGIA PLÁSTICA,SEM_VAGA,0
2026-09-17T17:01:18,CLÍNICA MÉDICA,SEM_VAGA,0
2026-09-17T17:01:21,DERMATOLOGIA,SEM_VAGA,0
2026-09-17T17:01:24,FISIOTERAPIA COLUNA LOMBAR,SEM_VAGA,0
2026-09-17T17:01:27,FISIOTERAPIA MEMBROS INFERIORES,SEM_VAGA,0
2026-09-17T17:01:31,FISIOTERAPIA MEMBROS INFERIORES,SEM_VAGA,0
2026-09-17T17:01:34,GASTROCLÍNICA,SEM_VAGA,0
2026-09-17T17:01:37,GINECOLOGIA-OBSTETRÍCIA,SEM_VAGA,0
2026-09-17T17:01:40,NUTRIÇÃO - DIETÉTICA,SEM_VAGA,0
2026-09-17T17:01:44,ODONTOLOGIA - DENTÍSTICA,SEM_VAGA,0
2026-09-17T17:01:51,ODONTOLOGIA - PERIODONTIA,VAGA_ENCONTRADA,
2026-09-17T17:01:58,OFTALMOLOGIA,SEM_VAGA,0
2026-09-17T17:02:02,ORTOPEDIA,SEM_VAGA,0
2026-09-17T17:02:05,OTORRINOLARINGOLOGIA,SEM_VAGA,0
2026-09-17T17:02:09,PROCTOLOGIA,SEM_VAGA,0
2026-09-17T17:07:26,ACUPUNTURA,SEM_VAGA,0
2026-09-17T17:07:30,CIRURGIA PLÁSTICA,SEM_VAGA,0
2026-09-17T17:07:35,CLÍNICA MÉDICA,SEM_VAGA,0
2026-09-17T17:07:38,DERMATOLOGIA,SEM_VAGA,0
2026-09-17T17:07:43,FISIOTERAPIA COLUNA LOMBAR,SEM_VAGA,0
2026-09-17T17:07:46,FISIOTERAPIA MEMBROS INFERIORES,SEM_VAGA,0
2026-09-17T17:07:49,FISIOTERAPIA MEMBROS INFERIORES,SEM_VAGA,0
2026-09-17T17:07:52,GASTROCLÍNICA,SEM_VAGA,0
2026-09-17T17:07:56,GINECOLOGIA-OBSTETRÍCIA,SEM_VAGA,0
2026-09-17T17:07:59,NUTRIÇÃO - DIETÉTICA,SEM_VAGA,0
2026-09-17T17:08:02,ODONTOLOGIA - DENTÍSTICA,SEM_VAGA,0
2026-09-17T17:08:09,ODONTOLOGIA - PERIODONTIA,VAGA_ENCONTRADA,
2026-09-17T17:08:16,OFTALMOLOGIA,SEM_VAGA,0
2026-09-17T17:08:20,ORTOPEDIA,SEM_VAGA,0
2026-09-17T17:08:23,OTORRINOLARINGOLOGIA,SEM_VAGA,0
2026-09-17T17:08:27,PROCTOLOGIA,SEM_VAGA,0
2026-09-17T17:13:42,ACUPUNTURA,SEM_VAGA,0
2026-09-17T17:13:45,CIRURGIA PLÁSTICA,SEM_VAGA,0
2026-09-17T17:13:48,CLÍNICA MÉDICA,SEM_VAGA,0
2026-09-17T17:13:51,DERMATOLOGIA,SEM_VAGA,0
2026-09-17T17:13:55,FISIOTERAPIA COLUNA LOMBAR,SEM_VAGA,0
2026-09-17T17:13:58,FISIOTERAPIA MEMBROS INFERIORES,SEM_VAGA,0
2026-09-17T17:14:01,FISIOTERAPIA MEMBROS INFERIORES,SEM_VAGA,0
2026-09-17T17:14:04,GASTROCLÍNICA,SEM_VAGA,0
2026-09-17T17:14:07,GINECOLOGIA-OBSTETRÍCIA,SEM_VAGA,0
2026-09-17T17:14:10,NUTRIÇÃO - DIETÉTICA,SEM_VAGA,0
2026-09-17T17:14:14,ODONTOLOGIA - DENTÍSTICA,SEM_VAGA,0
2026-09-17T17:14:21,ODONTOLOGIA - PERIODONTIA,VAGA_ENCONTRADA,
2026-09-17T17:14:28,OFTALMOLOGIA,SEM_VAGA,0
2026-09-17T17:14:31,ORTOPEDIA,SEM_VAGA,0
2026-09-17T17:14:34,OTORRINOLARINGOLOGIA,SEM_VAGA,0
2026-09-17T17:14:37,PROCTOLOGIA,SEM_VAGA,0
2026-09-17T17:19:52,ACUPUNTURA,SEM_VAGA,0
2026-09-17T17:19:56,CIRURGIA PLÁSTICA,SEM_VAGA,0
2026-09-17T17:19:59,CLÍNICA MÉDICA,SEM_VAGA,0
2026-09-17T17:20:02,DERMATOLOGIA,SEM_VAGA,0
2026-09-17T17:20:05,FISIOTERAPIA COLUNA LOMBAR,SEM_VAGA,0
2026-09-17T17:20:09,FISIOTERAPIA MEMBROS INFERIORES,SEM_VAGA,0
2026-09-17T17:20:12,FISIOTERAPIA MEMBROS INFERIORES,SEM_VAGA,0
2026-09-17T17:20:15,GASTROCLÍNICA,SEM_VAGA,0
2026-09-17T17:20:18,GINECOLOGIA-OBSTETRÍCIA,SEM_VAGA,0
2026-09-17T17:20:23,NUTRIÇÃO - DIETÉTICA,SEM_VAGA,0
2026-09-17T17:20:27,ODONTOLOGIA - DENTÍSTICA,SEM_VAGA,0
2026-09-17T17:20:35,ODONTOLOGIA - PERIODONTIA,VAGA_ENCONTRADA,
2026-09-17T17:20:43,OFTALMOLOGIA,SEM_VAGA,0
2026-09-17T17:20:46,ORTOPEDIA,SEM_VAGA,0
2026-09-17T17:20:49,OTORRINOLARINGOLOGIA,SEM_VAGA,0
2026-09-17T17:20:53,PROCTOLOGIA,SEM_VAGA,0
2026-09-17T17:26:10,ACUPUNTURA,SEM_VAGA,0
2026-09-17T17:26:14,CIRURGIA PLÁSTICA,SEM_VAGA,0
2026-09-17T17:26:19,CLÍNICA MÉDICA,SEM_VAGA,0
2026-09-17T17:26:23,DERMATOLOGIA,SEM_VAGA,0
2026-09-17T17:26:27,FISIOTERAPIA COLUNA LOMBAR,SEM_VAGA,0
2026-09-17T17:26:32,FISIOTERAPIA MEMBROS INFERIORES,SEM_VAGA,0
2026-09-17T17:26:35,FISIOTERAPIA MEMBROS INFERIORES,SEM_VAGA,0
2026-09-17T17:26:38,GASTROCLÍNICA,SEM_VAGA,0
2026-09-17T17:26:44,GINECOLOGIA-OBSTETRÍCIA,SEM_VAGA,0
2026-09-17T17:26:47,NUTRIÇÃO - DIETÉTICA,SEM_VAGA,0
2026-09-17T17:26:50,ODONTOLOGIA - DENTÍSTICA,SEM_VAGA,0
2026-09-17T17:26:57,ODONTOLOGIA - PERIODONTIA,VAGA_ENCONTRADA,
2026-09-17T17:27:08,OFTALMOLOGIA,VAGA_ENCONTRADA,
2026-09-17T17:27:14,ORTOPEDIA,SEM_VAGA,0
2026-09-17T17:27:17,OTORRINOLARINGOLOGIA,SEM_VAGA,0
2026-09-17T17:27:21,PROCTOLOGIA,SEM_VAGA,0
2026-09-17T17:32:36,ACUPUNTURA,SEM_VAGA,0
2026-09-17T17:32:39,CIRURGIA PLÁSTICA,SEM_VAGA,0
2026-09-17T17:32:43,CLÍNICA MÉDICA,SEM_VAGA,0
2026-09-17T17:32:46,DERMATOLOGIA,SEM_VAGA,0
2026-09-17T17:32:50,FISIOTERAPIA COLUNA LOMBAR,SEM_VAGA,0
2026-09-17T17:32:53,FISIOTERAPIA MEMBROS INFERIORES,SEM_VAGA,0
2026-09-17T17:32:56,FISIOTERAPIA MEMBROS INFERIORES,SEM_VAGA,0
2026-09-17T17:32:59,GASTROCLÍNICA,SEM_VAGA,0
2026-09-17T17:33:02,GINECOLOGIA-OBSTETRÍCIA,SEM_VAGA,0
2026-09-17T17:33:06,NUTRIÇÃO - DIETÉTICA,SEM_VAGA,0
2026-09-17T17:33:09,ODONTOLOGIA - DENTÍSTICA,SEM_VAGA,0
2026-09-17T17:33:16,ODONTOLOGIA - PERIODONTIA,VAGA_ENCONTRADA,
2026-09-17T17:33:23,OFTALMOLOGIA,SEM_VAGA,0
2026-09-17T17:33:26,ORTOPEDIA,SEM_VAGA,0
2026-09-17T17:33:30,OTORRINOLARINGOLOGIA,SEM_VAGA,0
2026-09-17T17:33:33,PROCTOLOGIA,SEM_VAGA,0
2026-09-17T17:38:48,ACUPUNTURA,SEM_VAGA,0
2026-09-17T17:38:51,CIRURGIA PLÁSTICA,SEM_VAGA,0
2026-09-17T17:38:54,CLÍNICA MÉDICA,SEM_VAGA,0
2026-09-17T17:38:57,DERMATOLOGIA,SEM_VAGA,0
2026-09-17T17:39:01,FISIOTERAPIA COLUNA LOMBAR,SEM_VAGA,0
2026-09-17T17:39:04,FISIOTERAPIA MEMBROS INFERIORES,SEM_VAGA,0
2026-09-17T17:39:07,FISIOTERAPIA MEMBROS INFERIORES,SEM_VAGA,0
2026-09-17T17:39:10,GASTROCLÍNICA,SEM_VAGA,0
2026-09-17T17:39:13,GINECOLOGIA-OBSTETRÍCIA,SEM_VAGA,0
2026-09-17T17:39:16,NUTRIÇÃO - DIETÉTICA,SEM_VAGA,0
2026-09-17T17:39:20,ODONTOLOGIA - DENTÍSTICA,SEM_VAGA,0
2026-09-17T17:39:27,ODONTOLOGIA - PERIODONTIA,VAGA_ENCONTRADA,
2026-09-17T17:39:34,OFTALMOLOGIA,SEM_VAGA,0
2026-09-17T17:39:37,ORTOPEDIA,SEM_VAGA,0
2026-09-17T17:39:40,OTORRINOLARINGOLOGIA,SEM_VAGA,0
2026-09-17T17:39:44,PROCTOLOGIA,SEM_VAGA,0
2026-09-17T17:44:59,ACUPUNTURA,SEM_VAGA,0
2026-09-17T17:45:02,CIRURGIA PLÁSTICA,SEM_VAGA,0
2026-09-17T17:45:05,CLÍNICA MÉDICA,SEM_VAGA,0
2026-09-17T17:45:08,DERMATOLOGIA,SEM_VAGA,0
2026-09-17T17:45:13,FISIOTERAPIA COLUNA LOMBAR,SEM_VAGA,0
2026-09-17T17:45:17,FISIOTERAPIA MEMBROS INFERIORES,SEM_VAGA,0
2026-09-17T17:45:22,FISIOTERAPIA MEMBROS INFERIORES,SEM_VAGA,0
2026-09-17T17:45:25,GASTROCLÍNICA,SEM_VAGA,0
2026-09-17T17:45:31,GINECOLOGIA-OBSTETRÍCIA,SEM_VAGA,0
2026-09-17T17:45:35,NUTRIÇÃO - DIETÉTICA,SEM_VAGA,0
2026-09-17T17:45:38,ODONTOLOGIA - DENTÍSTICA,SEM_VAGA,0
2026-09-17T17:45:45,ODONTOLOGIA - PERIODONTIA,VAGA_ENCONTRADA,
2026-09-17T17:45:52,OFTALMOLOGIA,SEM_VAGA,0
2026-09-17T17:45:55,ORTOPEDIA,SEM_VAGA,0
2026-09-17T17:45:59,OTORRINOLARINGOLOGIA,SEM_VAGA,0
2026-09-17T17:46:03,PROCTOLOGIA,SEM_VAGA,0
2026-09-17T17:51:26,CIRURGIA PLÁSTICA,SEM_VAGA,0
2026-09-17T17:51:29,CLÍNICA MÉDICA,SEM_VAGA,0
2026-09-17T17:51:32,DERMATOLOGIA,SEM_VAGA,0
2026-09-17T17:51:36,FISIOTERAPIA COLUNA LOMBAR,SEM_VAGA,0
2026-09-17T17:51:39,FISIOTERAPIA MEMBROS INFERIORES,SEM_VAGA,0
2026-09-17T17:51:42,FISIOTERAPIA MEMBROS INFERIORES,SEM_VAGA,0
2026-09-17T17:51:45,GASTROCLÍNICA,SEM_VAGA,0
2026-09-17T17:52:09,ODONTOLOGIA - DENTÍSTICA,SEM_VAGA,0
2026-09-17T17:52:17,ODONTOLOGIA - PERIODONTIA,VAGA_ENCONTRADA,
2026-09-17T17:52:28,OFTALMOLOGIA,SEM_VAGA,0
2026-09-17T17:52:32,ORTOPEDIA,SEM_VAGA,0
2026-09-17T17:52:36,OTORRINOLARINGOLOGIA,SEM_VAGA,0
2026-09-17T17:52:40,PROCTOLOGIA,SEM_VAGA,0
2026-09-17T17:57:55,ACUPUNTURA,SEM_VAGA,0
2026-09-17T17:57:58,CIRURGIA PLÁSTICA,SEM_VAGA,0
2026-09-17T17:58:01,CLÍNICA MÉDICA,SEM_VAGA,0
2026-09-17T17:58:04,DERMATOLOGIA,SEM_VAGA,0
2026-09-17T17:58:08,FISIOTERAPIA COLUNA LOMBAR,SEM_VAGA,0
2026-09-17T17:58:11,FISIOTERAPIA MEMBROS INFERIORES,SEM_VAGA,0
2026-09-17T17:58:14,FISIOTERAPIA MEMBROS INFERIORES,SEM_VAGA,0
2026-09-17T17:58:24,GINECOLOGIA-OBSTETRÍCIA,SEM_VAGA,0
2026-09-17T17:58:28,NUTRIÇÃO - DIETÉTICA,SEM_VAGA,0
2026-09-17T17:58:31,ODONTOLOGIA - DENTÍSTICA,SEM_VAGA,0
2026-09-17T17:58:38,ODONTOLOGIA - PERIODONTIA,VAGA_ENCONTRADA,
2026-09-17T17:58:49,OFTALMOLOGIA,VAGA_ENCONTRADA,
2026-09-17T17:58:55,ORTOPEDIA,SEM_VAGA,0
2026-09-17T17:58:59,OTORRINOLARINGOLOGIA,SEM_VAGA,0
2026-09-17T17:59:02,PROCTOLOGIA,SEM_VAGA,0
2026-09-17T18:04:17,ACUPUNTURA,SEM_VAGA,0
2026-09-17T18:04:20,CIRURGIA PLÁSTICA,SEM_VAGA,0
2026-09-17T18:04:23,CLÍNICA MÉDICA,SEM_VAGA,0
2026-09-17T18:04:27,DERMATOLOGIA,SEM_VAGA,0
2026-09-17T18:04:31,FISIOTERAPIA COLUNA LOMBAR,SEM_VAGA,0
2026-09-17T18:04:35,FISIOTERAPIA MEMBROS INFERIORES,SEM_VAGA,0
2026-09-17T18:04:38,FISIOTERAPIA MEMBROS INFERIORES,SEM_VAGA,0
2026-09-17T18:04:48,GINECOLOGIA-OBSTETRÍCIA,SEM_VAGA,0
2026-09-17T18:04:52,NUTRIÇÃO - DIETÉTICA,SEM_VAGA,0
2026-09-17T18:04:55,ODONTOLOGIA - DENTÍSTICA,SEM_VAGA,0
2026-09-17T18:05:02,ODONTOLOGIA - PERIODONTIA,VAGA_ENCONTRADA,
2026-09-17T18:05:09,OFTALMOLOGIA,SEM_VAGA,0
2026-09-17T18:05:13,ORTOPEDIA,SEM_VAGA,0
2026-09-17T18:05:16,OTORRINOLARINGOLOGIA,SEM_VAGA,0
2026-09-17T18:05:19,PROCTOLOGIA,SEM_VAGA,0
2026-09-17T18:10:34,ACUPUNTURA,SEM_VAGA,0
2026-09-17T18:10:37,CIRURGIA PLÁSTICA,SEM_VAGA,0
2026-09-17T18:10:40,CLÍNICA MÉDICA,SEM_VAGA,0
2026-09-17T18:10:44,DERMATOLOGIA,SEM_VAGA,0
2026-09-17T18:10:47,FISIOTERAPIA COLUNA LOMBAR,SEM_VAGA,0
2026-09-17T18:10:50,FISIOTERAPIA MEMBROS INFERIORES,SEM_VAGA,0
2026-09-17T18:10:53,FISIOTERAPIA MEMBROS INFERIORES,SEM_VAGA,0
2026-09-17T18:11:04,GINECOLOGIA-OBSTETRÍCIA,SEM_VAGA,0
2026-09-17T18:11:07,NUTRIÇÃO - DIETÉTICA,SEM_VAGA,0
2026-09-17T18:11:11,ODONTOLOGIA - DENTÍSTICA,SEM_VAGA,0
2026-09-17T18:11:18,ODONTOLOGIA - PERIODONTIA,VAGA_ENCONTRADA,
2026-09-17T18:11:26,OFTALMOLOGIA,SEM_VAGA,0
2026-09-17T18:11:29,ORTOPEDIA,SEM_VAGA,0
2026-09-17T18:11:32,OTORRINOLARINGOLOGIA,SEM_VAGA,0
2026-09-17T18:11:36,PROCTOLOGIA,SEM_VAGA,0
2026-09-17T18:16:51,ACUPUNTURA,SEM_VAGA,0
2026-09-17T18:16:55,CIRURGIA PLÁSTICA,SEM_VAGA,0
2026-09-17T18:16:59,CLÍNICA MÉDICA,SEM_VAGA,0
2026-09-17T18:17:04,DERMATOLOGIA,SEM_VAGA,0
2026-09-17T18:17:08,FISIOTERAPIA COLUNA LOMBAR,SEM_VAGA,0
2026-09-17T18:17:12,FISIOTERAPIA MEMBROS INFERIORES,SEM_VAGA,0
2026-09-17T18:17:15,FISIOTERAPIA MEMBROS INFERIORES,SEM_VAGA,0
2026-09-17T18:17:29,GINECOLOGIA-OBSTETRÍCIA,VAGA_ENCONTRADA,
2026-09-17T18:17:35,NUTRIÇÃO - DIETÉTICA,SEM_VAGA,0
2026-09-17T18:17:38,ODONTOLOGIA - DENTÍSTICA,SEM_VAGA,0
2026-09-17T18:17:45,ODONTOLOGIA - PERIODONTIA,VAGA_ENCONTRADA,
2026-09-17T18:17:54,OFTALMOLOGIA,SEM_VAGA,0
2026-09-17T18:17:59,ORTOPEDIA,SEM_VAGA,0
2026-09-17T18:18:02,OTORRINOLARINGOLOGIA,SEM_VAGA,0
2026-09-17T18:18:07,PROCTOLOGIA,SEM_VAGA,0
2026-09-17T18:23:22,ACUPUNTURA,SEM_VAGA,0
2026-09-17T18:23:26,CIRURGIA PLÁSTICA,SEM_VAGA,0
2026-09-17T18:23:29,CLÍNICA MÉDICA,SEM_VAGA,0
2026-09-17T18:23:32,DERMATOLOGIA,SEM_VAGA,0
2026-09-17T18:23:36,FISIOTERAPIA COLUNA LOMBAR,SEM_VAGA,0
2026-09-17T18:23:39,FISIOTERAPIA MEMBROS INFERIORES,SEM_VAGA,0
2026-09-17T18:23:42,FISIOTERAPIA MEMBROS INFERIORES,SEM_VAGA,0
2026-09-17T18:23:52,GINECOLOGIA-OBSTETRÍCIA,SEM_VAGA,0
2026-09-17T18:23:55,NUTRIÇÃO - DIETÉTICA,SEM_VAGA,0
2026-09-17T18:23:59,ODONTOLOGIA - DENTÍSTICA,SEM_VAGA,0
2026-09-17T18:24:06,ODONTOLOGIA - PERIODONTIA,VAGA_ENCONTRADA,
2026-09-17T18:24:13,OFTALMOLOGIA,SEM_VAGA,0
2026-09-17T18:24:16,ORTOPEDIA,SEM_VAGA,0
2026-09-17T18:24:19,OTORRINOLARINGOLOGIA,SEM_VAGA,0
2026-09-17T18:24:22,PROCTOLOGIA,SEM_VAGA,0
2026-09-17T18:29:38,ACUPUNTURA,SEM_VAGA,0
2026-09-17T18:29:41,CIRURGIA PLÁSTICA,SEM_VAGA,0
2026-09-17T18:29:48,CLÍNICA MÉDICA,VAGA_ENCONTRADA,
2026-09-17T18:29:54,DERMATOLOGIA,SEM_VAGA,0
2026-09-17T18:29:57,FISIOTERAPIA COLUNA LOMBAR,SEM_VAGA,0
2026-09-17T18:30:00,FISIOTERAPIA MEMBROS INFERIORES,SEM_VAGA,0
2026-09-17T18:30:04,FISIOTERAPIA MEMBROS INFERIORES,SEM_VAGA,0
2026-09-17T18:30:14,GINECOLOGIA-OBSTETRÍCIA,SEM_VAGA,0
2026-09-17T18:30:17,NUTRIÇÃO - DIETÉTICA,SEM_VAGA,0
2026-09-17T18:30:20,ODONTOLOGIA - DENTÍSTICA,SEM_VAGA,0
2026-09-17T18:30:27,ODONTOLOGIA - PERIODONTIA,VAGA_ENCONTRADA,
2026-09-17T18:30:34,OFTALMOLOGIA,SEM_VAGA,0
2026-09-17T18:30:38,ORTOPEDIA,SEM_VAGA,0
2026-09-17T18:30:41,OTORRINOLARINGOLOGIA,SEM_VAGA,0
2026-09-17T18:30:44,PROCTOLOGIA,SEM_VAGA,0
2026-09-17T18:36:02,ACUPUNTURA,SEM_VAGA,0
2026-09-17T18:36:06,CIRURGIA PLÁSTICA,SEM_VAGA,0
2026-09-17T18:36:14,CLÍNICA MÉDICA,VAGA_ENCONTRADA,
2026-09-17T18:36:21,DERMATOLOGIA,SEM_VAGA,0
2026-09-17T18:36:25,FISIOTERAPIA COLUNA LOMBAR,SEM_VAGA,0
2026-09-17T18:36:29,FISIOTERAPIA MEMBROS INFERIORES,SEM_VAGA,0
2026-09-17T18:36:33,FISIOTERAPIA MEMBROS INFERIORES,SEM_VAGA,0
2026-09-17T18:36:43,GINECOLOGIA-OBSTETRÍCIA,SEM_VAGA,0
2026-09-17T18:36:46,NUTRIÇÃO - DIETÉTICA,SEM_VAGA,0
2026-09-17T18:36:50,ODONTOLOGIA - DENTÍSTICA,SEM_VAGA,0
2026-09-17T18:36:57,ODONTOLOGIA - PERIODONTIA,VAGA_ENCONTRADA,
2026-09-17T18:37:05,OFTALMOLOGIA,SEM_VAGA,0
2026-09-17T18:37:09,ORTOPEDIA,SEM_VAGA,0
2026-09-17T18:37:12,OTORRINOLARINGOLOGIA,SEM_VAGA,0
2026-09-17T18:37:17,PROCTOLOGIA,SEM_VAGA,0
2026-09-17T18:42:32,ACUPUNTURA,SEM_VAGA,0
2026-09-17T18:42:36,CIRURGIA PLÁSTICA,SEM_VAGA,0
2026-09-17T18:42:39,CLÍNICA MÉDICA,SEM_VAGA,0
2026-09-17T18:42:42,DERMATOLOGIA,SEM_VAGA,0
2026-09-17T18:42:45,FISIOTERAPIA COLUNA LOMBAR,SEM_VAGA,0
2026-09-17T18:42:49,FISIOTERAPIA MEMBROS INFERIORES,SEM_VAGA,0
2026-09-17T18:42:52,FISIOTERAPIA MEMBROS INFERIORES,SEM_VAGA,0
2026-09-17T18:43:02,GINECOLOGIA-OBSTETRÍCIA,SEM_VAGA,0
2026-09-17T18:43:05,NUTRIÇÃO - DIETÉTICA,SEM_VAGA,0
2026-09-17T18:43:09,ODONTOLOGIA - DENTÍSTICA,SEM_VAGA,0
2026-09-17T18:43:17,ODONTOLOGIA - PERIODONTIA,VAGA_ENCONTRADA,
2026-09-17T18:43:24,OFTALMOLOGIA,SEM_VAGA,0
2026-09-17T18:43:27,ORTOPEDIA,SEM_VAGA,0
2026-09-17T18:43:30,OTORRINOLARINGOLOGIA,SEM_VAGA,0
2026-09-17T18:43:33,PROCTOLOGIA,SEM_VAGA,0
2026-09-17T18:48:49,ACUPUNTURA,SEM_VAGA,0
2026-09-17T18:48:52,CIRURGIA PLÁSTICA,SEM_VAGA,0
2026-09-17T18:48:55,CLÍNICA MÉDICA,SEM_VAGA,0
2026-09-17T18:48:59,DERMATOLOGIA,SEM_VAGA,0
2026-09-17T18:49:02,FISIOTERAPIA COLUNA LOMBAR,SEM_VAGA,0
2026-09-17T18:49:05,FISIOTERAPIA MEMBROS INFERIORES,SEM_VAGA,0
2026-09-17T18:49:09,FISIOTERAPIA MEMBROS INFERIORES,SEM_VAGA,0
2026-09-17T18:49:19,GINECOLOGIA-OBSTETRÍCIA,SEM_VAGA,0
2026-09-17T18:49:22,NUTRIÇÃO - DIETÉTICA,SEM_VAGA,0
2026-09-17T18:49:26,ODONTOLOGIA - DENTÍSTICA,SEM_VAGA,0
2026-09-17T18:49:34,ODONTOLOGIA - PERIODONTIA,VAGA_ENCONTRADA,
2026-09-17T18:49:43,OFTALMOLOGIA,SEM_VAGA,0
2026-09-17T18:49:48,ORTOPEDIA,SEM_VAGA,0
2026-09-17T18:49:53,OTORRINOLARINGOLOGIA,SEM_VAGA,0
2026-09-17T18:49:58,PROCTOLOGIA,SEM_VAGA,0
2026-09-17T18:55:14,ACUPUNTURA,SEM_VAGA,0
2026-09-17T18:55:18,CIRURGIA PLÁSTICA,SEM_VAGA,0
2026-09-17T18:55:22,CLÍNICA MÉDICA,SEM_VAGA,0
2026-09-17T18:55:26,DERMATOLOGIA,SEM_VAGA,0
2026-09-17T18:55:29,FISIOTERAPIA COLUNA LOMBAR,SEM_VAGA,0
2026-09-17T18:55:32,FISIOTERAPIA MEMBROS INFERIORES,SEM_VAGA,0
2026-09-17T18:55:36,FISIOTERAPIA MEMBROS INFERIORES,SEM_VAGA,0
2026-09-17T18:55:46,GINECOLOGIA-OBSTETRÍCIA,SEM_VAGA,0
2026-09-17T18:55:49,NUTRIÇÃO - DIETÉTICA,SEM_VAGA,0
2026-09-17T18:55:52,ODONTOLOGIA - DENTÍSTICA,SEM_VAGA,0
2026-09-17T18:56:00,ODONTOLOGIA - PERIODONTIA,VAGA_ENCONTRADA,
2026-09-17T18:56:07,OFTALMOLOGIA,SEM_VAGA,0
2026-09-17T18:56:10,ORTOPEDIA,SEM_VAGA,0
2026-09-17T18:56:14,OTORRINOLARINGOLOGIA,SEM_VAGA,0
2026-09-17T18:56:17,PROCTOLOGIA,SEM_VAGA,0
2026-09-17T19:01:32,ACUPUNTURA,SEM_VAGA,0
2026-09-17T19:01:35,CIRURGIA PLÁSTICA,SEM_VAGA,0
2026-09-17T19:01:38,CLÍNICA MÉDICA,SEM_VAGA,0
2026-09-17T19:01:41,DERMATOLOGIA,SEM_VAGA,0
2026-09-17T19:01:44,FISIOTERAPIA COLUNA LOMBAR,SEM_VAGA,0
2026-09-17T19:01:48,FISIOTERAPIA MEMBROS INFERIORES,SEM_VAGA,0
2026-09-17T19:01:51,FISIOTERAPIA MEMBROS INFERIORES,SEM_VAGA,0
2026-09-17T19:02:01,GINECOLOGIA-OBSTETRÍCIA,SEM_VAGA,0
2026-09-17T19:02:05,NUTRIÇÃO - DIETÉTICA,SEM_VAGA,0
2026-09-17T19:02:08,ODONTOLOGIA - DENTÍSTICA,SEM_VAGA,0
2026-09-17T19:02:15,ODONTOLOGIA - PERIODONTIA,VAGA_ENCONTRADA,
2026-09-17T19:02:22,OFTALMOLOGIA,SEM_VAGA,0
2026-09-17T19:02:25,ORTOPEDIA,SEM_VAGA,0
2026-09-17T19:02:28,OTORRINOLARINGOLOGIA,SEM_VAGA,0
2026-09-17T19:02:32,PROCTOLOGIA,SEM_VAGA,0
2026-09-17T19:07:47,ACUPUNTURA,SEM_VAGA,0
2026-09-17T19:07:50,CIRURGIA PLÁSTICA,SEM_VAGA,0
2026-09-17T19:07:53,CLÍNICA MÉDICA,SEM_VAGA,0
2026-09-17T19:07:57,DERMATOLOGIA,SEM_VAGA,0
2026-09-17T19:08:00,FISIOTERAPIA COLUNA LOMBAR,SEM_VAGA,0
2026-09-17T19:08:03,FISIOTERAPIA MEMBROS INFERIORES,SEM_VAGA,0
2026-09-17T19:08:07,FISIOTERAPIA MEMBROS INFERIORES,SEM_VAGA,0
2026-09-17T19:08:17,GINECOLOGIA-OBSTETRÍCIA,SEM_VAGA,0
2026-09-17T19:08:20,NUTRIÇÃO - DIETÉTICA,SEM_VAGA,0
2026-09-17T19:08:23,ODONTOLOGIA - DENTÍSTICA,SEM_VAGA,0
2026-09-17T19:08:30,ODONTOLOGIA - PERIODONTIA,VAGA_ENCONTRADA,
2026-09-17T19:08:37,OFTALMOLOGIA,SEM_VAGA,0
2026-09-17T19:08:41,ORTOPEDIA,SEM_VAGA,0
2026-09-17T19:08:44,OTORRINOLARINGOLOGIA,SEM_VAGA,0
2026-09-17T19:08:47,PROCTOLOGIA,SEM_VAGA,0
2026-09-17T19:14:02,ACUPUNTURA,SEM_VAGA,0
2026-09-17T19:14:05,CIRURGIA PLÁSTICA,SEM_VAGA,0
2026-09-17T19:14:08,CLÍNICA MÉDICA,SEM_VAGA,0
2026-09-17T19:14:11,DERMATOLOGIA,SEM_VAGA,0
2026-09-17T19:14:14,FISIOTERAPIA COLUNA LOMBAR,SEM_VAGA,0
2026-09-17T19:14:17,FISIOTERAPIA MEMBROS INFERIORES,SEM_VAGA,0
2026-09-17T19:14:21,FISIOTERAPIA MEMBROS INFERIORES,SEM_VAGA,0
2026-09-17T19:14:31,GINECOLOGIA-OBSTETRÍCIA,SEM_VAGA,0
2026-09-17T19:14:34,NUTRIÇÃO - DIETÉTICA,SEM_VAGA,0
2026-09-17T19:14:38,ODONTOLOGIA - DENTÍSTICA,SEM_VAGA,0
2026-09-17T19:14:45,ODONTOLOGIA - PERIODONTIA,VAGA_ENCONTRADA,
2026-09-17T19:14:52,OFTALMOLOGIA,SEM_VAGA,0
2026-09-17T19:14:55,ORTOPEDIA,SEM_VAGA,0
2026-09-17T19:15:00,OTORRINOLARINGOLOGIA,SEM_VAGA,0
2026-09-17T19:15:06,PROCTOLOGIA,SEM_VAGA,0
2026-09-17T19:20:21,ACUPUNTURA,SEM_VAGA,0
2026-09-17T19:20:24,CIRURGIA PLÁSTICA,SEM_VAGA,0
2026-09-17T19:20:28,CLÍNICA MÉDICA,SEM_VAGA,0
2026-09-17T19:20:31,DERMATOLOGIA,SEM_VAGA,0
2026-09-17T19:20:34,FISIOTERAPIA COLUNA LOMBAR,SEM_VAGA,0
2026-09-17T19:20:37,FISIOTERAPIA MEMBROS INFERIORES,SEM_VAGA,0
2026-09-17T19:20:41,FISIOTERAPIA MEMBROS INFERIORES,SEM_VAGA,0
2026-09-17T19:20:51,GINECOLOGIA-OBSTETRÍCIA,SEM_VAGA,0
2026-09-17T19:20:54,NUTRIÇÃO - DIETÉTICA,SEM_VAGA,0
2026-09-17T19:20:57,ODONTOLOGIA - DENTÍSTICA,SEM_VAGA,0
2026-09-17T19:21:04,ODONTOLOGIA - PERIODONTIA,VAGA_ENCONTRADA,
2026-09-17T19:21:11,OFTALMOLOGIA,SEM_VAGA,0
2026-09-17T19:21:14,ORTOPEDIA,SEM_VAGA,0
2026-09-17T19:21:17,OTORRINOLARINGOLOGIA,SEM_VAGA,0
2026-09-17T19:21:21,PROCTOLOGIA,SEM_VAGA,0
2026-09-17T19:26:36,ACUPUNTURA,SEM_VAGA,0
2026-09-17T19:26:39,CIRURGIA PLÁSTICA,SEM_VAGA,0
2026-09-17T19:26:42,CLÍNICA MÉDICA,SEM_VAGA,0
2026-09-17T19:26:45,DERMATOLOGIA,SEM_VAGA,0
2026-09-17T19:26:49,FISIOTERAPIA COLUNA LOMBAR,SEM_VAGA,0
2026-09-17T19:26:52,FISIOTERAPIA MEMBROS INFERIORES,SEM_VAGA,0
2026-09-17T19:26:55,FISIOTERAPIA MEMBROS INFERIORES,SEM_VAGA,0
2026-09-17T19:27:06,GINECOLOGIA-OBSTETRÍCIA,SEM_VAGA,0
2026-09-17T19:27:10,NUTRIÇÃO - DIETÉTICA,SEM_VAGA,0
2026-09-17T19:27:14,ODONTOLOGIA - DENTÍSTICA,SEM_VAGA,0
2026-09-17T19:27:21,ODONTOLOGIA - PERIODONTIA,VAGA_ENCONTRADA,
2026-09-17T19:27:28,OFTALMOLOGIA,SEM_VAGA,0
2026-09-17T19:27:31,ORTOPEDIA,SEM_VAGA,0
2026-09-17T19:27:34,OTORRINOLARINGOLOGIA,SEM_VAGA,0
2026-09-17T19:27:37,PROCTOLOGIA,SEM_VAGA,0
2026-09-17T19:32:52,ACUPUNTURA,SEM_VAGA,0
